"game_id","game_date","team_slug","opponent_slug","location","wl","pts","plus_minus","ortg","drtg","netrtg","city_team","game_lat","game_lon","game_tz","prev_date","rest_hours","prev_lat","prev_lon","miles_leg","miles_7d","prev_tz","tz_crossed","tz_direction","f_rest","f_miles","f_tz","fatigue_index","baseline_netrtg","netrtg_vs_baseline","season_label"
22300063,"2023-10-25","ATL","CHA","A","L",110,-6,102.3,111.1,-8.8,"CHA",35.2251,-80.8392,-5,NA,NA,NA,NA,0,NA,NA,0,0,0,0,0,0,-2.55121951219512,-6.24878048780488,"2023-24"
22300079,"2023-10-27","ATL","ATLNYK","H","L",120,-6,114.1,118.5,-4.4,"ATL",33.7573,-84.3963,-5,2023-10-25,48,35.2251,-80.8392,226.769983569395,NA,-5,0,0,0.5,0,0,16.6666666666667,-2.55121951219512,-1.84878048780488,"2023-24"
22300097,"2023-10-29","ATL","MIL","A","W",127,17,119,104,15.1,"MIL",43.045,-87.917,-6,2023-10-27,48,33.7573,-84.3963,670.011978074067,NA,-5,1,-1,0.5,0,0.285714285714286,26.1904761904762,-2.55121951219512,17.6512195121951,"2023-24"
22300104,"2023-10-30","ATL","ATLMIN","H","W",127,14,125.8,112.3,13.5,"ATL",33.7573,-84.3963,-5,2023-10-29,24,43.045,-87.917,670.011978074067,NA,-6,1,1,1,0,0.428571428571429,47.6190476190476,-2.55121951219512,16.0512195121951,"2023-24"
22300117,"2023-11-01","ATL","ATLWAS","H","W",130,9,115,107.9,7.1,"ATL",33.7573,-84.3963,-5,2023-10-30,48,33.7573,-84.3963,0,NA,-5,0,0,0.5,0,0,16.6666666666667,-2.55121951219512,9.65121951219512,"2023-24"
22300135,"2023-11-04","ATL","NOP","A","W",123,18,126.1,110.2,15.8,"NOP",29.949,-90.0822,-6,2023-11-01,72,33.7573,-84.3963,425.299982894986,NA,-5,1,-1,0,0,0.285714285714286,9.52380952380952,-2.55121951219512,18.3512195121951,"2023-24"
22300155,"2023-11-06","ATL","OKC","A","L",117,-9,110.3,118.7,-8.4,"OKC",35.4634,-97.5151,-6,2023-11-04,48,29.949,-90.0822,576.417654431289,2568.5115770438,-6,0,0,0.5,0.872067433670459,0,45.7355811223486,-2.55121951219512,-5.84878048780488,"2023-24"
22300172,"2023-11-09","ATL","ORL","A","W",120,1,110.9,111.8,-0.9,"ORL",28.5392,-81.3839,-5,2023-11-06,72,35.4634,-97.5151,1058.64956266465,3627.16113970845,-6,1,1,0,0.910387906391418,0.428571428571429,44.6319778320949,-2.55121951219512,1.65121951219512,"2023-24"
22300175,"2023-11-11","ATL","ATLMIA","H","L",109,-8,106.9,113.6,-6.6,"ATL",33.7573,-84.3963,-5,2023-11-09,48,28.5392,-81.3839,402.531616952204,3802.92277309126,-5,0,0,0.5,0.915642310683073,0,47.1880770227691,-2.55121951219512,-4.04878048780488,"2023-24"
22300018,"2023-11-14","ATL","DET","A","W",126,6,123,116.4,6.6,"DET",42.341,-83.0552,-5,2023-11-11,72,33.7573,-84.3963,598.19545792099,3731.10625293819,-5,0,0,0,0.913525295514409,0,30.4508431838136,-2.55121951219512,9.15121951219512,"2023-24"
22300193,"2023-11-15","ATL","ATLNYK","H","L",114,-2,119.4,113.9,5.5,"ATL",33.7573,-84.3963,-5,2023-11-14,24,42.341,-83.0552,598.19545792099,3659.28973278511,-5,0,0,1,0.911367144524954,0,63.7122381508318,-2.55121951219512,8.05121951219512,"2023-24"
22300029,"2023-11-17","ATL","ATLPHI","H","L",116,-10,114.6,120.8,-6.2,"ATL",33.7573,-84.3963,-5,2023-11-15,48,33.7573,-84.3963,0,3659.28973278511,-5,0,0,0.5,0.911367144524954,0,47.0455714841651,-2.55121951219512,-3.64878048780488,"2023-24"
22300039,"2023-11-21","ATL","ATLIND","H","L",152,-5,137.8,138.5,-0.8,"ATL",33.7573,-84.3963,-5,2023-11-17,96,33.7573,-84.3963,0,3233.98974989012,-5,0,0,0,0.897648090293367,0,29.9216030097789,-2.55121951219512,1.75121951219512,"2023-24"
22300227,"2023-11-22","ATL","ATLBKN","H","W",147,2,121.7,123.3,-1.6,"ATL",33.7573,-84.3963,-5,2023-11-21,24,33.7573,-84.3963,0,2657.57209545883,-5,0,0,1,0.87585197917262,0,62.528399305754,-2.55121951219512,0.951219512195122,"2023-24"
22300241,"2023-11-25","ATL","WAS","A","W",136,28,131,102.6,28.4,"WAS",38.8981,-77.021,-5,2023-11-22,72,33.7573,-84.3963,543.130987927522,2142.05352072171,-5,0,0,0,0.851909885124387,0,28.3969961708129,-2.55121951219512,30.9512195121951,"2023-24"
22300246,"2023-11-26","ATL","BOS","A","L",103,-10,101.6,114.4,-12.8,"BOS",42.3662,-71.0621,-5,2023-11-25,24,38.8981,-77.021,394.034709905986,2133.55661367549,-5,0,0,1,0.851468630504414,0,61.7156210168138,-2.55121951219512,-10.2487804878049,"2023-24"
22300055,"2023-11-28","ATL","CLE","A","L",105,-23,96.7,121.4,-24.6,"CLE",41.4965,-81.6882,-5,2023-11-26,48,42.3662,-71.0621,549.745779182527,2085.10693493703,-5,0,0,0.5,0.848918524275474,0,44.9639508091825,-2.55121951219512,-22.0487804878049,"2023-24"
22300272,"2023-11-30","ATL","SAS","A","W",137,2,123.7,123.7,0,"SAS",29.427,-98.4375,-6,2023-11-28,48,41.4965,-81.6882,1255.78412188307,2742.69559889911,-5,1,-1,0.5,0.879352545916756,0.285714285714286,55.5022277210347,-2.55121951219512,2.55121951219512,"2023-24"
22300286,"2023-12-02","ATL","MIL","A","L",121,-11,113.9,127.4,-13.5,"MIL",43.045,-87.917,-6,2023-11-30,48,29.427,-98.4375,1107.81082097399,3850.50641987309,-6,0,0,0.5,0.917023085314384,0,47.2341028438128,-2.55121951219512,-10.9487804878049,"2023-24"
22301209,"2023-12-06","ATL","ATLBKN","H","L",113,-1,108.7,109,-0.3,"ATL",33.7573,-84.3963,-5,2023-12-02,96,43.045,-87.917,670.011978074067,4520.51839794716,-6,1,1,0,0.934836975178072,0.428571428571429,45.44694679165,-2.55121951219512,2.25121951219512,"2023-24"
22301218,"2023-12-08","ATL","PHI","A","L",114,-11,109.4,124.7,-15.3,"PHI",39.9012,-75.172,-5,2023-12-06,48,33.7573,-84.3963,663.748614483062,5184.26701243022,-5,0,0,0.5,0.950050697786879,0,48.3350232595626,-2.55121951219512,-12.7487804878049,"2023-24"
22300296,"2023-12-11","ATL","ATLDEN","H","L",122,-7,120.9,125.5,-4.6,"ATL",33.7573,-84.3963,-5,2023-12-08,72,39.9012,-75.172,663.748614483062,5304.88463898576,-5,0,0,0,0.952604785319804,0,31.7534928439935,-2.55121951219512,-2.04878048780488,"2023-24"
22300313,"2023-12-13","ATL","TOR","A","L",128,-7,125,130.4,-5.3,"TOR",43.6435,-79.379,-5,2023-12-11,48,33.7573,-84.3963,735.146378587531,5645.99630766731,-5,0,0,0.5,0.959525289024416,0,48.6508429674805,-2.55121951219512,-2.74878048780488,"2023-24"
22300330,"2023-12-15","ATL","TOR","A","W",125,21,123,105.1,17.9,"TOR",43.6435,-79.379,-5,2023-12-13,48,43.6435,-79.379,0,5096.25052848478,-5,0,0,0.5,0.948149163367487,0,48.2716387789162,-2.55121951219512,20.4512195121951,"2023-24"
22300336,"2023-12-16","ATL","CLE","A","L",119,-8,117.8,126.2,-8.4,"CLE",41.4965,-81.6882,-5,2023-12-15,24,43.6435,-79.379,189.436357987111,4029.90276458882,-5,0,0,1,0.922079685806822,0,64.0693228602274,-2.55121951219512,-5.84878048780488,"2023-24"
22300352,"2023-12-18","ATL","ATLDET","H","W",130,6,125.1,116,9.1,"ATL",33.7573,-84.3963,-5,2023-12-16,48,41.4965,-81.6882,555.419822943867,3477.5117665587,-5,0,0,0.5,0.905709458394892,0,46.8569819464964,-2.55121951219512,11.6512195121951,"2023-24"
22300371,"2023-12-20","ATL","HOU","A","W",134,7,129.7,126.8,2.8,"HOU",29.7508,-95.3621,-6,2023-12-18,48,33.7573,-84.3963,701.483997318208,3508.98378580284,-5,1,-1,0.5,0.906709856540652,0.285714285714286,56.4141380751646,-2.55121951219512,5.35121951219512,"2023-24"
22300384,"2023-12-22","ATL","MIA","A","L",113,-9,108.5,117.1,-8.6,"MIA",25.7814,-80.187,-5,2023-12-20,48,29.7508,-95.3621,967.649903474838,3812.88507479462,-6,1,1,0.5,0.915932819254615,0.428571428571429,61.4834749275348,-2.55121951219512,-6.04878048780488,"2023-24"
22300393,"2023-12-23","ATL","ATLMEM","H","L",119,-6,115.8,120.6,-4.8,"ATL",33.7573,-84.3963,-5,2023-12-22,24,25.7814,-80.187,606.660771618492,3755.79723193005,-5,0,0,1,0.914257699463223,0,63.8085899821074,-2.55121951219512,-2.24878048780488,"2023-24"
22300408,"2023-12-26","ATL","CHI","A","L",113,-5,110.5,120.9,-10.3,"CHI",41.8807,-87.6742,-6,2023-12-23,72,33.7573,-84.3963,589.627717454543,3610.27857079706,-5,1,-1,0,0.909869866277969,0.285714285714286,39.8528050664085,-2.55121951219512,-7.74878048780488,"2023-24"
22300431,"2023-12-29","ATL","ATLSAC","H","L",110,-7,107.8,114,-6.2,"ATL",33.7573,-84.3963,-5,2023-12-26,72,41.8807,-87.6742,589.627717454543,4199.9062882516,-6,1,1,0,0.926668002826062,0.428571428571429,45.1746477132497,-2.55121951219512,-3.64878048780488,"2023-24"
22300445,"2023-12-31","ATL","WAS","A","W",130,4,116.8,114.3,2.5,"WAS",38.8981,-77.021,-5,2023-12-29,48,33.7573,-84.3963,543.130987927522,4553.60091819201,-5,0,0,0.5,0.935646684875994,0,47.8548894958665,-2.55121951219512,5.05121951219512,"2023-24"
22300467,"2024-01-03","ATL","ATLOKC","H","W",141,3,131.1,129.7,1.5,"ATL",33.7573,-84.3963,-5,2023-12-31,72,38.8981,-77.021,543.130987927522,4541.31208317567,-5,0,0,0,0.935346598717779,0,31.1782199572593,-2.55121951219512,4.05121951219512,"2023-24"
22300480,"2024-01-05","ATL","IND","A","L",116,-34,109.2,139.2,-30,"IND",39.7639,-86.1555,-5,2024-01-03,48,33.7573,-84.3963,426.738163666341,4266.5662495238,-5,0,0,0.5,0.928416633009971,0,47.613887766999,-2.55121951219512,-27.4487804878049,"2023-24"
22300499,"2024-01-07","ATL","ORL","A","L",110,-7,101.1,108.7,-7.5,"ORL",28.5392,-81.3839,-5,2024-01-05,48,39.7639,-86.1555,822.711579822832,4121.6279258718,-5,0,0,0.5,0.924578823143872,0,47.4859607714624,-2.55121951219512,-4.94878048780488,"2023-24"
22300521,"2024-01-10","ATL","ATLPHI","H","W",139,7,118.3,115.3,3.1,"ATL",33.7573,-84.3963,-5,2024-01-07,72,28.5392,-81.3839,402.531616952204,3917.49877120551,-5,0,0,0,0.91893841571133,0,30.631280523711,-2.55121951219512,5.65121951219512,"2023-24"
22300533,"2024-01-12","ATL","ATLIND","H","L",108,-18,105.8,124.4,-18.6,"ATL",33.7573,-84.3963,-5,2024-01-10,48,33.7573,-84.3963,0,3327.87105375096,-5,0,0,0.5,0.900825537870548,0,46.6941845956849,-2.55121951219512,-16.0487804878049,"2023-24"
22300543,"2024-01-13","ATL","ATLWAS","H","L",99,-28,92.1,117.1,-25,"ATL",33.7573,-84.3963,-5,2024-01-12,24,33.7573,-84.3963,0,2738.24333629642,-5,0,0,1,0.879172162551294,0,62.6390720850431,-2.55121951219512,-22.4487804878049,"2023-24"
22300559,"2024-01-15","ATL","ATLSAS","H","W",109,10,99.8,88.8,11,"ATL",33.7573,-84.3963,-5,2024-01-13,48,33.7573,-84.3963,0,2195.1123483689,-5,0,0,0.5,0.854626337353278,0,45.1542112451093,-2.55121951219512,13.5512195121951,"2023-24"
22300570,"2024-01-17","ATL","ATLORL","H","W",106,2,107.4,109.8,-2.4,"ATL",33.7573,-84.3963,-5,2024-01-15,48,33.7573,-84.3963,0,1651.98136044138,-5,0,0,0.5,0.823070282036364,0,44.1023427345455,-2.55121951219512,0.151219512195122,"2023-24"
22300587,"2024-01-19","ATL","MIA","A","W",109,1,108.5,111.7,-3.2,"MIA",25.7814,-80.187,-5,2024-01-17,48,33.7573,-84.3963,606.660771618492,1831.90396839353,-5,0,0,0.5,0.834546209047047,0,44.4848736349016,-2.55121951219512,-0.648780487804878,"2023-24"
22300595,"2024-01-20","ATL","ATLCLE","H","L",95,-21,95.4,113.7,-18.3,"ATL",33.7573,-84.3963,-5,2024-01-19,24,25.7814,-80.187,606.660771618492,1615.85316018919,-5,0,0,1,0.820615758201118,0,60.6871919400373,-2.55121951219512,-15.7487804878049,"2023-24"
22300613,"2024-01-22","ATL","SAC","A","L",107,-15,103,117.4,-14.4,"SAC",38.5805,-121.4993,-8,2024-01-20,48,33.7573,-84.3963,2084.17410238826,3297.49564562525,-5,3,-1,0.5,0.899807384533971,0.857142857142857,75.2316747225609,-2.55121951219512,-11.8487804878049,"2023-24"
22300626,"2024-01-24","ATL","GSW","A","L",112,-22,108.3,134.4,-26.2,"GSW",37.768,-122.3877,-8,2024-01-22,48,38.5805,-121.4993,74.1095928928695,3371.60523851812,-8,0,0,0.5,0.902275263252189,0,46.742508775073,-2.55121951219512,-23.6487804878049,"2023-24"
22300634,"2024-01-26","ATL","ATLDAL","H","L",143,-5,135.9,139.5,-3.6,"ATL",33.7573,-84.3963,-5,2024-01-24,48,37.768,-122.3877,2135.65457907416,5507.25981759228,-8,3,1,0.5,0.956762405497288,1,81.8920801832429,-2.55121951219512,-1.04878048780488,"2023-24"
22300653,"2024-01-28","ATL","ATLTOR","H","W",126,1,118.2,122.5,-4.3,"ATL",33.7573,-84.3963,-5,2024-01-26,48,33.7573,-84.3963,0,5507.25981759228,-5,0,0,0.5,0.956762405497288,0,48.5587468499096,-2.55121951219512,-1.74878048780488,"2023-24"
22300669,"2024-01-30","ATL","ATLLAL","H","W",138,16,126.7,113,13.7,"ATL",33.7573,-84.3963,-5,2024-01-28,48,33.7573,-84.3963,0,5507.25981759228,-5,0,0,0.5,0.956762405497288,0,48.5587468499096,-2.55121951219512,16.2512195121951,"2023-24"
22300690,"2024-02-02","ATL","ATLPHX","H","W",129,9,127.8,116.3,11.5,"ATL",33.7573,-84.3963,-5,2024-01-30,72,33.7573,-84.3963,0,4900.59904597378,-5,0,0,0,0.943801883773809,0,31.4600627924603,-2.55121951219512,14.0512195121951,"2023-24"
22300699,"2024-02-03","ATL","ATLGSW","H","W",141,7,121.9,110.9,11,"ATL",33.7573,-84.3963,-5,2024-02-02,24,33.7573,-84.3963,0,4293.93827435529,-5,0,0,1,0.929126760978644,0,64.3042253659548,-2.55121951219512,13.5512195121951,"2023-24"
22300716,"2024-02-05","ATL","ATLLAC","H","L",144,-5,137.3,145.2,-7.9,"ATL",33.7573,-84.3963,-5,2024-02-03,48,33.7573,-84.3963,0,2209.76417196703,-5,0,0,0.5,0.855364906951531,0,45.1788302317177,-2.55121951219512,-5.34878048780488,"2023-24"
22300729,"2024-02-07","ATL","BOS","A","L",117,-8,109.6,118.1,-8.6,"BOS",42.3662,-71.0621,-5,2024-02-05,48,33.7573,-84.3963,937.145034673311,3072.79961374747,-5,0,0,0.5,0.891971128231245,0,46.3990376077082,-2.55121951219512,-6.04878048780488,"2023-24"
22300742,"2024-02-09","ATL","PHI","A","W",127,6,127.6,117.8,9.9,"PHI",39.9012,-75.172,-5,2024-02-07,48,42.3662,-71.0621,273.654490118229,1210.79952479154,-5,0,0,0.5,0.788585746863134,0,42.9528582287711,-2.55121951219512,12.4512195121951,"2023-24"
22300754,"2024-02-10","ATL","ATLHOU","H","W",122,9,114.8,103.3,11.5,"ATL",33.7573,-84.3963,-5,2024-02-09,24,39.9012,-75.172,663.748614483062,1874.5481392746,-5,0,0,1,0.837100763537129,0,61.2366921179043,-2.55121951219512,14.0512195121951,"2023-24"
22300763,"2024-02-12","ATL","ATLCHI","H","L",126,-10,121.4,131.1,-9.6,"ATL",33.7573,-84.3963,-5,2024-02-10,48,33.7573,-84.3963,0,1874.5481392746,-5,0,0,0.5,0.837100763537129,0,44.5700254512376,-2.55121951219512,-7.04878048780488,"2023-24"
22300777,"2024-02-14","ATL","CHA","A","L",99,-23,100.2,123.5,-23.3,"CHA",35.2251,-80.8392,-5,2024-02-12,48,33.7573,-84.3963,226.769983569395,2101.318122844,-5,0,0,0.5,0.849778320010418,0,44.9926106670139,-2.55121951219512,-20.7487804878049,"2023-24"
22300804,"2024-02-23","ATL","ATLTOR","H","L",121,-2,114.6,115.5,-0.8,"ATL",33.7573,-84.3963,-5,2024-02-14,216,35.2251,-80.8392,226.769983569395,2328.08810641339,-5,0,0,0,0.861155969762301,0,28.7051989920767,-2.55121951219512,1.75121951219512,"2023-24"
22300821,"2024-02-25","ATL","ATLORL","H","W",109,17,110.7,94,16.7,"ATL",33.7573,-84.3963,-5,2024-02-23,48,33.7573,-84.3963,0,2328.08810641339,-5,0,0,0.5,0.861155969762301,0,45.3718656587434,-2.55121951219512,19.2512195121951,"2023-24"
22300835,"2024-02-27","ATL","ATLUTA","H","W",124,27,116.8,89.5,27.3,"ATL",33.7573,-84.3963,-5,2024-02-25,48,33.7573,-84.3963,0,1390.94307174008,-5,0,0,0.5,0.803979484633361,0,43.465982821112,-2.55121951219512,29.8512195121951,"2023-24"
22300851,"2024-02-29","ATL","BKN","A","L",97,-27,95.8,126.9,-31.1,"BKN",40.6826,-73.9754,-5,2024-02-27,48,33.7573,-84.3963,746.673658696373,1863.96224031823,-5,0,0,0.5,0.836472087268765,0,44.5490695756255,-2.55121951219512,-28.5487804878049,"2023-24"
22300866,"2024-03-02","ATL","BKN","A","L",102,-12,105,117.9,-12.9,"BKN",40.6826,-73.9754,-5,2024-02-29,48,40.6826,-73.9754,0,1200.21362583516,-5,0,0,0.5,0.78761120641583,0,42.9203735471943,-2.55121951219512,-10.3487804878049,"2023-24"
22300889,"2024-03-05","ATL","NYK","A","W",116,16,115.9,101.2,14.7,"NYK",40.7505,-73.9934,-5,2024-03-02,72,40.6826,-73.9754,4.79057381509804,1205.00419965026,-5,0,0,0,0.788053287310099,0,26.2684429103366,-2.55121951219512,17.2512195121951,"2023-24"
22300895,"2024-03-06","ATL","ATLCLE","H","W",112,11,116.9,99.5,17.4,"ATL",33.7573,-84.3963,-5,2024-03-05,24,40.7505,-73.9934,748.728285350783,1726.96250143165,-5,0,0,1,0.82799764244091,0,60.9332547480303,-2.55121951219512,19.9512195121951,"2023-24"
22300913,"2024-03-08","ATL","MEM","A","W",99,7,104.7,102,2.7,"MEM",35.1382,-90.0505,-6,2024-03-06,48,33.7573,-84.3963,336.31145405421,1836.50397191646,-5,1,-1,0.5,0.834824611516409,0.285714285714286,54.0179632410231,-2.55121951219512,5.25121951219512,"2023-24"
22300925,"2024-03-10","ATL","ATLNOP","H","L",103,-13,107.6,125.2,-17.6,"ATL",33.7573,-84.3963,-5,2024-03-08,48,35.1382,-90.0505,336.31145405421,2172.81542597067,-6,1,1,0.5,0.853492884502128,0.428571428571429,59.4021437691186,-2.55121951219512,-15.0487804878049,"2023-24"
22300953,"2024-03-13","ATL","POR","A","L",102,-4,104.2,107.5,-3.4,"POR",45.5316,-122.6668,-8,2024-03-10,72,33.7573,-84.3963,2170.09380859302,4342.9092345637,-5,3,-1,0,0.930386024116945,0.857142857142857,59.5842960419934,-2.55121951219512,-0.848780487804878,"2023-24"
22300966,"2024-03-15","ATL","UTA","A","L",122,-2,119.7,121.8,-2.1,"UTA",40.7683,-111.9011,-7,2024-03-13,48,45.5316,-122.6668,634.582909588459,4230.81848545578,-8,1,1,0.5,0.927482318739034,0.428571428571429,61.8684582436821,-2.55121951219512,0.451219512195122,"2023-24"
22300982,"2024-03-17","ATL","LAC","A","W",110,17,115.4,100.3,15.2,"LAC",34.043,-118.2673,-8,2024-03-15,48,40.7683,-111.9011,581.662923597926,4812.48140905371,-7,1,-1,0.5,0.941786965769223,0.285714285714286,57.5833750494503,-2.55121951219512,17.7512195121951,"2023-24"
22300990,"2024-03-18","ATL","LAL","A","L",105,-31,103.3,131,-27.7,"LAL",34.043,-118.2673,-8,2024-03-17,24,34.043,-118.2673,0,4807.69083523861,-8,0,0,1,0.941676368737179,0,64.7225456245726,-2.55121951219512,-25.1487804878049,"2023-24"
22301010,"2024-03-21","ATL","PHX","A","L",115,-13,111.9,133.5,-21.6,"PHX",33.4457,-112.0712,-7,2024-03-18,72,34.043,-118.2673,358.712741358694,4417.67529124652,-8,1,1,0,0.932281471888187,0.428571428571429,45.3617633486539,-2.55121951219512,-19.0487804878049,"2023-24"
22301021,"2024-03-23","ATL","ATLCHA","H","W",132,41,140.2,96.6,43.5,"ATL",33.7573,-84.3963,-5,2024-03-21,48,33.4457,-112.0712,1589.7524444402,5671.11628163252,-7,2,1,0.5,0.960018277248236,0.714285714285714,72.4767997177983,-2.55121951219512,46.0512195121951,"2023-24"
22301034,"2024-03-25","ATL","ATLBOS","H","W",120,2,129.8,117.6,12.2,"ATL",33.7573,-84.3963,-5,2024-03-23,48,33.7573,-84.3963,0,5334.80482757831,-5,0,0,0.5,0.953229359341594,0,48.4409786447198,-2.55121951219512,14.7512195121951,"2023-24"
22301051,"2024-03-27","ATL","ATLPOR","H","W",120,14,116.7,103.5,13.2,"ATL",33.7573,-84.3963,-5,2024-03-25,48,33.7573,-84.3963,0,3164.71101898528,-5,0,0,0.5,0.895243625700925,0,46.5081208566975,-2.55121951219512,15.7512195121951,"2023-24"
22301060,"2024-03-28","ATL","ATLBOS","H","W",123,1,120.1,114.8,5.3,"ATL",33.7573,-84.3963,-5,2024-03-27,24,33.7573,-84.3963,0,2530.12810939682,-5,0,0,1,0.870395739658454,0,62.3465246552818,-2.55121951219512,7.85121951219512,"2023-24"
22301076,"2024-03-30","ATL","ATLMIL","H","L",113,-9,110.9,122.7,-11.9,"ATL",33.7573,-84.3963,-5,2024-03-28,48,33.7573,-84.3963,0,1948.4651857989,-5,0,0,0.5,0.841394098274617,0,44.7131366091539,-2.55121951219512,-9.34878048780488,"2023-24"
22301091,"2024-04-01","ATL","CHI","A","W",113,12,116.6,104.6,12,"CHI",41.8807,-87.6742,-6,2024-03-30,48,33.7573,-84.3963,589.627717454543,2538.09290325344,-5,1,-1,0.5,0.870744700771546,0.285714285714286,55.2152995495277,-2.55121951219512,14.5512195121951,"2023-24"
22301104,"2024-04-03","ATL","ATLDET","H","W",121,8,113.5,107.4,6.1,"ATL",33.7573,-84.3963,-5,2024-04-01,48,41.8807,-87.6742,589.627717454543,2769.00787934929,-6,1,1,0.5,0.880412647314052,0.428571428571429,60.2994691961827,-2.55121951219512,8.65121951219512,"2023-24"
22301124,"2024-04-04","ATL","DAL","A","L",95,-14,91.1,104.3,-13.2,"DAL",32.7905,-96.8103,-6,2024-04-03,24,33.7573,-84.3963,720.578383671954,1899.83381858104,-5,1,-1,1,0.838588185633914,0.285714285714286,70.8100823782733,-2.55121951219512,-10.6487804878049,"2023-24"
22301130,"2024-04-06","ATL","DEN","A","L",110,-32,105,133.9,-28.9,"DEN",39.7487,-105.0077,-7,2024-04-04,48,32.7905,-96.8103,663.211405841625,2563.04522442266,-6,1,-1,0.5,0.871830891562319,0.285714285714286,55.2515059092202,-2.55121951219512,-26.3487804878049,"2023-24"
22301147,"2024-04-09","ATL","ATLMIA","H","L",111,-6,93.9,106.1,-12.2,"ATL",33.7573,-84.3963,-5,2024-04-06,72,39.7487,-105.0077,1211.76269094873,3774.80791537139,-7,2,1,0,0.914818337393316,0.714285714285714,54.303468389301,-2.55121951219512,-9.64878048780488,"2023-24"
22301159,"2024-04-10","ATL","ATLCHA","H","L",114,-1,114,117.7,-3.8,"ATL",33.7573,-84.3963,-5,2024-04-09,24,33.7573,-84.3963,0,3774.80791537139,-5,0,0,1,0.914818337393316,0,63.8272779131105,-2.55121951219512,-1.24878048780488,"2023-24"
22301178,"2024-04-12","ATL","MIN","A","L",106,-3,99.1,110.4,-11.3,"MIN",44.9795,-93.276,-6,2024-04-10,48,33.7573,-84.3963,908.665912127366,4683.47382749876,-5,1,-1,0.5,0.938769510421637,0.285714285714286,57.4827932045308,-2.55121951219512,-8.74878048780488,"2023-24"
22301188,"2024-04-14","ATL","IND","A","L",115,-42,105.6,144.8,-39.2,"IND",39.7639,-86.1555,-5,2024-04-12,48,44.9795,-93.276,512.017692233687,4605.8638022779,-6,1,1,0.5,0.936913934575684,0.428571428571429,62.1828454382371,-2.55121951219512,-36.6487804878049,"2023-24"
22300067,"2023-10-25","BKN","BKNCLE","H","L",113,-1,112.5,114.7,-2.2,"BKN",40.6826,-73.9754,-5,NA,NA,NA,NA,0,NA,NA,0,0,0,0,0,0,-2.74512195121951,0.545121951219512,"2023-24"
22300084,"2023-10-27","BKN","DAL","A","L",120,-5,117.2,119.8,-2.6,"DAL",32.7905,-96.8103,-6,2023-10-25,48,40.6826,-73.9754,1373.26391329348,NA,-5,1,-1,0.5,0,0.285714285714286,26.1904761904762,-2.74512195121951,0.145121951219512,"2023-24"
22300101,"2023-10-30","BKN","CHA","A","W",133,12,126.6,113.3,13.3,"CHA",35.2251,-80.8392,-5,2023-10-27,72,32.7905,-96.8103,930.060694095961,NA,-6,1,1,0,0,0.428571428571429,14.2857142857143,-2.74512195121951,16.0451219512195,"2023-24"
22300119,"2023-11-01","BKN","MIA","A","W",109,4,104.4,99.1,5.2,"MIA",25.7814,-80.187,-5,2023-10-30,48,35.2251,-80.8392,654.379273453008,NA,-5,0,0,0.5,0,0,16.6666666666667,-2.74512195121951,7.94512195121951,"2023-24"
22300004,"2023-11-03","BKN","CHI","A","W",109,2,107.7,111.3,-3.6,"CHI",41.8807,-87.6742,-6,2023-11-01,48,25.7814,-80.187,1192.57569343884,NA,-5,1,-1,0.5,0,0.285714285714286,26.1904761904762,-2.74512195121951,-0.854878048780488,"2023-24"
22300136,"2023-11-04","BKN","BKNBOS","H","L",114,-10,110.2,120.5,-10.4,"BKN",40.6826,-73.9754,-5,2023-11-03,24,41.8807,-87.6742,716.095028503436,NA,-6,1,1,1,0,0.428571428571429,47.6190476190476,-2.74512195121951,-7.65487804878049,"2023-24"
22300149,"2023-11-06","BKN","BKNMIL","H","L",125,-4,120.5,123.4,-2.9,"BKN",40.6826,-73.9754,-5,2023-11-04,48,40.6826,-73.9754,0,4866.37460278472,-5,0,0,0.5,0.943023635337124,0,48.1007878445708,-2.74512195121951,-0.154878048780488,"2023-24"
22300160,"2023-11-08","BKN","BKNLAC","H","W",100,7,102.3,91.4,10.9,"BKN",40.6826,-73.9754,-5,2023-11-06,48,40.6826,-73.9754,0,4866.37460278472,-5,0,0,0.5,0.943023635337124,0,48.1007878445708,-2.74512195121951,13.6451219512195,"2023-24"
22300010,"2023-11-10","BKN","BOS","A","L",107,-14,111.6,124.3,-12.8,"BOS",42.3662,-71.0621,-5,2023-11-08,48,40.6826,-73.9754,190.567434431045,3683.67812392229,-5,0,0,0.5,0.91210474956432,0,47.0701583188107,-2.74512195121951,-10.0548780487805,"2023-24"
22300178,"2023-11-12","BKN","BKNWAS","H","W",102,8,96.4,90.4,6,"BKN",40.6826,-73.9754,-5,2023-11-10,48,42.3662,-71.0621,190.567434431045,2944.18486425737,-5,0,0,0.5,0.887223653164791,0,46.2407884388264,-2.74512195121951,8.74512195121951,"2023-24"
22300020,"2023-11-14","BKN","BKNORL","H","W",124,20,128.1,105.9,22.2,"BKN",40.6826,-73.9754,-5,2023-11-12,48,40.6826,-73.9754,0,2289.80559080436,-5,0,0,0.5,0.859315166169279,0,45.310505538976,-2.74512195121951,24.9451219512195,"2023-24"
22300200,"2023-11-16","BKN","MIA","A","L",115,-7,112.9,130.4,-17.5,"MIA",25.7814,-80.187,-5,2023-11-14,48,40.6826,-73.9754,1090.80579591557,2188.03569328109,-5,0,0,0.5,0.854267850549652,0,45.1422616849884,-2.74512195121951,-14.7548780487805,"2023-24"
22300208,"2023-11-19","BKN","BKNPHI","H","L",99,-22,105.3,124.8,-19.6,"BKN",40.6826,-73.9754,-5,2023-11-16,72,25.7814,-80.187,1090.80579591557,2562.74646069322,-5,0,0,0,0.87181794881341,0,29.0605982937803,-2.74512195121951,-16.8548780487805,"2023-24"
22300227,"2023-11-22","BKN","ATL","A","L",145,-2,123.3,121.7,1.6,"ATL",33.7573,-84.3963,-5,2023-11-19,72,40.6826,-73.9754,746.673658696373,3309.42011938959,-5,0,0,0,0.900208194493231,0,30.006939816441,-2.74512195121951,4.34512195121951,"2023-24"
22300240,"2023-11-25","BKN","BKNMIA","H","W",112,15,120.3,99.3,21,"BKN",40.6826,-73.9754,-5,2023-11-22,72,33.7573,-84.3963,746.673658696373,4056.09377808597,-5,0,0,0,0.922799038530995,0,30.7599679510332,-2.74512195121951,23.7451219512195,"2023-24"
22300250,"2023-11-26","BKN","BKNCHI","H","W",118,9,127.4,116.4,11.1,"BKN",40.6826,-73.9754,-5,2023-11-25,24,40.6826,-73.9754,0,3865.52634365492,-5,0,0,1,0.917455390740243,0,63.9151796913414,-2.74512195121951,13.8451219512195,"2023-24"
22300054,"2023-11-28","BKN","BKNTOR","H","W",115,12,112.3,101.6,10.6,"BKN",40.6826,-73.9754,-5,2023-11-26,48,40.6826,-73.9754,0,3674.95890922388,-5,0,0,0.5,0.911841606941232,0,47.0613868980411,-2.74512195121951,13.3451219512195,"2023-24"
22300266,"2023-11-30","BKN","BKNCHA","H","L",128,-1,129.8,137.2,-7.4,"BKN",40.6826,-73.9754,-5,2023-11-28,48,40.6826,-73.9754,0,3674.95890922388,-5,0,0,0.5,0.911841606941232,0,47.0613868980411,-2.74512195121951,-4.65487804878049,"2023-24"
22300282,"2023-12-02","BKN","BKNORL","H","W",129,28,126.9,98.2,28.7,"BKN",40.6826,-73.9754,-5,2023-11-30,48,40.6826,-73.9754,0,2584.15311330831,-5,0,0,0.5,0.872741510417886,0,45.7580503472629,-2.74512195121951,31.4451219512195,"2023-24"
22301209,"2023-12-06","BKN","ATL","A","W",114,1,109,108.7,0.3,"ATL",33.7573,-84.3963,-5,2023-12-02,96,40.6826,-73.9754,746.673658696373,2240.02097608912,-5,0,0,0,0.856874724858158,0,28.5624908286053,-2.74512195121951,3.04512195121951,"2023-24"
22301219,"2023-12-08","BKN","BKNWAS","H","W",124,27,118.2,93.1,25.1,"BKN",40.6826,-73.9754,-5,2023-12-06,48,33.7573,-84.3963,746.673658696373,2240.02097608912,-5,0,0,0.5,0.856874724858158,0,45.2291574952719,-2.74512195121951,27.8451219512195,"2023-24"
22300303,"2023-12-11","BKN","SAC","A","L",118,-13,117.7,127,-9.3,"SAC",38.5805,-121.4993,-8,2023-12-08,72,40.6826,-73.9754,2504.85887215432,3998.20618954706,-5,3,-1,0,0.921202842114854,0.857142857142857,59.278189975257,-2.74512195121951,-6.55487804878049,"2023-24"
22300317,"2023-12-13","BKN","PHX","A","W",116,4,120.1,119.3,0.8,"PHX",33.4457,-112.0712,-7,2023-12-11,48,38.5805,-121.4993,635.391669288317,4633.59785883538,-8,1,1,0.5,0.937580592524342,0.428571428571429,62.205067369859,-2.74512195121951,3.54512195121951,"2023-24"
22300322,"2023-12-14","BKN","DEN","A","L",101,-23,99.2,117.8,-18.6,"DEN",39.7487,-105.0077,-7,2023-12-13,24,33.4457,-112.0712,586.063055747443,5219.66091458282,-7,0,0,1,0.950806274099442,0,65.0268758033147,-2.74512195121951,-15.8548780487805,"2023-24"
22300339,"2023-12-16","BKN","GSW","A","L",120,-4,118.1,123,-4.9,"GSW",37.768,-122.3877,-8,2023-12-14,48,39.7487,-105.0077,945.881692119517,6165.54260670234,-7,1,-1,0.5,0.96930111579417,0.285714285714286,58.5005133836152,-2.74512195121951,-2.15487804878049,"2023-24"
22300357,"2023-12-18","BKN","UTA","A","L",108,-17,106.1,120.7,-14.6,"UTA",40.7683,-111.9011,-7,2023-12-16,48,37.768,-122.3877,598.218575101357,6763.7611818037,-8,1,1,0.5,0.979584988833135,0.428571428571429,63.6052139134854,-2.74512195121951,-11.8548780487805,"2023-24"
22300368,"2023-12-20","BKN","BKNNYK","H","L",102,-19,99.5,115.2,-15.7,"BKN",40.6826,-73.9754,-5,2023-12-18,48,40.7683,-111.9011,1972.29577779255,7989.38330089987,-7,2,1,0.5,0.998079547599771,0.714285714285714,73.7455087295161,-2.74512195121951,-12.9548780487805,"2023-24"
22300383,"2023-12-22","BKN","BKNDEN","H","L",117,-5,120.1,127.1,-7,"BKN",40.6826,-73.9754,-5,2023-12-20,48,40.6826,-73.9754,0,7242.7096422035,-5,0,0,0.5,0.987182938066094,0,49.5727646022031,-2.74512195121951,-4.25487804878049,"2023-24"
22300394,"2023-12-23","BKN","BKNDET","H","W",126,11,119.9,115.3,4.6,"BKN",40.6826,-73.9754,-5,2023-12-22,24,40.6826,-73.9754,0,4737.85077004918,-5,0,0,1,0.940051381890353,0,64.6683793963451,-2.74512195121951,7.34512195121951,"2023-24"
22300406,"2023-12-26","BKN","DET","A","W",118,6,114.7,109.7,4.9,"DET",42.341,-83.0552,-5,2023-12-23,72,40.6826,-73.9754,483.82602213497,4586.28512289584,-5,0,0,0,0.93644089056955,0,31.2146963523183,-2.74512195121951,7.64512195121951,"2023-24"
22300417,"2023-12-27","BKN","BKNMIL","H","L",122,-22,115.4,142.4,-27,"BKN",40.6826,-73.9754,-5,2023-12-26,24,42.341,-83.0552,483.82602213497,4484.04808928336,-5,0,0,1,0.933937453611233,0,64.4645817870411,-2.74512195121951,-24.2548780487805,"2023-24"
22300430,"2023-12-29","BKN","WAS","A","L",104,-6,109.6,118.2,-8.6,"WAS",38.8981,-77.021,-5,2023-12-27,48,40.6826,-73.9754,203.54519791563,3741.71159507948,-5,0,0,0.5,0.913840471695201,0,47.1280157231734,-2.74512195121951,-5.85487804878049,"2023-24"
22300447,"2023-12-31","BKN","OKC","A","L",108,-16,104.2,121.8,-17.6,"OKC",35.4634,-97.5151,-6,2023-12-29,48,38.8981,-77.021,1151.54170476678,4295.0347247449,-5,1,-1,0.5,0.929155112453866,0.285714285714286,57.1623132722717,-2.74512195121951,-14.8548780487805,"2023-24"
22300461,"2024-01-02","BKN","NOP","A","L",85,-27,86.3,116.8,-30.5,"NOP",29.949,-90.0822,-6,2023-12-31,48,35.4634,-97.5151,576.417654431289,2899.15660138364,-6,0,0,0.5,0.885512405280211,0,46.1837468426737,-2.74512195121951,-27.7548780487805,"2023-24"
22300469,"2024-01-03","BKN","HOU","A","L",101,-11,101.6,113.3,-11.7,"HOU",29.7508,-95.3621,-6,2024-01-02,24,29.949,-90.0822,317.031598851148,3216.18820023479,-6,0,0,1,0.897035201609966,0,63.2345067203322,-2.74512195121951,-8.95487804878049,"2023-24"
22300481,"2024-01-05","BKN","BKNOKC","H","W",124,9,123.4,114.4,9,"BKN",40.6826,-73.9754,-5,2024-01-03,48,29.7508,-95.3621,1419.74698895653,4635.93518919132,-6,1,1,0.5,0.937636593756825,0.428571428571429,62.2069340776084,-2.74512195121951,11.7451219512195,"2023-24"
22300498,"2024-01-07","BKN","BKNPOR","H","L",127,-7,116.5,122.7,-6.2,"BKN",40.6826,-73.9754,-5,2024-01-05,48,40.6826,-73.9754,0,4152.10916705635,-5,0,0,0.5,0.925397018392158,0,47.5132339464053,-2.74512195121951,-3.45487804878049,"2023-24"
22300527,"2024-01-11","BKN","CLE","A","L",102,-9,99.7,111.1,-11.4,"CLE",41.4965,-81.6882,-5,2024-01-07,96,40.6826,-73.9754,405.872143513255,4074.15528843464,-5,0,0,0,0.92329240898093,0,30.7764136326977,-2.74512195121951,-8.65487804878049,"2023-24"
22300562,"2024-01-15","BKN","BKNMIA","H","L",95,-1,90.4,91.4,-1,"BKN",40.6826,-73.9754,-5,2024-01-11,96,41.4965,-81.6882,405.872143513255,4276.48223403227,-5,0,0,0,0.9286744137882,0,30.95581379294,-2.74512195121951,1.74512195121951,"2023-24"
22300578,"2024-01-17","BKN","POR","A","L",103,-2,114.6,110.3,4.3,"POR",45.5316,-122.6668,-8,2024-01-15,48,40.6826,-73.9754,2443.59721392174,5568.53774318722,-5,3,-1,0.5,0.95799121365906,0.857142857142857,77.1711356933972,-2.74512195121951,7.04512195121951,"2023-24"
22300591,"2024-01-19","BKN","LAL","A","W",130,18,124.8,107.1,17.7,"LAL",34.043,-118.2673,-8,2024-01-17,48,45.5316,-122.6668,828.020463382259,5820.14055213819,-8,0,0,0.5,0.962898773139198,0,48.7632924379733,-2.74512195121951,20.4451219512195,"2023-24"
22300600,"2024-01-21","BKN","LAC","A","L",114,-11,109.6,124.4,-14.8,"LAC",34.043,-118.2673,-8,2024-01-19,48,34.043,-118.2673,0,5503.10895328704,-8,0,0,0.5,0.956678674389378,0,48.5559558129793,-2.74512195121951,-12.0548780487805,"2023-24"
22300615,"2024-01-23","BKN","BKNNYK","H","L",103,-5,106,110.9,-5,"BKN",40.6826,-73.9754,-5,2024-01-21,48,34.043,-118.2673,2451.53633294275,6534.89829727325,-8,3,1,0.5,0.975762254768219,1,82.525408492274,-2.74512195121951,-2.25487804878049,"2023-24"
22300629,"2024-01-25","BKN","BKNMIN","H","L",94,-2,100,102.1,-2.1,"BKN",40.6826,-73.9754,-5,2024-01-23,48,40.6826,-73.9754,0,6534.89829727325,-5,0,0,0.5,0.975762254768219,0,49.1920751589406,-2.74512195121951,0.645121951219512,"2023-24"
22300645,"2024-01-27","BKN","BKNHOU","H","W",106,2,98.8,98,0.8,"BKN",40.6826,-73.9754,-5,2024-01-25,48,40.6826,-73.9754,0,6129.02615376,-5,0,0,0.5,0.968641433319736,0,48.9547144439912,-2.74512195121951,3.54512195121951,"2023-24"
22300660,"2024-01-29","BKN","BKNUTA","H","W",147,33,138.2,107.6,30.6,"BKN",40.6826,-73.9754,-5,2024-01-27,48,40.6826,-73.9754,0,5723.15401024674,-5,0,0,0.5,0.961032626787529,0,48.7010875595843,-2.74512195121951,33.3451219512195,"2023-24"
22300677,"2024-01-31","BKN","BKNPHX","H","L",120,-16,116.8,135.9,-19.1,"BKN",40.6826,-73.9754,-5,2024-01-29,48,40.6826,-73.9754,0,3279.55679632501,-5,0,0,0.5,0.899201679285739,0,46.6400559761913,-2.74512195121951,-16.3548780487805,"2023-24"
22300698,"2024-02-03","BKN","PHI","A","W",136,15,130.6,118.8,11.9,"PHI",39.9012,-75.172,-5,2024-01-31,72,40.6826,-73.9754,83.10840164052,2534.64473458327,-5,0,0,0,0.870593760891252,0,29.0197920297084,-2.74512195121951,14.6451219512195,"2023-24"
22300717,"2024-02-05","BKN","BKNGSW","H","L",98,-11,100.3,107.8,-7.5,"BKN",40.6826,-73.9754,-5,2024-02-03,48,39.9012,-75.172,83.10840164052,2617.75313622379,-5,0,0,0.5,0.874175827504007,0,45.8058609168002,-2.74512195121951,-4.75487804878049,"2023-24"
22300720,"2024-02-06","BKN","BKNDAL","H","L",107,-12,107.4,117,-9.6,"BKN",40.6826,-73.9754,-5,2024-02-05,24,40.6826,-73.9754,0,166.21680328104,-5,0,0,1,0.568602631254827,0,52.2867543751609,-2.74512195121951,-6.85487804878049,"2023-24"
22300735,"2024-02-08","BKN","BKNCLE","H","L",95,-23,95.8,121.1,-25.2,"BKN",40.6826,-73.9754,-5,2024-02-06,48,40.6826,-73.9754,0,166.21680328104,-5,0,0,0.5,0.568602631254827,0,35.6200877084942,-2.74512195121951,-22.4548780487805,"2023-24"
22300750,"2024-02-10","BKN","BKNSAS","H","W",123,20,129.7,103.8,25.9,"BKN",40.6826,-73.9754,-5,2024-02-08,48,40.6826,-73.9754,0,166.21680328104,-5,0,0,0.5,0.568602631254827,0,35.6200877084942,-2.74512195121951,28.6451219512195,"2023-24"
22300771,"2024-02-13","BKN","BKNBOS","H","L",110,-8,115.3,117.9,-2.6,"BKN",40.6826,-73.9754,-5,2024-02-10,72,40.6826,-73.9754,0,166.21680328104,-5,0,0,0,0.568602631254827,0,18.9534210418276,-2.74512195121951,0.145121951219512,"2023-24"
22300780,"2024-02-14","BKN","BOS","A","L",86,-50,91.9,141.3,-49.4,"BOS",42.3662,-71.0621,-5,2024-02-13,24,40.6826,-73.9754,190.567434431045,356.784237712085,-5,0,0,1,0.65308723600269,0,55.1029078667563,-2.74512195121951,-46.6548780487805,"2023-24"
22300795,"2024-02-22","BKN","TOR","A","L",93,-28,89.7,119.6,-29.9,"TOR",43.6435,-79.379,-5,2024-02-14,192,42.3662,-71.0621,429.683533438057,703.359369509622,-5,0,0,0,0.728321844610135,0,24.2773948203378,-2.74512195121951,-27.1548780487805,"2023-24"
22300815,"2024-02-24","BKN","MIN","A","L",86,-15,82.8,99.9,-17.1,"MIN",44.9795,-93.276,-6,2024-02-22,48,43.6435,-79.379,693.140593045716,1313.39156091482,-5,1,-1,0.5,0.797612164150843,0.285714285714286,52.7775483288376,-2.74512195121951,-14.3548780487805,"2023-24"
22300830,"2024-02-26","BKN","MEM","A","W",111,25,117.9,92,25.8,"MEM",35.1382,-90.0505,-6,2024-02-24,48,44.9795,-93.276,701.661510171567,2015.05307108638,-6,0,0,0.5,0.845124581739135,0,44.8374860579712,-2.74512195121951,28.5451219512195,"2023-24"
22300833,"2024-02-27","BKN","ORL","A","L",81,-27,82.5,109.1,-26.6,"ORL",28.5392,-81.3839,-5,2024-02-26,24,35.1382,-90.0505,683.345477500167,2698.39854858655,-6,1,1,1,0.877544674339275,0.428571428571429,76.8705367636901,-2.74512195121951,-23.8548780487805,"2023-24"
22300851,"2024-02-29","BKN","BKNATL","H","W",124,27,126.9,95.8,31.1,"BKN",40.6826,-73.9754,-5,2024-02-27,48,28.5392,-81.3839,939.005691372418,3637.40423995897,-5,0,0,0.5,0.91070104134811,0,47.023368044937,-2.74512195121951,33.8451219512195,"2023-24"
22300866,"2024-03-02","BKN","BKNATL","H","W",114,12,117.9,105,12.9,"BKN",40.6826,-73.9754,-5,2024-02-29,48,40.6826,-73.9754,0,3637.40423995897,-5,0,0,0.5,0.91070104134811,0,47.023368044937,-2.74512195121951,15.6451219512195,"2023-24"
22300879,"2024-03-04","BKN","BKNMEM","H","L",102,-4,109.4,110.8,-1.3,"BKN",40.6826,-73.9754,-5,2024-03-02,48,40.6826,-73.9754,0,3446.83680552792,-5,0,0,0.5,0.904725647693387,0,46.8241882564462,-2.74512195121951,1.44512195121951,"2023-24"
22300887,"2024-03-05","BKN","BKNPHI","H","W",112,5,113.6,113.4,0.2,"BKN",40.6826,-73.9754,-5,2024-03-04,24,40.6826,-73.9754,0,3017.15327208987,-5,0,0,1,0.889941945357012,0,62.9980648452337,-2.74512195121951,2.94512195121951,"2023-24"
22300902,"2024-03-07","BKN","DET","A","L",112,-6,109.9,116.6,-6.7,"DET",42.341,-83.0552,-5,2024-03-05,48,40.6826,-73.9754,483.82602213497,2807.83870117912,-5,0,0,0.5,0.881958856341255,0,46.0652952113752,-2.74512195121951,-3.95487804878049,"2023-24"
22300918,"2024-03-09","BKN","CHA","A","L",99,-11,101.6,115.1,-13.5,"CHA",35.2251,-80.8392,-5,2024-03-07,48,42.341,-83.0552,506.454754534076,2612.63194554163,-5,0,0,0.5,0.873958407042294,0,45.7986135680765,-2.74512195121951,-10.7548780487805,"2023-24"
22300930,"2024-03-10","BKN","CLE","A","W",120,19,126.6,110,16.6,"CLE",41.4965,-81.6882,-5,2024-03-09,24,35.2251,-80.8392,436.228540896052,2365.51500893752,-5,0,0,1,0.862926611627187,0,62.0975537209062,-2.74512195121951,19.3451219512195,"2023-24"
22300947,"2024-03-13","BKN","ORL","A","L",106,-8,108.3,119.4,-11.2,"ORL",28.5392,-81.3839,-5,2024-03-10,72,41.4965,-81.6882,896.432067939693,2322.94138550479,-5,0,0,0,0.86091025909158,0,28.697008636386,-2.74512195121951,-8.45487804878049,"2023-24"
22300968,"2024-03-16","BKN","IND","A","L",100,-21,100.4,112,-11.6,"IND",39.7639,-86.1555,-5,2024-03-13,72,28.5392,-81.3839,822.711579822832,3145.65296532762,-5,0,0,0,0.894572943379625,0,29.8190981126542,-2.74512195121951,-8.85487804878049,"2023-24"
22300981,"2024-03-17","BKN","SAS","A","L",115,-7,103.3,106.9,-3.6,"SAS",29.427,-98.4375,-6,2024-03-16,24,39.7639,-86.1555,998.241556557734,4143.89452188536,-5,1,-1,1,0.925177108708206,0.285714285714286,73.6963798140831,-2.74512195121951,-0.854878048780488,"2023-24"
22300993,"2024-03-19","BKN","BKNNOP","H","L",91,-13,97.1,113.4,-16.2,"BKN",40.6826,-73.9754,-5,2024-03-17,48,29.427,-98.4375,1581.03890582962,5724.93342771498,-6,1,1,0.5,0.961067148956754,0.428571428571429,62.9879525842728,-2.74512195121951,-13.4548780487805,"2023-24"
22301007,"2024-03-21","BKN","MIL","A","L",108,-7,110.2,119,-8.9,"MIL",43.045,-87.917,-6,2024-03-19,48,40.6826,-73.9754,735.600571281191,5976.7079768612,-5,1,-1,0.5,0.965846697272346,0.285714285714286,58.3853660995544,-2.74512195121951,-6.15487804878049,"2023-24"
22301019,"2024-03-23","BKN","NYK","A","L",93,-12,103.8,109.1,-5.3,"NYK",40.7505,-73.9934,-5,2024-03-21,48,43.045,-87.917,733.306248994209,6203.55947132133,-6,1,1,0.5,0.969983766117174,0.428571428571429,63.2851731562868,-2.74512195121951,-2.55487804878049,"2023-24"
22301036,"2024-03-25","BKN","TOR","A","W",96,8,103.3,95.4,8,"TOR",43.6435,-79.379,-5,2024-03-23,48,40.7505,-73.9934,340.777924403546,6108.10885482883,-5,0,0,0.5,0.968261782512633,0,48.9420594170878,-2.74512195121951,10.7451219512195,"2023-24"
22301050,"2024-03-27","BKN","WAS","A","W",122,3,115,110.7,4.2,"WAS",38.8981,-77.021,-5,2024-03-25,48,43.6435,-79.379,350.346567363286,5562.02335425242,-5,0,0,0.5,0.957861224338575,0,48.5953741446192,-2.74512195121951,6.94512195121951,"2023-24"
22301066,"2024-03-29","BKN","BKNCHI","H","W",125,17,130.6,112.8,17.9,"BKN",40.6826,-73.9754,-5,2024-03-27,48,38.8981,-77.021,203.54519791563,4942.85697234522,-5,0,0,0.5,0.944755347202298,0,48.1585115734099,-2.74512195121951,20.6451219512195,"2023-24"
22301078,"2024-03-31","BKN","BKNLAL","H","L",104,-12,99.7,115.2,-15.6,"BKN",40.6826,-73.9754,-5,2024-03-29,48,40.6826,-73.9754,0,3944.61541578748,-5,0,0,0.5,0.919704394752145,0,47.3234798250715,-2.74512195121951,-12.8548780487805,"2023-24"
22301089,"2024-04-01","BKN","IND","A","L",111,-22,108.5,124.9,-16.4,"IND",39.7639,-86.1555,-5,2024-03-31,24,40.6826,-73.9754,645.889562345768,3009.46607230363,-5,0,0,1,0.889658689063468,0,62.9886229687823,-2.74512195121951,-13.6548780487805,"2023-24"
22301106,"2024-04-03","BKN","BKNIND","H","W",115,4,118.7,113.5,5.3,"BKN",40.6826,-73.9754,-5,2024-04-01,48,39.7639,-86.1555,645.889562345768,2919.75506336821,-5,0,0,0.5,0.886298499541033,0,46.2099499847011,-2.74512195121951,8.04512195121951,"2023-24"
22301128,"2024-04-06","BKN","BKNDET","H","W",113,10,119.6,104.3,15.3,"BKN",40.6826,-73.9754,-5,2024-04-03,72,40.6826,-73.9754,0,2186.448814374,-5,0,0,0,0.854187303907861,0,28.472910130262,-2.74512195121951,18.0451219512195,"2023-24"
22301141,"2024-04-07","BKN","BKNSAC","H","L",77,-30,75.7,108,-32.3,"BKN",40.6826,-73.9754,-5,2024-04-06,24,40.6826,-73.9754,0,1845.67088997045,-5,0,0,1,0.835377341517061,0,61.1792447172353,-2.74512195121951,-29.5548780487805,"2023-24"
22301160,"2024-04-10","BKN","BKNTOR","H","W",106,4,108.7,105.2,3.4,"BKN",40.6826,-73.9754,-5,2024-04-07,72,40.6826,-73.9754,0,1495.32432260717,-5,0,0,0,0.812011107514348,0,27.0670369171449,-2.74512195121951,6.14512195121951,"2023-24"
22301175,"2024-04-12","BKN","NYK","A","L",107,-4,121.1,122,-0.9,"NYK",40.7505,-73.9934,-5,2024-04-10,48,40.6826,-73.9754,4.79057381509804,1296.56969850663,-5,0,0,0.5,0.796181484576082,0,43.2060494858694,-2.74512195121951,1.84512195121951,"2023-24"
22301192,"2024-04-14","BKN","PHI","A","L",86,-21,86.4,103.3,-16.8,"PHI",39.9012,-75.172,-5,2024-04-12,48,40.7505,-73.9934,85.5210890521257,1382.09078755876,-5,0,0,0.5,0.803270857852861,0,43.4423619284287,-2.74512195121951,-14.0548780487805,"2023-24"
22300065,"2023-10-25","BOS","NYK","A","W",108,4,114.4,101.5,12.8,"NYK",40.7505,-73.9934,-5,NA,NA,NA,NA,0,NA,NA,0,0,0,0,0,0,11.259756097561,1.54024390243903,"2023-24"
22300080,"2023-10-27","BOS","BOSMIA","H","W",119,8,116.3,110.9,5.4,"BOS",42.3662,-71.0621,-5,2023-10-25,48,40.7505,-73.9934,188.420681353137,NA,-5,0,0,0.5,0,0,16.6666666666667,11.259756097561,-5.85975609756098,"2023-24"
22300103,"2023-10-30","BOS","WAS","A","W",126,19,116.6,104.5,12.1,"WAS",38.8981,-77.021,-5,2023-10-27,72,42.3662,-71.0621,394.034709905986,NA,-5,0,0,0,0,0,0,11.259756097561,0.840243902439024,"2023-24"
22300118,"2023-11-01","BOS","BOSIND","H","W",155,51,141.8,96.9,44.8,"BOS",42.3662,-71.0621,-5,2023-10-30,48,38.8981,-77.021,394.034709905986,NA,-5,0,0,0.5,0,0,16.6666666666667,11.259756097561,33.540243902439,"2023-24"
22300136,"2023-11-04","BOS","BKN","A","W",124,10,120.5,110.2,10.4,"BKN",40.6826,-73.9754,-5,2023-11-01,72,42.3662,-71.0621,190.567434431045,NA,-5,0,0,0,0,0,0,11.259756097561,-0.859756097560975,"2023-24"
22300154,"2023-11-06","BOS","MIN","A","L",109,-5,95.6,100,-4.4,"MIN",44.9795,-93.276,-6,2023-11-04,48,40.6826,-73.9754,1020.34154206804,NA,-5,1,-1,0.5,0,0.285714285714286,26.1904761904762,11.259756097561,-15.659756097561,"2023-24"
22300159,"2023-11-08","BOS","PHI","A","L",103,-3,99.7,102.3,-2.7,"PHI",39.9012,-75.172,-5,2023-11-06,48,44.9795,-93.276,986.019597811286,3173.41867547548,-6,1,1,0.5,0.895548718843536,0.428571428571429,60.8040049138322,11.259756097561,-13.959756097561,"2023-24"
22300010,"2023-11-10","BOS","BOSBKN","H","W",121,14,124.3,111.6,12.8,"BOS",42.3662,-71.0621,-5,2023-11-08,48,39.9012,-75.172,273.654490118229,3447.07316559371,-5,0,0,0.5,0.90473326167014,0,46.8244420556713,11.259756097561,1.54024390243903,"2023-24"
22300174,"2023-11-11","BOS","BOSTOR","H","W",117,23,117.3,94,23.4,"BOS",42.3662,-71.0621,-5,2023-11-10,24,42.3662,-71.0621,0,3258.65248424057,-5,0,0,1,0.898491652486653,0,63.2830550828884,11.259756097561,12.140243902439,"2023-24"
22300188,"2023-11-13","BOS","BOSNYK","H","W",114,16,128,109.4,18.6,"BOS",42.3662,-71.0621,-5,2023-11-11,48,42.3662,-71.0621,0,2864.61777433459,-5,0,0,0.5,0.884181693005533,0,46.1393897668511,11.259756097561,7.34024390243903,"2023-24"
22300194,"2023-11-15","BOS","PHI","A","W",117,10,124,114.2,9.8,"PHI",39.9012,-75.172,-5,2023-11-13,48,42.3662,-71.0621,273.654490118229,2744.23755454683,-5,0,0,0.5,0.879414949995868,0,45.9804983331956,11.259756097561,-1.45975609756097,"2023-24"
22300031,"2023-11-17","BOS","TOR","A","W",108,3,109.1,103.8,5.3,"TOR",43.6435,-79.379,-5,2023-11-15,48,39.9012,-75.172,337.702164435139,2891.37228455092,-5,0,0,0.5,0.885213879677121,0,46.1737959892374,11.259756097561,-5.95975609756098,"2023-24"
22300213,"2023-11-19","BOS","MEM","A","W",102,2,106.3,103.7,2.5,"MEM",35.1382,-90.0505,-6,2023-11-17,48,43.6435,-79.379,818.151043446613,2689.1817859295,-5,1,-1,0.5,0.877164788675099,0.285714285714286,55.4293024796462,11.259756097561,-8.75975609756098,"2023-24"
22300217,"2023-11-20","BOS","CHA","A","L",118,-3,104.1,112.6,-8.4,"CHA",35.2251,-80.8392,-5,2023-11-19,24,35.1382,-90.0505,520.612740271535,2223.77492838975,-6,1,1,1,0.85606659752534,0.428571428571429,76.1546008698923,11.259756097561,-19.659756097561,"2023-24"
22300228,"2023-11-22","BOS","BOSMIL","H","W",119,3,116.1,111,5.1,"BOS",42.3662,-71.0621,-5,2023-11-20,48,35.2251,-80.8392,721.453363153973,2671.57380142549,-5,0,0,0.5,0.87643541139491,0,45.8811803798303,11.259756097561,-6.15975609756098,"2023-24"
22300043,"2023-11-24","BOS","ORL","A","L",96,-17,93,113.4,-20.4,"ORL",28.5392,-81.3839,-5,2023-11-22,48,42.3662,-71.0621,1117.38133759804,3788.95513902353,-5,0,0,0.5,0.915233719722014,0,47.1744573240671,11.259756097561,-31.659756097561,"2023-24"
22300246,"2023-11-26","BOS","BOSATL","H","W",113,10,114.4,101.6,12.8,"BOS",42.3662,-71.0621,-5,2023-11-24,48,28.5392,-81.3839,1117.38133759804,4906.33647662156,-5,0,0,0.5,0.943931818323556,0,48.1310606107852,11.259756097561,1.54024390243903,"2023-24"
22300053,"2023-11-28","BOS","BOSCHI","H","W",124,27,123.7,100.1,23.6,"BOS",42.3662,-71.0621,-5,2023-11-26,48,42.3662,-71.0621,0,4632.68198650333,-5,0,0,0.5,0.937558640992619,0,47.9186213664206,11.259756097561,12.340243902439,"2023-24"
22300275,"2023-12-01","BOS","BOSPHI","H","W",125,6,121.5,113.2,8.3,"BOS",42.3662,-71.0621,-5,2023-11-28,72,42.3662,-71.0621,0,4294.97982206819,-5,0,0,0,0.92915369297954,0,30.9717897659847,11.259756097561,-2.95975609756097,"2023-24"
22301202,"2023-12-04","BOS","IND","A","L",112,-10,104.4,119.3,-14.9,"IND",39.7639,-86.1555,-5,2023-12-01,72,42.3662,-71.0621,806.298362239545,4283.12714086113,-5,0,0,0,0.928846823847422,0,30.9615607949141,11.259756097561,-26.159756097561,"2023-24"
22301227,"2023-12-08","BOS","BOSNYK","H","W",133,10,132.7,120.7,12,"BOS",42.3662,-71.0621,-5,2023-12-04,96,39.7639,-86.1555,806.298362239545,4568.81276282913,-5,0,0,0,0.936017029754908,0,31.2005676584969,11.259756097561,0.740243902439024,"2023-24"
22300305,"2023-12-12","BOS","BOSCLE","H","W",120,7,121.9,109.8,12.2,"BOS",42.3662,-71.0621,-5,2023-12-08,96,42.3662,-71.0621,0,3847.35939967516,-5,0,0,0,0.916932293765633,0,30.5644097921878,11.259756097561,0.940243902439024,"2023-24"
22300319,"2023-12-14","BOS","BOSCLE","H","W",116,9,123.7,109.8,13.9,"BOS",42.3662,-71.0621,-5,2023-12-12,48,42.3662,-71.0621,0,2729.97806207713,-5,0,0,0.5,0.87883651636234,0,45.961217212078,11.259756097561,2.64024390243902,"2023-24"
22300329,"2023-12-15","BOS","BOSORL","H","W",128,17,124.5,107.9,16.7,"BOS",42.3662,-71.0621,-5,2023-12-14,24,42.3662,-71.0621,0,1612.59672447909,-5,0,0,1,0.820391830060086,0,60.6797276686695,11.259756097561,5.44024390243902,"2023-24"
22300344,"2023-12-17","BOS","BOSORL","H","W",114,17,111.2,98.4,12.8,"BOS",42.3662,-71.0621,-5,2023-12-15,48,42.3662,-71.0621,0,1612.59672447909,-5,0,0,0.5,0.820391830060086,0,44.0130610020029,11.259756097561,1.54024390243903,"2023-24"
22300362,"2023-12-19","BOS","GSW","A","L",126,-6,113,123.2,-10.2,"GSW",37.768,-122.3877,-8,2023-12-17,48,42.3662,-71.0621,2694.19624726778,4306.79297174687,-5,3,-1,0.5,0.929458697357835,0.857142857142857,76.2200518166897,11.259756097561,-21.459756097561,"2023-24"
22300373,"2023-12-20","BOS","SAC","A","W",144,25,147.6,123.8,23.8,"SAC",38.5805,-121.4993,-8,2023-12-19,24,37.768,-122.3877,74.1095928928695,3574.60420240019,-8,0,0,1,0.908767189252975,0,63.6255729750991,11.259756097561,12.540243902439,"2023-24"
22300389,"2023-12-23","BOS","LAC","A","W",145,37,143.1,110.7,32.5,"LAC",34.043,-118.2673,-8,2023-12-20,72,38.5805,-121.4993,361.822076167738,3130.12791632839,-8,0,0,0,0.89402358375338,0,29.8007861251127,11.259756097561,21.240243902439,"2023-24"
22300403,"2023-12-25","BOS","LAL","A","W",126,11,125.6,117.1,8.5,"LAL",34.043,-118.2673,-8,2023-12-23,48,34.043,-118.2673,0,3130.12791632839,-8,0,0,0.5,0.89402358375338,0,46.4674527917793,11.259756097561,-2.75975609756098,"2023-24"
22300421,"2023-12-28","BOS","BOSDET","H","W",128,6,115.3,111.6,3.8,"BOS",42.3662,-71.0621,-5,2023-12-25,72,34.043,-118.2673,2595.08956058864,5725.21747691703,-8,3,1,0,0.961072658753,1,65.3690886251,11.259756097561,-7.45975609756098,"2023-24"
22300432,"2023-12-29","BOS","BOSTOR","H","W",120,2,120.2,118.2,2,"BOS",42.3662,-71.0621,-5,2023-12-28,24,42.3662,-71.0621,0,5725.21747691703,-5,0,0,1,0.961072658753,0,65.3690886251,11.259756097561,-9.25975609756098,"2023-24"
22300448,"2023-12-31","BOS","SAS","A","W",134,33,130.5,95,35.5,"SAS",29.427,-98.4375,-6,2023-12-29,48,42.3662,-71.0621,1764.26189443289,7489.47937134992,-5,1,-1,0.5,0.990903729152223,0.285714285714286,59.2206004955503,11.259756097561,24.240243902439,"2023-24"
22300462,"2024-01-02","BOS","OKC","A","L",123,-4,120.9,126.4,-5.5,"OKC",35.4634,-97.5151,-6,2023-12-31,48,29.427,-98.4375,420.993505444246,5216.27662952638,-6,0,0,0.5,0.950734249428182,0,48.3578083142727,11.259756097561,-16.759756097561,"2023-24"
22300479,"2024-01-05","BOS","BOSUTA","H","W",126,29,113.7,87.4,26.3,"BOS",42.3662,-71.0621,-5,2024-01-02,72,35.4634,-97.5151,1494.43503968137,6636.60207631488,-6,1,1,0,0.977477292022112,0.428571428571429,46.8682906864514,11.259756097561,15.040243902439,"2023-24"
22300493,"2024-01-06","BOS","IND","A","W",118,17,114.2,100.3,13.8,"IND",39.7639,-86.1555,-5,2024-01-05,24,42.3662,-71.0621,806.298362239545,7081.07836238669,-5,0,0,1,0.984676515178334,0,66.1558838392778,11.259756097561,2.54024390243903,"2023-24"
22300507,"2024-01-08","BOS","IND","A","L",131,-2,125,127.1,-2,"IND",39.7639,-86.1555,-5,2024-01-06,48,39.7639,-86.1555,0,7081.07836238669,-5,0,0,0.5,0.984676515178334,0,49.4892171726111,11.259756097561,-13.259756097561,"2023-24"
22300517,"2024-01-10","BOS","BOSMIN","H","W",127,7,121.4,114.5,6.9,"BOS",42.3662,-71.0621,-5,2024-01-08,48,39.7639,-86.1555,806.298362239545,5292.28716403759,-5,0,0,0.5,0.952340762902344,0,48.4113587634114,11.259756097561,-4.35975609756098,"2023-24"
22300528,"2024-01-11","BOS","MIL","A","L",102,-33,97.9,137.7,-39.8,"MIL",43.045,-87.917,-6,2024-01-10,24,42.3662,-71.0621,856.579559187163,6148.86672322475,-5,1,-1,1,0.96900034613041,0.285714285714286,75.1571543948232,11.259756097561,-51.059756097561,"2023-24"
22300542,"2024-01-13","BOS","BOSHOU","H","W",145,32,134.3,102.5,31.7,"BOS",42.3662,-71.0621,-5,2024-01-11,48,43.045,-87.917,856.579559187163,5241.18438797903,-6,1,1,0.5,0.951263248838405,0.428571428571429,62.6611559136611,11.259756097561,20.440243902439,"2023-24"
22300563,"2024-01-15","BOS","TOR","A","W",105,9,104,93.9,10.1,"TOR",43.6435,-79.379,-5,2024-01-13,48,42.3662,-71.0621,429.683533438057,5249.87441597284,-5,0,0,0.5,0.951447219341159,0,48.3815739780386,11.259756097561,-1.15975609756098,"2023-24"
22300571,"2024-01-17","BOS","BOSSAS","H","W",117,19,116.6,98.9,17.6,"BOS",42.3662,-71.0621,-5,2024-01-15,48,43.6435,-79.379,429.683533438057,4185.12290972953,-5,0,0,0.5,0.926276445802155,0,47.5425481934052,11.259756097561,6.34024390243903,"2023-24"
22300586,"2024-01-19","BOS","BOSDEN","H","L",100,-2,116.1,116.3,-0.2,"BOS",42.3662,-71.0621,-5,2024-01-17,48,42.3662,-71.0621,0,3378.82454748998,-5,0,0,0.5,0.902512763870599,0,46.7504254623533,11.259756097561,-11.459756097561,"2023-24"
22300603,"2024-01-21","BOS","HOU","A","W",116,9,109.5,99.4,10.1,"HOU",29.7508,-95.3621,-6,2024-01-19,48,42.3662,-71.0621,1605.86149800789,4984.68604549787,-5,1,-1,0.5,0.945691141891306,0.285714285714286,57.7135142535197,11.259756097561,-1.15975609756098,"2023-24"
22300611,"2024-01-22","BOS","DAL","A","W",119,9,116.4,106.6,9.8,"DAL",32.7905,-96.8103,-6,2024-01-21,24,29.7508,-95.3621,227.015224148548,4405.40290740687,-6,0,0,1,0.931972556405942,0,64.3990852135314,11.259756097561,-1.45975609756097,"2023-24"
22300630,"2024-01-25","BOS","MIA","A","W",143,33,152.5,117.4,35.1,"MIA",25.7814,-80.187,-5,2024-01-22,72,32.7905,-96.8103,1112.06754534975,4660.89089356946,-6,1,1,0,0.938232766034261,0.428571428571429,45.5601398201896,11.259756097561,23.840243902439,"2023-24"
22300646,"2024-01-27","BOS","BOSLAC","H","L",96,-19,96,111.7,-15.8,"BOS",42.3662,-71.0621,-5,2024-01-25,48,25.7814,-80.187,1258.82404618239,5063.13538056469,-5,0,0,0.5,0.947425220458414,0,48.2475073486138,11.259756097561,-27.059756097561,"2023-24"
22300659,"2024-01-29","BOS","BOSNOP","H","W",118,6,119.4,112.3,7.1,"BOS",42.3662,-71.0621,-5,2024-01-27,48,42.3662,-71.0621,0,4633.45184712664,-5,0,0,0.5,0.937577093221742,0,47.9192364407247,11.259756097561,-4.15975609756098,"2023-24"
22300670,"2024-01-30","BOS","BOSIND","H","W",129,5,126.9,119.7,7.2,"BOS",42.3662,-71.0621,-5,2024-01-29,24,42.3662,-71.0621,0,4203.76831368858,-5,0,0,1,0.926770066597883,0,64.2256688865961,11.259756097561,-4.05975609756098,"2023-24"
22300684,"2024-02-01","BOS","BOSLAL","H","L",105,-9,103.9,117,-13.1,"BOS",42.3662,-71.0621,-5,2024-01-30,48,42.3662,-71.0621,0,4203.76831368858,-5,0,0,0.5,0.926770066597883,0,47.5590022199294,11.259756097561,-24.359756097561,"2023-24"
22300706,"2024-02-04","BOS","BOSMEM","H","W",131,40,129.8,89.8,40,"BOS",42.3662,-71.0621,-5,2024-02-01,72,42.3662,-71.0621,0,2597.90681568069,-5,0,0,0,0.873330869057933,0,29.1110289685978,11.259756097561,28.740243902439,"2023-24"
22300729,"2024-02-07","BOS","BOSATL","H","W",125,8,118.1,109.6,8.6,"BOS",42.3662,-71.0621,-5,2024-02-04,72,42.3662,-71.0621,0,2370.89159153214,-5,0,0,0,0.863178671208597,0,28.7726223736199,11.259756097561,-2.65975609756098,"2023-24"
22300743,"2024-02-09","BOS","BOSWAS","H","W",133,4,122.8,116,6.8,"BOS",42.3662,-71.0621,-5,2024-02-07,48,42.3662,-71.0621,0,1258.8240461824,-5,0,0,0.5,0.792902571509194,0,43.0967523836398,11.259756097561,-4.45975609756098,"2023-24"
22300759,"2024-02-11","BOS","MIA","A","W",110,4,117.7,109.7,7.9,"MIA",25.7814,-80.187,-5,2024-02-09,48,42.3662,-71.0621,1258.82404618239,1258.8240461824,-5,0,0,0.5,0.792902571509194,0,43.0967523836398,11.259756097561,-3.35975609756098,"2023-24"
22300771,"2024-02-13","BOS","BKN","A","W",118,8,117.9,115.3,2.6,"BKN",40.6826,-73.9754,-5,2024-02-11,48,25.7814,-80.187,1090.80579591557,2349.62984209796,-5,0,0,0.5,0.862178539907541,0,45.4059513302514,11.259756097561,-8.65975609756098,"2023-24"
22300780,"2024-02-14","BOS","BOSBKN","H","W",136,50,141.3,91.9,49.4,"BOS",42.3662,-71.0621,-5,2024-02-13,24,40.6826,-73.9754,190.567434431045,2540.19727652901,-5,0,0,1,0.870836716763114,0,62.3612238921038,11.259756097561,38.140243902439,"2023-24"
22300797,"2024-02-22","BOS","CHI","A","W",129,17,127.4,110.8,16.6,"CHI",41.8807,-87.6742,-6,2024-02-14,192,42.3662,-71.0621,851.574727889727,3391.77200441873,-5,1,-1,0,0.902937440953951,0.285714285714286,39.6217242222746,11.259756097561,5.34024390243903,"2023-24"
22300816,"2024-02-24","BOS","NYK","A","W",116,14,141,115.9,25.1,"NYK",40.7505,-73.9934,-5,2024-02-22,48,41.8807,-87.6742,714.275815551409,4106.04781997014,-6,1,1,0.5,0.924158273540976,0.428571428571429,61.7576567370802,11.259756097561,13.840243902439,"2023-24"
22300836,"2024-02-27","BOS","BOSPHI","H","W",117,18,122.8,97.7,25,"BOS",42.3662,-71.0621,-5,2024-02-24,72,40.7505,-73.9934,188.420681353137,4294.46850132328,-5,0,0,0,0.929140472230592,0,30.9713490743531,11.259756097561,13.740243902439,"2023-24"
22300859,"2024-03-01","BOS","BOSDAL","H","W",138,28,138.4,110.1,28.3,"BOS",42.3662,-71.0621,-5,2024-02-27,72,42.3662,-71.0621,0,4294.46850132328,-5,0,0,0,0.929140472230592,0,30.9713490743531,11.259756097561,17.040243902439,"2023-24"
22300872,"2024-03-03","BOS","BOSGSW","H","W",140,52,137.5,85.7,51.8,"BOS",42.3662,-71.0621,-5,2024-03-01,48,42.3662,-71.0621,0,3035.64445514088,-5,0,0,0.5,0.890620360347908,0,46.3540120115969,11.259756097561,40.540243902439,"2023-24"
22300886,"2024-03-05","BOS","CLE","A","L",104,-1,106.9,109.6,-2.6,"CLE",41.4965,-81.6882,-5,2024-03-03,48,42.3662,-71.0621,549.745779182527,2494.58443840784,-5,0,0,0.5,0.868824962799047,0,45.6274987599682,11.259756097561,-13.859756097561,"2023-24"
22300906,"2024-03-07","BOS","DEN","A","L",109,-6,107.9,115.4,-7.4,"DEN",39.7487,-105.0077,-7,2024-03-05,48,41.4965,-81.6882,1226.52065585596,3530.53765983276,-5,2,-1,0.5,0.907389825703457,0.571428571428571,65.9606132377343,11.259756097561,-18.659756097561,"2023-24"
22300920,"2024-03-09","BOS","PHX","A","W",117,10,118.5,108,10.5,"PHX",33.4457,-112.0712,-7,2024-03-07,48,39.7487,-105.0077,586.063055747443,3265.02598769048,-7,0,0,0.5,0.898708613509014,0,46.6236204503005,11.259756097561,-0.759756097560976,"2023-24"
22300938,"2024-03-11","BOS","POR","A","W",121,22,128.3,105.5,22.8,"POR",45.5316,-122.6668,-8,2024-03-09,48,33.4457,-112.0712,1007.38726543148,3558.13743757055,-7,1,-1,0.5,0.908254493369833,0.285714285714286,56.4656259694706,11.259756097561,11.540243902439,"2023-24"
22300943,"2024-03-12","BOS","UTA","A","W",123,16,129,116.5,12.5,"UTA",40.7683,-111.9011,-7,2024-03-11,24,45.5316,-122.6668,634.582909588459,4004.29966580587,-8,1,1,1,0.921371948383842,0.428571428571429,78.331445898509,11.259756097561,1.24024390243902,"2023-24"
22300955,"2024-03-14","BOS","BOSPHX","H","W",127,15,129.8,113.8,16,"BOS",42.3662,-71.0621,-5,2024-03-12,48,40.7683,-111.9011,2095.97954650453,6100.2792123104,-7,2,1,0.5,0.968119339367734,0.714285714285714,72.7468351217816,11.259756097561,4.74024390243902,"2023-24"
22300980,"2024-03-17","BOS","WAS","A","W",130,26,129.3,102.8,26.5,"WAS",38.8981,-77.021,-5,2024-03-14,72,42.3662,-71.0621,394.034709905986,6494.31392221638,-5,0,0,0,0.975070416666114,0,32.5023472222038,11.259756097561,15.240243902439,"2023-24"
22300984,"2024-03-18","BOS","BOSDET","H","W",119,25,123,98.3,24.7,"BOS",42.3662,-71.0621,-5,2024-03-17,24,38.8981,-77.021,394.034709905986,6338.60285293984,-5,0,0,1,0.972375304991844,0,65.7458434997281,11.259756097561,13.440243902439,"2023-24"
22300998,"2024-03-20","BOS","BOSMIL","H","W",122,3,127.4,123.8,3.6,"BOS",42.3662,-71.0621,-5,2024-03-18,48,42.3662,-71.0621,0,5112.08219708388,-5,0,0,0.5,0.948493605421767,0,48.2831201807256,11.259756097561,-7.65975609756098,"2023-24"
22301011,"2024-03-22","BOS","DET","A","W",129,27,129.2,102.3,26.9,"DET",42.341,-83.0552,-5,2024-03-20,48,42.3662,-71.0621,612.54916751871,5138.56830885515,-5,0,0,0.5,0.949067473473348,0,48.3022491157783,11.259756097561,15.640243902439,"2023-24"
22301023,"2024-03-23","BOS","CHI","A","W",124,11,132.6,124.4,8.3,"CHI",41.8807,-87.6742,-6,2024-03-22,24,42.341,-83.0552,239.119148083624,4370.30019150729,-5,1,-1,1,0.931084191948621,0.285714285714286,73.8932825887635,11.259756097561,-2.95975609756097,"2023-24"
22301034,"2024-03-25","BOS","ATL","A","L",118,-2,117.6,129.8,-12.2,"ATL",33.7573,-84.3963,-5,2024-03-23,48,41.8807,-87.6742,589.627717454543,4325.34499937337,-6,1,1,0.5,0.929936009072677,0.428571428571429,61.9502479214702,11.259756097561,-23.459756097561,"2023-24"
22301060,"2024-03-28","BOS","ATL","A","L",122,-1,114.8,120.1,-5.3,"ATL",33.7573,-84.3963,-5,2024-03-25,72,33.7573,-84.3963,0,2229.36545286885,-5,0,0,0,0.856345351080725,0,28.5448450360242,11.259756097561,-16.559756097561,"2023-24"
22301074,"2024-03-30","BOS","NOP","A","W",104,12,112.7,99,13.7,"NOP",29.949,-90.0822,-6,2024-03-28,48,33.7573,-84.3963,425.299982894986,2260.63072585785,-5,1,-1,0.5,0.857891526936295,0.285714285714286,54.786860421686,11.259756097561,2.44024390243902,"2023-24"
22301087,"2024-04-01","BOS","CHA","A","W",118,14,122.9,109.7,13.2,"CHA",35.2251,-80.8392,-5,2024-03-30,48,29.949,-90.0822,650.188516033024,2516.78453198489,-6,1,1,0.5,0.8698086499581,0.428571428571429,59.9460026176509,11.259756097561,1.94024390243902,"2023-24"
22301105,"2024-04-03","BOS","BOSOKC","H","W",135,35,134.5,97.7,36.8,"BOS",42.3662,-71.0621,-5,2024-04-01,48,35.2251,-80.8392,721.453363153973,3238.23789513886,-5,0,0,0.5,0.897793851005319,0,46.593128366844,11.259756097561,25.540243902439,"2023-24"
22301118,"2024-04-05","BOS","BOSSAC","H","W",101,1,108.7,103.4,5.3,"BOS",42.3662,-71.0621,-5,2024-04-03,48,42.3662,-71.0621,0,2625.68872762015,-5,0,0,0.5,0.874511895052779,0,45.817063168426,11.259756097561,-5.95975609756098,"2023-24"
22301134,"2024-04-07","BOS","BOSPOR","H","W",124,17,123.1,106.2,16.9,"BOS",42.3662,-71.0621,-5,2024-04-05,48,42.3662,-71.0621,0,2386.56957953653,-5,0,0,0.5,0.863910421893662,0,45.4636807297887,11.259756097561,5.64024390243902,"2023-24"
22301148,"2024-04-09","BOS","MIL","A","L",91,-13,97.8,115.7,-17.9,"MIL",43.045,-87.917,-6,2024-04-07,48,42.3662,-71.0621,856.579559187163,2653.52142126915,-5,1,-1,0.5,0.875682619906184,0.285714285714286,55.3798968540157,11.259756097561,-29.159756097561,"2023-24"
22301167,"2024-04-11","BOS","BOSNYK","H","L",109,-9,114.7,116.4,-1.7,"BOS",42.3662,-71.0621,-5,2024-04-09,48,43.045,-87.917,856.579559187163,3510.10098045631,-6,1,1,0.5,0.906745203630439,0.428571428571429,61.1772210733956,11.259756097561,-12.959756097561,"2023-24"
22301173,"2024-04-12","BOS","BOSCHA","H","W",131,33,131.4,96.4,35,"BOS",42.3662,-71.0621,-5,2024-04-11,24,42.3662,-71.0621,0,3084.80099756132,-5,0,0,1,0.892403949255392,0,63.0801316418464,11.259756097561,23.740243902439,"2023-24"
22301186,"2024-04-14","BOS","BOSWAS","H","W",132,10,125.4,109.5,15.9,"BOS",42.3662,-71.0621,-5,2024-04-12,48,42.3662,-71.0621,0,2434.6124815283,-5,0,0,0.5,0.86612320561678,0,45.537440187226,11.259756097561,4.64024390243902,"2023-24"
22300063,"2023-10-25","CHA","CHAATL","H","W",116,6,111.1,102.3,8.8,"CHA",35.2251,-80.8392,-5,NA,NA,NA,NA,0,NA,NA,0,0,0,0,0,0,-9.95853658536585,18.7585365853659,"2023-24"
22300077,"2023-10-27","CHA","CHADET","H","L",99,-12,90,100,-10,"CHA",35.2251,-80.8392,-5,2023-10-25,48,35.2251,-80.8392,0,NA,-5,0,0,0.5,0,0,16.6666666666667,-9.95853658536585,-0.0414634146341459,"2023-24"
22300101,"2023-10-30","CHA","CHABKN","H","L",121,-12,113.3,126.6,-13.3,"CHA",35.2251,-80.8392,-5,2023-10-27,72,35.2251,-80.8392,0,NA,-5,0,0,0,0,0,0,-9.95853658536585,-3.34146341463415,"2023-24"
22300122,"2023-11-01","CHA","HOU","A","L",119,-9,116.7,122.9,-6.3,"HOU",29.7508,-95.3621,-6,2023-10-30,48,35.2251,-80.8392,926.857920087681,NA,-5,1,-1,0.5,0,0.285714285714286,26.1904761904762,-9.95853658536585,3.65853658536585,"2023-24"
22300133,"2023-11-04","CHA","IND","A","W",125,1,126.1,119.2,6.9,"IND",39.7639,-86.1555,-5,2023-11-01,72,29.7508,-95.3621,866.924228775926,NA,-6,1,1,0,0,0.428571428571429,14.2857142857143,-9.95853658536585,16.8585365853659,"2023-24"
22300143,"2023-11-05","CHA","DAL","A","L",118,-6,110,115.8,-5.8,"DAL",32.7905,-96.8103,-6,2023-11-04,24,39.7639,-86.1555,764.314777780896,NA,-5,1,-1,1,0,0.285714285714286,42.8571428571429,-9.95853658536585,4.15853658536585,"2023-24"
22300157,"2023-11-08","CHA","CHAWAS","H","L",116,-16,110.1,124.5,-14.5,"CHA",35.2251,-80.8392,-5,2023-11-05,72,32.7905,-96.8103,930.060694095961,3488.15762074046,-6,1,1,0,0.906048866604571,0.428571428571429,44.4873431725333,-9.95853658536585,-4.54146341463415,"2023-24"
22300009,"2023-11-10","CHA","WAS","A","W",124,7,118.9,111.6,7.2,"WAS",38.8981,-77.021,-5,2023-11-08,48,35.2251,-80.8392,330.029445741506,3818.18706648197,-5,0,0,0.5,0.916087120265918,0,47.2029040088639,-9.95853658536585,17.1585365853659,"2023-24"
22300177,"2023-11-12","CHA","NYK","A","L",107,-22,111.6,130,-18.4,"NYK",40.7505,-73.9934,-5,2023-11-10,48,38.8981,-77.021,205.614779911498,4023.80184639347,-5,0,0,0.5,0.921911449092127,0,47.3970483030709,-9.95853658536585,-8.44146341463414,"2023-24"
22300017,"2023-11-14","CHA","CHAMIA","H","L",105,-6,109.7,118.9,-9.2,"CHA",35.2251,-80.8392,-5,2023-11-12,48,40.7505,-73.9934,533.845366214563,4557.64721260803,-5,0,0,0.5,0.935745315854141,0,47.858177195138,-9.95853658536585,0.758536585365855,"2023-24"
22300027,"2023-11-17","CHA","CHAMIL","H","L",99,-31,95.5,125.3,-29.9,"CHA",35.2251,-80.8392,-5,2023-11-14,72,35.2251,-80.8392,0,3630.78929252035,-5,0,0,0,0.910498921216323,0,30.3499640405441,-9.95853658536585,-19.9414634146341,"2023-24"
22300202,"2023-11-18","CHA","CHANYK","H","L",108,-14,111.7,124,-12.4,"CHA",35.2251,-80.8392,-5,2023-11-17,24,35.2251,-80.8392,0,2763.86506374442,-5,0,0,1,0.880206241251453,0,62.6735413750484,-9.95853658536585,-2.44146341463415,"2023-24"
22300217,"2023-11-20","CHA","CHABOS","H","W",121,3,112.6,104.1,8.4,"CHA",35.2251,-80.8392,-5,2023-11-18,48,35.2251,-80.8392,0,1999.55028596353,-5,0,0,0.5,0.844267184729815,0,44.8089061576605,-9.95853658536585,18.3585365853659,"2023-24"
22300225,"2023-11-22","CHA","CHAWAS","H","W",117,3,114.4,109.7,4.7,"CHA",35.2251,-80.8392,-5,2023-11-20,48,35.2251,-80.8392,0,1069.48959186757,-5,0,0,0.5,0.774814066029858,0,42.4938022009953,-9.95853658536585,14.6585365853659,"2023-24"
22300248,"2023-11-26","CHA","ORL","A","L",117,-13,109.3,118.7,-9.4,"ORL",28.5392,-81.3839,-5,2023-11-22,96,35.2251,-80.8392,463.572297528528,1203.03244365459,-5,0,0,0,0.787871543910168,0,26.2623847970056,-9.95853658536585,0.558536585365854,"2023-24"
22300057,"2023-11-28","CHA","NYK","A","L",91,-24,94.7,117.6,-22.9,"NYK",40.7505,-73.9934,-5,2023-11-26,48,28.5392,-81.3839,942.66914043103,1940.08680417412,-5,0,0,0.5,0.840915712107405,0,44.6971904035802,-9.95853658536585,-12.9414634146341,"2023-24"
22300266,"2023-11-30","CHA","BKN","A","W",129,1,137.2,129.8,7.4,"BKN",40.6826,-73.9754,-5,2023-11-28,48,40.7505,-73.9934,4.79057381509804,1411.03201177466,-5,0,0,0.5,0.80557103112745,0,43.519034370915,-9.95853658536585,17.3585365853659,"2023-24"
22300281,"2023-12-02","CHA","CHAMIN","H","L",117,-6,120.2,125.3,-5.1,"CHA",35.2251,-80.8392,-5,2023-11-30,48,40.6826,-73.9754,531.310885808577,1942.34289758323,-5,0,0,0.5,0.841044732656692,0,44.7014910885564,-9.95853658536585,4.85853658536585,"2023-24"
22301211,"2023-12-06","CHA","CHI","A","L",100,-11,99.7,113.5,-13.8,"CHI",41.8807,-87.6742,-6,2023-12-02,96,35.2251,-80.8392,590.030336327785,2532.37323391102,-5,1,-1,0,0.870494216202007,0.285714285714286,38.5402833972098,-9.95853658536585,-3.84146341463415,"2023-24"
22301216,"2023-12-08","CHA","CHATOR","H","W",119,3,122.9,113.5,9.5,"CHA",35.2251,-80.8392,-5,2023-12-06,48,41.8807,-87.6742,590.030336327785,3122.4035702388,-6,1,1,0.5,0.893749239297045,0.428571428571429,60.7440222622825,-9.95853658536585,19.4585365853659,"2023-24"
22300292,"2023-12-11","CHA","CHAMIA","H","L",114,-2,115.5,122.2,-6.6,"CHA",35.2251,-80.8392,-5,2023-12-08,72,35.2251,-80.8392,0,3122.4035702388,-5,0,0,0,0.893749239297045,0,29.7916413099015,-9.95853658536585,3.35853658536585,"2023-24"
22300312,"2023-12-13","CHA","MIA","A","L",104,-11,105.2,114.6,-9.4,"MIA",25.7814,-80.187,-5,2023-12-11,48,35.2251,-80.8392,654.379273453008,3313.21054616328,-5,0,0,0.5,0.900335297409421,0,46.6778432469807,-9.95853658536585,0.558536585365854,"2023-24"
22300326,"2023-12-15","CHA","CHANOP","H","L",107,-5,105.7,113,-7.4,"CHA",35.2251,-80.8392,-5,2023-12-13,48,25.7814,-80.187,654.379273453008,3024.92067918526,-5,0,0,0.5,0.890227425275581,0,46.3409141758527,-9.95853658536585,2.55853658536585,"2023-24"
22300335,"2023-12-16","CHA","CHAPHI","H","L",82,-53,81.3,134.4,-53,"CHA",35.2251,-80.8392,-5,2023-12-15,24,35.2251,-80.8392,0,3020.13010537016,-5,0,0,1,0.890051441334872,0,63.0017147111624,-9.95853658536585,-43.0414634146341,"2023-24"
22300354,"2023-12-18","CHA","TOR","A","L",99,-15,101.3,114.4,-13.1,"TOR",43.6435,-79.379,-5,2023-12-16,48,35.2251,-80.8392,587.482078914637,3076.30129847622,-5,0,0,0.5,0.89209758825652,0,46.403252941884,-9.95853658536585,-3.14146341463415,"2023-24"
22300365,"2023-12-20","CHA","IND","A","L",113,-31,113.7,146.6,-32.9,"IND",39.7639,-86.1555,-5,2023-12-18,48,43.6435,-79.379,440.75236982524,2927.02333197368,-5,0,0,0.5,0.886574554181933,0,46.2191518060644,-9.95853658536585,-22.9414634146341,"2023-24"
22300390,"2023-12-23","CHA","CHADEN","H","L",95,-7,92.1,100.8,-8.7,"CHA",35.2251,-80.8392,-5,2023-12-20,72,39.7639,-86.1555,428.423571184155,2765.41656683005,-5,0,0,0,0.880268550987367,0,29.3422850329122,-9.95853658536585,1.25853658536585,"2023-24"
22300414,"2023-12-26","CHA","LAC","A","L",104,-9,100.9,115.3,-14.4,"LAC",34.043,-118.2673,-8,2023-12-23,72,35.2251,-80.8392,2119.08467098401,4884.50123781406,-5,3,-1,0,0.943436505997847,0.857142857142857,60.0193121046901,-9.95853658536585,-4.44146341463415,"2023-24"
22300428,"2023-12-28","CHA","LAL","A","L",112,-21,103.4,121.8,-18.4,"LAL",34.043,-118.2673,-8,2023-12-26,48,34.043,-118.2673,0,4230.12196436105,-8,0,0,0.5,0.927464035968137,0,47.5821345322712,-9.95853658536585,-8.44146341463414,"2023-24"
22300436,"2023-12-29","CHA","PHX","A","L",119,-14,127.2,142.2,-14.9,"PHX",33.4457,-112.0712,-7,2023-12-28,24,34.043,-118.2673,358.712741358694,3934.45543226674,-8,1,1,1,0.919418018474636,0.428571428571429,78.2663149015355,-9.95853658536585,-4.94146341463415,"2023-24"
22300455,"2024-01-01","CHA","DEN","A","L",93,-18,93.9,113.4,-19.5,"DEN",39.7487,-105.0077,-7,2023-12-29,72,33.4457,-112.0712,586.063055747443,4520.51848801418,-7,0,0,0,0.934836977390558,0,31.1612325796853,-9.95853658536585,-9.54146341463415,"2023-24"
22300464,"2024-01-02","CHA","SAC","A","W",111,7,109.5,98.6,10.9,"SAC",38.5805,-121.4993,-8,2024-01-01,24,39.7487,-105.0077,886.874142718948,4819.91055181849,-7,1,-1,1,0.941958260303842,0.285714285714286,74.2557515339376,-9.95853658536585,20.8585365853659,"2023-24"
22300484,"2024-01-05","CHA","CHI","A","L",91,-13,95.5,112.5,-16.9,"CHI",41.8807,-87.6742,-6,2024-01-02,72,38.5805,-121.4993,1789.07410402957,6168.23228602283,-8,2,1,0,0.969349551217771,0.714285714285714,56.1211755167828,-9.95853658536585,-6.94146341463414,"2023-24"
22300506,"2024-01-08","CHA","CHACHI","H","L",112,-7,109.3,113.8,-4.5,"CHA",35.2251,-80.8392,-5,2024-01-05,72,41.8807,-87.6742,590.030336327785,6329.83905116646,-6,1,1,0,0.97222165594155,0.428571428571429,46.6931028170993,-9.95853658536585,5.45853658536585,"2023-24"
22300518,"2024-01-10","CHA","CHASAC","H","L",98,-25,102,129.3,-27.3,"CHA",35.2251,-80.8392,-5,2024-01-08,48,35.2251,-80.8392,0,4210.75438018244,-5,0,0,0.5,0.926954453107384,0,47.5651484369128,-9.95853658536585,-17.3414634146341,"2023-24"
22300541,"2024-01-12","CHA","SAS","A","L",99,-36,94,122.8,-28.8,"SAS",29.427,-98.4375,-6,2024-01-10,48,35.2251,-80.8392,1102.06672120228,5312.82110138473,-5,1,-1,0.5,0.952770798889425,0.285714285714286,57.9495028201237,-9.95853658536585,-18.8414634146341,"2023-24"
22300551,"2024-01-14","CHA","MIA","A","L",87,-17,87.3,106.1,-18.7,"MIA",25.7814,-80.187,-5,2024-01-12,48,29.427,-98.4375,1145.43812525872,6099.54648528475,-6,1,1,0.5,0.968105999656729,0.428571428571429,63.2225809409386,-9.95853658536585,-8.74146341463415,"2023-24"
22300575,"2024-01-17","CHA","NOP","A","L",112,-20,115.6,138.8,-23.2,"NOP",29.949,-90.0822,-6,2024-01-14,72,25.7814,-80.187,669.887253368473,6183.37068290578,-5,1,-1,0,0.969621768373519,0.285714285714286,41.8445351362602,-9.95853658536585,-13.2414634146341,"2023-24"
22300584,"2024-01-19","CHA","CHASAS","H","W",124,4,125.2,123.1,2.1,"CHA",35.2251,-80.8392,-5,2024-01-17,48,29.949,-90.0822,650.188516033024,5946.68505621986,-6,1,1,0.5,0.965287441878175,0.428571428571429,63.1286290149868,-9.95853658536585,12.0585365853659,"2023-24"
22300593,"2024-01-20","CHA","CHAPHI","H","L",89,-8,88,97.4,-9.4,"CHA",35.2251,-80.8392,-5,2024-01-19,24,35.2251,-80.8392,0,4157.61095219029,-5,0,0,1,0.925544060528977,0,64.1848020176325,-9.95853658536585,0.558536585365854,"2023-24"
22300610,"2024-01-22","CHA","MIN","A","W",128,3,129.4,122.5,6.8,"MIN",44.9795,-93.276,-6,2024-01-20,48,35.2251,-80.8392,940.342795083531,4507.92341094603,-5,1,-1,0.5,0.93452714905408,0.285714285714286,57.3413811589455,-9.95853658536585,16.7585365853659,"2023-24"
22300619,"2024-01-24","CHA","DET","A","L",106,-7,108.9,112.1,-3.2,"DET",42.341,-83.0552,-5,2024-01-22,48,44.9795,-93.276,542.586631066174,5050.51004201221,-6,1,1,0.5,0.947147965904976,0.428571428571429,62.5239798158801,-9.95853658536585,6.75853658536585,"2023-24"
22300635,"2024-01-26","CHA","CHAHOU","H","L",104,-34,97.1,130.6,-33.5,"CHA",35.2251,-80.8392,-5,2024-01-24,48,42.341,-83.0552,506.454754534076,4454.898075344,-5,0,0,0.5,0.933213208032343,0,47.7737736010781,-9.95853658536585,-23.5414634146341,"2023-24"
22300647,"2024-01-27","CHA","CHAUTA","H","L",122,-12,119.3,134.7,-15.4,"CHA",35.2251,-80.8392,-5,2024-01-26,24,35.2251,-80.8392,0,3309.45995008528,-5,0,0,1,0.900209530877018,0,63.3403176959006,-9.95853658536585,-5.44146341463415,"2023-24"
22300657,"2024-01-29","CHA","CHANYK","H","L",92,-21,99.8,121.5,-21.6,"CHA",35.2251,-80.8392,-5,2024-01-27,48,35.2251,-80.8392,0,2639.57269671681,-5,0,0,0.5,0.875097438058222,0,45.8365812686074,-9.95853658536585,-11.6414634146341,"2023-24"
22300674,"2024-01-31","CHA","CHACHI","H","L",110,-7,111.7,122.3,-10.6,"CHA",35.2251,-80.8392,-5,2024-01-29,48,35.2251,-80.8392,0,1989.38418068378,-5,0,0,0.5,0.843701323455976,0,44.7900441151992,-9.95853658536585,-0.641463414634146,"2023-24"
22300695,"2024-02-02","CHA","OKC","A","L",106,-20,100.8,122.5,-21.7,"OKC",35.4634,-97.5151,-6,2024-01-31,48,35.2251,-80.8392,939.914603664035,2929.29878434782,-5,1,-1,0.5,0.88666083684712,0.285714285714286,55.7458374187135,-9.95853658536585,-11.7414634146341,"2023-24"
22300707,"2024-02-04","CHA","CHAIND","H","L",99,-16,100,115.1,-15.1,"CHA",35.2251,-80.8392,-5,2024-02-02,48,35.4634,-97.5151,939.914603664035,2928.87059292832,-6,1,1,0.5,0.886644605415762,0.428571428571429,60.5072011329064,-9.95853658536585,-5.14146341463415,"2023-24"
22300713,"2024-02-05","CHA","CHALAL","H","L",118,-6,111.2,115.5,-4.3,"CHA",35.2251,-80.8392,-5,2024-02-04,24,35.2251,-80.8392,0,2386.28396186215,-5,0,0,1,0.86389713406403,0,62.129904468801,-9.95853658536585,5.65853658536585,"2023-24"
22300726,"2024-02-07","CHA","CHATOR","H","L",117,-6,117.2,128.7,-11.5,"CHA",35.2251,-80.8392,-5,2024-02-05,48,35.2251,-80.8392,0,1879.82920732807,-5,0,0,0.5,0.837413070642031,0,44.5804356880677,-9.95853658536585,-1.54146341463415,"2023-24"
22300745,"2024-02-09","CHA","MIL","A","L",84,-36,85.1,118.2,-33.1,"MIL",43.045,-87.917,-6,2024-02-07,48,35.2251,-80.8392,660.339159868779,2540.16836719685,-5,1,-1,0.5,0.870835453187664,0.285714285714286,55.218324630065,-9.95853658536585,-23.1414634146341,"2023-24"
22300751,"2024-02-10","CHA","CHAMEM","H","W",115,9,116.1,107.6,8.5,"CHA",35.2251,-80.8392,-5,2024-02-09,24,43.045,-87.917,660.339159868779,3200.50752706563,-6,1,1,1,0.896492516625551,0.428571428571429,77.502131506566,-9.95853658536585,18.4585365853659,"2023-24"
22300761,"2024-02-12","CHA","CHAIND","H","W",111,9,107.7,103,4.7,"CHA",35.2251,-80.8392,-5,2024-02-10,48,35.2251,-80.8392,0,3200.50752706563,-5,0,0,0.5,0.896492516625551,0,46.549750554185,-9.95853658536585,14.6585365853659,"2023-24"
22300777,"2024-02-14","CHA","CHAATL","H","W",122,23,123.5,100.2,23.3,"CHA",35.2251,-80.8392,-5,2024-02-12,48,35.2251,-80.8392,0,2260.59292340159,-5,0,0,0.5,0.857889670410512,0,45.2629890136837,-9.95853658536585,33.2585365853659,"2023-24"
22300801,"2024-02-22","CHA","UTA","A","W",115,8,115.4,105,10.3,"UTA",40.7683,-111.9011,-7,2024-02-14,192,35.2251,-80.8392,1726.42162217497,3047.09994191253,-5,2,-1,0,0.891038576449008,0.571428571428571,48.7489049292527,-9.95853658536585,20.2585365853659,"2023-24"
22300811,"2024-02-23","CHA","GSW","A","L",84,-13,85,94.7,-9.7,"GSW",37.768,-122.3877,-8,2024-02-22,24,40.7683,-111.9011,598.218575101357,3645.31851701389,-7,1,-1,1,0.910942380298464,0.285714285714286,73.2218888670916,-9.95853658536585,0.258536585365855,"2023-24"
22300826,"2024-02-25","CHA","POR","A","W",93,13,95.4,83.3,12.1,"POR",45.5316,-122.6668,-8,2024-02-23,48,37.768,-122.3877,537.207889971362,4182.52640698525,-8,0,0,0.5,0.926207531309174,0,47.5402510436391,-9.95853658536585,22.0585365853659,"2023-24"
22300840,"2024-02-27","CHA","MIL","A","L",85,-38,88.1,128.2,-40.1,"MIL",43.045,-87.917,-6,2024-02-25,48,45.5316,-122.6668,1715.68210935959,5237.86935647606,-8,2,1,0.5,0.951192988254688,0.714285714285714,72.1826234180134,-9.95853658536585,-30.1414634146341,"2023-24"
22300849,"2024-02-29","CHA","CHAMIL","H","L",99,-12,104.4,117.1,-12.7,"CHA",35.2251,-80.8392,-5,2024-02-27,48,43.045,-87.917,660.339159868779,5237.86935647606,-6,1,1,0.5,0.951192988254688,0.428571428571429,62.6588138942039,-9.95853658536585,-2.74146341463415,"2023-24"
22300858,"2024-03-01","CHA","PHI","A","L",114,-7,127.4,130.3,-2.9,"PHI",39.9012,-75.172,-5,2024-02-29,24,35.2251,-80.8392,448.328498580875,5686.19785505694,-5,0,0,1,0.960313210558435,0,65.3437736852812,-9.95853658536585,7.05853658536585,"2023-24"
22300875,"2024-03-03","CHA","TOR","A","L",106,-5,100.9,106.8,-5.9,"TOR",43.6435,-79.379,-5,2024-03-01,48,39.9012,-75.172,337.702164435139,6023.90001949207,-5,0,0,0.5,0.966720119858342,0,48.8906706619447,-9.95853658536585,4.05853658536585,"2023-24"
22300885,"2024-03-05","CHA","CHAORL","H","L",89,-12,95.9,111.5,-15.6,"CHA",35.2251,-80.8392,-5,2024-03-03,48,43.6435,-79.379,587.482078914637,4884.96047623174,-5,0,0,0.5,0.943446946171072,0,48.1148982057024,-9.95853658536585,-5.64146341463415,"2023-24"
22300910,"2024-03-08","CHA","WAS","A","L",100,-12,99.4,114.1,-14.7,"WAS",38.8981,-77.021,-5,2024-03-05,72,35.2251,-80.8392,330.029445741506,4616.77134687189,-5,0,0,0,0.93717660249185,0,31.2392200830616,-9.95853658536585,-4.74146341463415,"2023-24"
22300918,"2024-03-09","CHA","CHABKN","H","W",110,11,115.1,101.6,13.5,"CHA",35.2251,-80.8392,-5,2024-03-08,24,38.8981,-77.021,330.029445741506,4409.59290264203,-5,0,0,1,0.932078121892684,0,64.4026040630895,-9.95853658536585,23.4585365853659,"2023-24"
22300933,"2024-03-11","CHA","DET","A","L",97,-17,95,114.5,-19.5,"DET",42.341,-83.0552,-5,2024-03-09,48,35.2251,-80.8392,506.454754534076,3200.36554781652,-5,0,0,0.5,0.896487590800202,0,46.5495863600067,-9.95853658536585,-9.54146341463415,"2023-24"
22300950,"2024-03-13","CHA","MEM","A","W",110,12,108.1,100.2,8,"MEM",35.1382,-90.0505,-6,2024-03-11,48,42.341,-83.0552,624.541700748394,3164.56808869613,-5,1,-1,0.5,0.895238610805974,0.285714285714286,56.031763217342,-9.95853658536585,17.9585365853659,"2023-24"
22300961,"2024-03-15","CHA","CHAPHX","H","L",96,-11,97.1,111.7,-14.6,"CHA",35.2251,-80.8392,-5,2024-03-13,48,35.1382,-90.0505,520.612740271535,3236.85233038679,-6,1,1,0.5,0.897746331062042,0.428571428571429,60.877258654449,-9.95853658536585,-4.64146341463415,"2023-24"
22300969,"2024-03-16","CHA","PHI","A","L",98,-11,104.3,111.2,-6.9,"PHI",39.9012,-75.172,-5,2024-03-15,24,35.2251,-80.8392,448.328498580875,3347.47866453253,-5,0,0,1,0.901477843055079,0,63.3825947685026,-9.95853658536585,3.05853658536585,"2023-24"
22300991,"2024-03-19","CHA","ORL","A","L",92,-20,95.9,118.2,-22.4,"ORL",28.5392,-81.3839,-5,2024-03-16,72,39.9012,-75.172,861.902919591315,3621.89950520921,-5,0,0,0,0.910226712625249,0,30.3408904208416,-9.95853658536585,-12.4414634146341,"2023-24"
22301021,"2024-03-23","CHA","ATL","A","L",91,-41,96.6,140.2,-43.5,"ATL",33.7573,-84.3963,-5,2024-03-19,96,28.5392,-81.3839,402.531616952204,3694.4016764199,-5,0,0,0,0.912427529816941,0,30.414250993898,-9.95853658536585,-33.5414634146341,"2023-24"
22301033,"2024-03-25","CHA","CLE","A","L",92,-23,98,120.5,-22.6,"CLE",41.4965,-81.6882,-5,2024-03-23,48,33.7573,-84.3963,555.419822943867,3919.79205362227,-5,0,0,0.5,0.91900340021471,0,47.3001133404903,-9.95853658536585,-12.6414634146341,"2023-24"
22301048,"2024-03-27","CHA","CHACLE","H","W",118,7,126,114.2,11.7,"CHA",35.2251,-80.8392,-5,2024-03-25,48,41.4965,-81.6882,436.228540896052,3849.56583998424,-5,0,0,0.5,0.916995957354844,0,47.2331985784948,-9.95853658536585,21.6585365853659,"2023-24"
22301062,"2024-03-29","CHA","CHAGSW","H","L",97,-18,103.7,121.1,-17.4,"CHA",35.2251,-80.8392,-5,2024-03-27,48,35.2251,-80.8392,0,3225.02413923585,-5,0,0,0.5,0.897339836445677,0,46.5779945481892,-9.95853658536585,-7.44146341463414,"2023-24"
22301079,"2024-03-31","CHA","CHALAC","H","L",118,-12,121.9,139.8,-18,"CHA",35.2251,-80.8392,-5,2024-03-29,48,35.2251,-80.8392,0,2704.41139896431,-5,0,0,0.5,0.877791806448715,0,45.9263935482905,-9.95853658536585,-8.04146341463415,"2023-24"
22301087,"2024-04-01","CHA","CHABOS","H","L",104,-14,109.7,122.9,-13.2,"CHA",35.2251,-80.8392,-5,2024-03-31,24,35.2251,-80.8392,0,2256.08290038344,-5,0,0,1,0.857667954558886,0,61.9222651519628,-9.95853658536585,-3.24146341463415,"2023-24"
22301102,"2024-04-03","CHA","CHAPOR","H","L",86,-3,89,88.8,0.2,"CHA",35.2251,-80.8392,-5,2024-04-01,48,35.2251,-80.8392,0,1394.17998079212,-5,0,0,0.5,0.804237475051325,0,43.4745825017108,-9.95853658536585,10.1585365853659,"2023-24"
22301115,"2024-04-05","CHA","CHAORL","H","W",124,9,126.4,114.5,11.9,"CHA",35.2251,-80.8392,-5,2024-04-03,48,35.2251,-80.8392,0,991.648363839919,-5,0,0,0.5,0.766428803977925,0,42.2142934659308,-9.95853658536585,21.8585365853659,"2023-24"
22301135,"2024-04-07","CHA","CHAOKC","H","L",118,-3,117.8,119.2,-1.4,"CHA",35.2251,-80.8392,-5,2024-04-05,48,35.2251,-80.8392,0,436.228540896052,-5,0,0,0.5,0.675359765653279,0,39.1786588551093,-9.95853658536585,8.55853658536585,"2023-24"
22301144,"2024-04-09","CHA","CHADAL","H","L",104,-26,101.7,129,-27.2,"CHA",35.2251,-80.8392,-5,2024-04-07,48,35.2251,-80.8392,0,9.2370555648813e-14,-5,0,0,0.5,1.0259650995647e-14,0,16.666666666667,-9.95853658536585,-17.2414634146341,"2023-24"
22301159,"2024-04-10","CHA","ATL","A","W",115,1,117.7,114,3.8,"ATL",33.7573,-84.3963,-5,2024-04-09,24,35.2251,-80.8392,226.769983569395,226.769983569396,-5,0,0,1,0.602928447110291,0,53.4309482370097,-9.95853658536585,13.7585365853659,"2023-24"
22301173,"2024-04-12","CHA","BOS","A","L",98,-33,96.4,131.4,-35,"BOS",42.3662,-71.0621,-5,2024-04-10,48,33.7573,-84.3963,937.145034673311,1163.91501824271,-5,0,0,0.5,0.784203087710206,0,42.8067695903402,-9.95853658536585,-25.0414634146341,"2023-24"
22301187,"2024-04-14","CHA","CLE","A","W",120,10,125.2,111.2,14.1,"CLE",41.4965,-81.6882,-5,2024-04-12,48,42.3662,-71.0621,549.745779182527,1713.66079742523,-5,0,0,0.5,0.827139322970589,0,44.237977432353,-9.95853658536585,24.0585365853659,"2023-24"
22300070,"2023-10-25","CHI","CHIOKC","H","L",104,-20,102,122.9,-20.8,"CHI",41.8807,-87.6742,-6,NA,NA,NA,NA,0,NA,NA,0,0,0,0,0,0,-0.923170731707317,-19.8768292682927,"2023-24"
22300082,"2023-10-27","CHI","CHITOR","H","W",104,1,91.8,93.6,-1.9,"CHI",41.8807,-87.6742,-6,2023-10-25,48,41.8807,-87.6742,0,NA,-6,0,0,0.5,0,0,16.6666666666667,-0.923170731707317,-0.976829268292683,"2023-24"
22300088,"2023-10-28","CHI","DET","A","L",102,-16,107.3,121.9,-14.6,"DET",42.341,-83.0552,-5,2023-10-27,24,41.8807,-87.6742,239.119148083624,NA,-6,1,1,1,0,0.428571428571429,47.6190476190476,-0.923170731707317,-13.6768292682927,"2023-24"
22300102,"2023-10-30","CHI","IND","A","W",112,7,108.1,100,8.1,"IND",39.7639,-86.1555,-5,2023-10-28,48,42.341,-83.0552,240.65033250501,NA,-5,0,0,0.5,0,0,16.6666666666667,-0.923170731707317,9.02317073170732,"2023-24"
22300124,"2023-11-01","CHI","DAL","A","L",105,-9,110.7,119.6,-8.9,"DAL",32.7905,-96.8103,-6,2023-10-30,48,39.7639,-86.1555,764.314777780896,NA,-5,1,-1,0.5,0,0.285714285714286,26.1904761904762,-0.923170731707317,-7.97682926829268,"2023-24"
22300004,"2023-11-03","CHI","CHIBKN","H","L",107,-2,111.3,107.7,3.6,"CHI",41.8807,-87.6742,-6,2023-11-01,48,32.7905,-96.8103,803.851209205473,NA,-6,0,0,0.5,0,0,16.6666666666667,-0.923170731707317,4.52317073170732,"2023-24"
22300139,"2023-11-04","CHI","DEN","A","L",101,-22,102.9,127.9,-24.9,"DEN",39.7487,-105.0077,-7,2023-11-03,24,41.8807,-87.6742,917.687901051507,2965.62336862651,-6,1,-1,1,0.888029226489794,0.285714285714286,72.4581170734693,-0.923170731707317,-23.9768292682927,"2023-24"
22300152,"2023-11-06","CHI","CHIUTA","H","W",130,17,130.8,113.6,17.2,"CHI",41.8807,-87.6742,-6,2023-11-04,48,39.7487,-105.0077,917.687901051507,3883.31126967802,-7,1,1,0.5,0.91796511254748,0.428571428571429,61.5512180372969,-0.923170731707317,18.1231707317073,"2023-24"
22300162,"2023-11-08","CHI","CHIPHX","H","L",115,-1,103.5,105.5,-2,"CHI",41.8807,-87.6742,-6,2023-11-06,48,41.8807,-87.6742,0,3883.31126967802,-6,0,0,0.5,0.91796511254748,0,47.2655037515827,-0.923170731707317,-1.07682926829268,"2023-24"
22300181,"2023-11-12","CHI","CHIDET","H","W",119,11,121.4,108.6,12.8,"CHI",41.8807,-87.6742,-6,2023-11-08,96,41.8807,-87.6742,0,3644.19212159439,-6,0,0,0,0.910908063845436,0,30.3636021281812,-0.923170731707317,13.7231707317073,"2023-24"
22300190,"2023-11-13","CHI","MIL","A","L",109,-9,109.8,112.5,-2.7,"MIL",43.045,-87.917,-6,2023-11-12,24,41.8807,-87.6742,81.4830103720468,3485.02479946143,-6,0,0,1,0.905949094506204,0,63.5316364835401,-0.923170731707317,-1.77682926829268,"2023-24"
22300196,"2023-11-15","CHI","CHIORL","H","L",94,-2,96.2,97.8,-1.5,"CHI",41.8807,-87.6742,-6,2023-11-13,48,43.045,-87.917,81.4830103720468,2802.19303205258,-6,0,0,0.5,0.881735383640534,0,46.0578461213511,-0.923170731707317,-0.576829268292683,"2023-24"
22300033,"2023-11-17","CHI","CHIORL","H","L",97,-6,97.3,105,-7.7,"CHI",41.8807,-87.6742,-6,2023-11-15,48,41.8807,-87.6742,0,1998.34182284711,-6,0,0,0.5,0.844200070569168,0,44.8066690189723,-0.923170731707317,-6.77682926829268,"2023-24"
22300204,"2023-11-18","CHI","CHIMIA","H","W",102,5,110.4,99.9,10.6,"CHI",41.8807,-87.6742,-6,2023-11-17,24,41.8807,-87.6742,0,1080.6539217956,-6,0,0,1,0.775966442432663,0,59.1988814144221,-0.923170731707317,11.5231707317073,"2023-24"
22300220,"2023-11-20","CHI","CHIMIA","H","L",100,-18,108.6,125.8,-17.2,"CHI",41.8807,-87.6742,-6,2023-11-18,48,41.8807,-87.6742,0,162.966020744094,-6,0,0,0.5,0.566422096122093,0,35.5474032040698,-0.923170731707317,-16.2768292682927,"2023-24"
22300234,"2023-11-22","CHI","OKC","A","L",102,-14,105.7,122.5,-16.7,"OKC",35.4634,-97.5151,-6,2023-11-20,48,41.8807,-87.6742,691.623029444736,854.58905018883,-6,0,0,0.5,0.749925236987109,0,41.664174566237,-0.923170731707317,-15.7768292682927,"2023-24"
22300046,"2023-11-24","CHI","TOR","A","L",108,-13,114.5,126.2,-11.7,"TOR",43.6435,-79.379,-5,2023-11-22,48,35.4634,-97.5151,1117.00539483132,1971.59444502015,-6,1,1,0.5,0.842704129335293,0.428571428571429,59.0425185968907,-0.923170731707317,-10.7768292682927,"2023-24"
22300250,"2023-11-26","CHI","BKN","A","L",109,-9,116.4,127.4,-11.1,"BKN",40.6826,-73.9754,-5,2023-11-24,48,43.6435,-79.379,344.413109831946,2234.52454448005,-5,0,0,0.5,0.856601973407685,0,45.2200657802562,-0.923170731707317,-10.1768292682927,"2023-24"
22300053,"2023-11-28","CHI","BOS","A","L",97,-27,100.1,123.7,-23.6,"BOS",42.3662,-71.0621,-5,2023-11-26,48,40.6826,-73.9754,190.567434431045,2343.60896853904,-5,0,0,0.5,0.86189368015957,0,45.396456005319,-0.923170731707317,-22.6768292682927,"2023-24"
22300269,"2023-11-30","CHI","CHIMIL","H","W",120,7,104.6,97.6,7,"CHI",41.8807,-87.6742,-6,2023-11-28,48,42.3662,-71.0621,851.574727889727,3195.18369642877,-5,1,-1,0.5,0.896307662101867,0.285714285714286,56.0673982605384,-0.923170731707317,7.92317073170732,"2023-24"
22300285,"2023-12-02","CHI","CHINOP","H","W",124,6,129.7,122.4,7.3,"CHI",41.8807,-87.6742,-6,2023-11-30,48,41.8807,-87.6742,0,3195.18369642877,-6,0,0,0.5,0.896307662101867,0,46.5435887367289,-0.923170731707317,8.22317073170732,"2023-24"
22301211,"2023-12-06","CHI","CHICHA","H","W",111,11,113.5,99.7,13.8,"CHI",41.8807,-87.6742,-6,2023-12-02,96,41.8807,-87.6742,0,3195.18369642877,-6,0,0,0,0.896307662101867,0,29.8769220700622,-0.923170731707317,14.7231707317073,"2023-24"
22301223,"2023-12-08","CHI","SAS","A","W",121,9,125.3,118.1,7.2,"SAS",29.427,-98.4375,-6,2023-12-06,48,41.8807,-87.6742,1050.71012657489,3554.27079355893,-6,0,0,0.5,0.908133760790766,0,46.9377920263589,-0.923170731707317,8.12317073170732,"2023-24"
22300300,"2023-12-11","CHI","MIL","A","L",129,-4,114.2,124,-9.8,"MIL",43.045,-87.917,-6,2023-12-08,72,29.427,-98.4375,1107.81082097399,3545.07621970159,-6,0,0,0,0.907846140089925,0,30.2615380029975,-0.923170731707317,-8.87682926829268,"2023-24"
22300307,"2023-12-12","CHI","CHIDEN","H","L",106,-8,106.9,122.5,-15.5,"CHI",41.8807,-87.6742,-6,2023-12-11,24,43.045,-87.917,81.4830103720468,3282.1461202417,-6,0,0,1,0.899289312051066,0,63.3096437350355,-0.923170731707317,-14.5768292682927,"2023-24"
22300320,"2023-12-14","CHI","MIA","A","W",124,8,123.8,117.9,5.9,"MIA",25.7814,-80.187,-5,2023-12-12,48,41.8807,-87.6742,1192.57569343884,4284.15437924949,-6,1,1,0.5,0.928873452908843,0.428571428571429,61.9148293826757,-0.923170731707317,6.82317073170732,"2023-24"
22300337,"2023-12-16","CHI","MIA","A","L",116,-2,123.7,122.9,0.8,"MIA",25.7814,-80.187,-5,2023-12-14,48,25.7814,-80.187,0,3432.57965135976,-5,0,0,0.5,0.904265407384374,0,46.8088469128125,-0.923170731707317,1.72317073170732,"2023-24"
22300351,"2023-12-18","CHI","PHI","A","W",108,4,114.2,104.7,9.5,"PHI",39.9012,-75.172,-5,2023-12-16,48,25.7814,-80.187,1018.75373005738,4451.33338141714,-5,0,0,0.5,0.933124316620506,0,47.7708105540169,-0.923170731707317,10.4231707317073,"2023-24"
22300370,"2023-12-20","CHI","CHILAL","H","W",124,16,121.8,101.3,20.4,"CHI",41.8807,-87.6742,-6,2023-12-18,48,39.9012,-75.172,667.279074044817,5118.61245546196,-5,1,-1,0.5,0.948635370556934,0.285714285714286,57.8116552090406,-0.923170731707317,21.3231707317073,"2023-24"
22300376,"2023-12-21","CHI","CHISAS","H","W",114,19,111.9,96.9,15,"CHI",41.8807,-87.6742,-6,2023-12-20,24,41.8807,-87.6742,0,4067.90232888706,-6,0,0,1,0.923121850274309,0,64.1040616758103,-0.923170731707317,15.9231707317073,"2023-24"
22300396,"2023-12-23","CHI","CHICLE","H","L",95,-14,99.6,111.9,-12.2,"CHI",41.8807,-87.6742,-6,2023-12-21,48,41.8807,-87.6742,0,2960.09150791308,-6,0,0,0.5,0.887821919911325,0,46.2607306637108,-0.923170731707317,-11.2768292682927,"2023-24"
22300408,"2023-12-26","CHI","CHIATL","H","W",118,5,120.9,110.5,10.3,"CHI",41.8807,-87.6742,-6,2023-12-23,72,41.8807,-87.6742,0,2878.60849754103,-6,0,0,0,0.884722650214112,0,29.4907550071371,-0.923170731707317,11.2231707317073,"2023-24"
22300422,"2023-12-28","CHI","CHIIND","H","L",104,-16,102.3,116.9,-14.6,"CHI",41.8807,-87.6742,-6,2023-12-26,48,41.8807,-87.6742,0,1686.0328041022,-6,0,0,0.5,0.825335089538527,0,44.1778363179509,-0.923170731707317,-13.6768292682927,"2023-24"
22300442,"2023-12-30","CHI","CHIPHI","H","W",105,13,108,97.3,10.8,"CHI",41.8807,-87.6742,-6,2023-12-28,48,41.8807,-87.6742,0,1686.0328041022,-6,0,0,0.5,0.825335089538527,0,44.1778363179509,-0.923170731707317,11.7231707317073,"2023-24"
22300459,"2024-01-02","CHI","PHI","A","L",97,-13,92.3,103.6,-11.3,"PHI",39.9012,-75.172,-5,2023-12-30,72,41.8807,-87.6742,667.279074044817,1334.55814808963,-6,1,1,0,0.799386563915187,0.428571428571429,40.9319330828872,-0.923170731707317,-10.3768292682927,"2023-24"
22300468,"2024-01-03","CHI","NYK","A","L",100,-16,104.1,119.8,-15.7,"NYK",40.7505,-73.9934,-5,2024-01-02,24,39.9012,-75.172,85.5210890521257,752.800163096942,-5,0,0,1,0.735856717474193,0,57.8618905824731,-0.923170731707317,-14.7768292682927,"2023-24"
22300484,"2024-01-05","CHI","CHICHA","H","W",104,13,112.5,95.5,16.9,"CHI",41.8807,-87.6742,-6,2024-01-03,48,40.7505,-73.9934,714.275815551409,1467.07597864835,-5,1,-1,0.5,0.809894217389246,0.285714285714286,53.186950103451,-0.923170731707317,17.8231707317073,"2023-24"
22300506,"2024-01-08","CHI","CHA","A","W",119,7,113.8,109.3,4.5,"CHA",35.2251,-80.8392,-5,2024-01-05,72,41.8807,-87.6742,590.030336327785,2057.10631497614,-6,1,1,0,0.847417591683624,0.428571428571429,42.5329673418351,-0.923170731707317,5.42317073170732,"2023-24"
22300523,"2024-01-10","CHI","CHIHOU","H","W",124,5,110.7,103.7,7.1,"CHI",41.8807,-87.6742,-6,2024-01-08,48,35.2251,-80.8392,590.030336327785,2647.13665130392,-5,1,-1,0.5,0.875415146340015,0.285714285714286,55.3709810684767,-0.923170731707317,8.02317073170732,"2023-24"
22300536,"2024-01-12","CHI","CHIGSW","H","L",131,-9,132.3,141.1,-8.9,"CHI",41.8807,-87.6742,-6,2024-01-10,48,41.8807,-87.6742,0,2647.13665130392,-6,0,0,0.5,0.875415146340015,0,45.8471715446672,-0.923170731707317,-7.97682926829268,"2023-24"
22300548,"2024-01-13","CHI","SAS","A","W",122,6,121,113.6,7.4,"SAS",29.427,-98.4375,-6,2024-01-12,24,41.8807,-87.6742,1050.71012657489,3697.84677787881,-6,0,0,1,0.912531029027165,0,63.7510343009055,-0.923170731707317,8.32317073170732,"2023-24"
22300561,"2024-01-15","CHI","CLE","A","L",91,-18,88.3,108.1,-19.8,"CLE",41.4965,-81.6882,-5,2024-01-13,48,29.427,-98.4375,1255.78412188307,4286.35182571707,-6,1,1,0.5,0.928930395802448,0.428571428571429,61.9167274791292,-0.923170731707317,-18.8768292682927,"2023-24"
22300580,"2024-01-18","CHI","TOR","A","W",116,6,114.3,111.3,3,"TOR",43.6435,-79.379,-5,2024-01-15,72,41.4965,-81.6882,189.436357987111,4390.26709465205,-5,0,0,0,0.931590376777076,0,31.0530125592359,-0.923170731707317,3.92317073170732,"2023-24"
22300597,"2024-01-20","CHI","CHIMEM","H","W",125,29,126,97.8,28.1,"CHI",41.8807,-87.6742,-6,2024-01-18,48,43.6435,-79.379,438.33409593099,4114.32537503164,-5,1,-1,0.5,0.924381905602659,0.285714285714286,57.0032063772315,-0.923170731707317,29.0231707317073,"2023-24"
22300612,"2024-01-22","CHI","PHX","A","L",113,-2,118.7,121.7,-3,"PHX",33.4457,-112.0712,-7,2024-01-20,48,41.8807,-87.6742,1451.16859826995,4975.4636369738,-6,1,-1,0.5,0.945485495806967,0.285714285714286,57.7066593840418,-0.923170731707317,-2.07682926829268,"2023-24"
22300633,"2024-01-25","CHI","LAL","A","L",132,-9,124.8,134.5,-9.7,"LAL",34.043,-118.2673,-8,2024-01-22,72,33.4457,-112.0712,358.712741358694,4744.14604200471,-7,1,-1,0,0.940198834406545,0.285714285714286,40.8637706706944,-0.923170731707317,-8.77682926829268,"2023-24"
22300656,"2024-01-28","CHI","POR","A","W",104,8,106.7,97.2,9.5,"POR",45.5316,-122.6668,-8,2024-01-25,72,34.043,-118.2673,828.020463382259,5572.16650538697,-8,0,0,0,0.958063556731226,0,31.9354518910409,-0.923170731707317,10.4231707317073,"2023-24"
22300672,"2024-01-30","CHI","CHITOR","H","L",107,-11,106.1,114.8,-8.7,"CHI",41.8807,-87.6742,-6,2024-01-28,48,45.5316,-122.6668,1753.69563630196,6275.15201511403,-8,2,1,0.5,0.971258038411519,0.714285714285714,72.8514584232411,-0.923170731707317,-7.77682926829268,"2023-24"
22300674,"2024-01-31","CHI","CHA","A","W",117,7,122.3,111.7,10.6,"CHA",35.2251,-80.8392,-5,2024-01-30,24,41.8807,-87.6742,590.030336327785,5609.39822955874,-6,1,1,1,0.958803099890362,0.428571428571429,79.5791509487263,-0.923170731707317,11.5231707317073,"2023-24"
22300700,"2024-02-03","CHI","CHISAC","H","L",115,-8,108.8,112.1,-3.2,"CHI",41.8807,-87.6742,-6,2024-01-31,72,35.2251,-80.8392,590.030336327785,6009.99220789942,-5,1,-1,0,0.966463429397993,0.285714285714286,41.7392571704093,-0.923170731707317,-2.27682926829268,"2023-24"
22300723,"2024-02-06","CHI","CHIMIN","H","W",129,6,119.4,114.5,4.9,"CHI",41.8807,-87.6742,-6,2024-02-03,72,41.8807,-87.6742,0,5571.65811196843,-6,0,0,0,0.9580534242282,0,31.93511414094,-0.923170731707317,5.82317073170732,"2023-24"
22300737,"2024-02-08","CHI","MEM","A","W",118,8,123.3,112.6,10.8,"MEM",35.1382,-90.0505,-6,2024-02-06,48,41.8807,-87.6742,483.737334129317,4604.22684782779,-6,0,0,0.5,0.936874460913175,0,47.8958153637725,-0.923170731707317,11.7231707317073,"2023-24"
22300752,"2024-02-10","CHI","ORL","A","L",108,-6,113.5,110.2,3.3,"ORL",28.5392,-81.3839,-5,2024-02-08,48,35.1382,-90.0505,683.345477500167,4928.85958396927,-6,1,1,0.5,0.944440430514452,0.428571428571429,62.433728636196,-0.923170731707317,4.22317073170732,"2023-24"
22300763,"2024-02-12","CHI","ATL","A","W",136,10,131.1,121.4,9.6,"ATL",33.7573,-84.3963,-5,2024-02-10,48,28.5392,-81.3839,402.531616952204,4503.37073753921,-5,0,0,0.5,0.93441494410417,0,47.813831470139,-0.923170731707317,10.5231707317073,"2023-24"
22300781,"2024-02-14","CHI","CLE","A","L",105,-3,108.8,114.6,-5.8,"CLE",41.4965,-81.6882,-5,2024-02-12,48,33.7573,-84.3963,555.419822943867,3305.09492418112,-5,0,0,0.5,0.900062981493172,0,46.6687660497724,-0.923170731707317,-4.87682926829268,"2023-24"
22300797,"2024-02-22","CHI","CHIBOS","H","L",112,-17,110.8,127.4,-16.6,"CHI",41.8807,-87.6742,-6,2024-02-14,192,41.4965,-81.6882,310.281541020419,3025.34612887376,-5,1,-1,0,0.890243040893445,0.285714285714286,39.198577553591,-0.923170731707317,-15.6768292682927,"2023-24"
22300823,"2024-02-25","CHI","NOP","A","W",114,8,110.4,104.8,5.6,"NOP",29.949,-90.0822,-6,2024-02-22,72,41.8807,-87.6742,836.176134695504,3271.49192724148,-6,0,0,0,0.898928288941876,0,29.9642762980625,-0.923170731707317,6.52317073170732,"2023-24"
22300839,"2024-02-27","CHI","CHIDET","H","L",95,-10,98,108.1,-10.1,"CHI",41.8807,-87.6742,-6,2024-02-25,48,29.949,-90.0822,836.176134695504,4107.66806193698,-6,0,0,0.5,0.92420208255689,0,47.4734027518963,-0.923170731707317,-9.17682926829268,"2023-24"
22300846,"2024-02-28","CHI","CHICLE","H","W",132,9,109.3,103,6.3,"CHI",41.8807,-87.6742,-6,2024-02-27,24,41.8807,-87.6742,0,3623.93072780766,-6,0,0,1,0.910288968242856,0,63.6762989414285,-0.923170731707317,7.22317073170732,"2023-24"
22300864,"2024-03-01","CHI","CHIMIL","H","L",97,-16,98.9,117.6,-18.7,"CHI",41.8807,-87.6742,-6,2024-02-28,48,41.8807,-87.6742,0,2940.5852503075,-6,0,0,0.5,0.887087819339576,0,46.2362606446525,-0.923170731707317,-17.7768292682927,"2023-24"
22300883,"2024-03-04","CHI","SAC","A","W",113,4,116.9,111.3,5.6,"SAC",38.5805,-121.4993,-8,2024-03-01,72,41.8807,-87.6742,1789.07410402957,4327.12773738487,-6,2,-1,0,0.929981768011432,0.571428571428571,50.0470113146668,-0.923170731707317,6.52317073170732,"2023-24"
22300898,"2024-03-06","CHI","UTA","A","W",119,2,120.7,118.1,2.6,"UTA",40.7683,-111.9011,-7,2024-03-04,48,38.5805,-121.4993,532.618318901091,4304.32623334209,-8,1,1,0.5,0.929395077649091,0.428571428571429,61.9322168740173,-0.923170731707317,3.52317073170732,"2023-24"
22300907,"2024-03-07","CHI","GSW","A","W",125,3,120.1,113.7,6.4,"GSW",37.768,-122.3877,-8,2024-03-06,24,40.7683,-111.9011,598.218575101357,4592.26326742303,-7,1,-1,1,0.936585543379589,0.285714285714286,74.0766609697958,-0.923170731707317,7.32317073170732,"2023-24"
22300917,"2024-03-09","CHI","LAC","A","L",102,-10,108.1,113.2,-5.1,"LAC",34.043,-118.2673,-8,2024-03-07,48,37.768,-122.3877,345.872056985533,4101.95918971306,-8,0,0,0.5,0.924047645970884,0,47.4682548656961,-0.923170731707317,-4.17682926829268,"2023-24"
22300935,"2024-03-11","CHI","CHIDAL","H","L",92,-35,94.2,132.8,-38.7,"CHI",41.8807,-87.6742,-6,2024-03-09,48,34.043,-118.2673,1743.51774675865,5009.30080177621,-8,2,1,0.5,0.946238157563135,0.714285714285714,72.0174623949616,-0.923170731707317,-37.7768292682927,"2023-24"
22300948,"2024-03-13","CHI","IND","A","W",132,3,118.8,115.9,3,"IND",39.7639,-86.1555,-5,2024-03-11,48,41.8807,-87.6742,166.601746714283,5175.90254849049,-6,1,1,0.5,0.9498713828201,0.428571428571429,62.6147603797176,-0.923170731707317,3.92317073170732,"2023-24"
22300956,"2024-03-14","CHI","CHILAC","H","L",111,-15,116.8,139.8,-23,"CHI",41.8807,-87.6742,-6,2024-03-13,24,39.7639,-86.1555,166.601746714283,5342.50429520477,-5,1,-1,1,0.953389516605895,0.285714285714286,74.6367934106727,-0.923170731707317,-22.0768292682927,"2023-24"
22300971,"2024-03-16","CHI","CHIWAS","H","W",127,29,126,97.3,28.7,"CHI",41.8807,-87.6742,-6,2024-03-14,48,41.8807,-87.6742,0,3553.4301911752,-6,0,0,0.5,0.908107496340779,0,46.9369165446926,-0.923170731707317,29.6231707317073,"2023-24"
22300986,"2024-03-18","CHI","CHIPOR","H","W",110,3,112,108.1,3.9,"CHI",41.8807,-87.6742,-6,2024-03-16,48,41.8807,-87.6742,0,3020.81187227411,-6,0,0,0.5,0.890076503380679,0,46.3358834460226,-0.923170731707317,4.82317073170732,"2023-24"
22301006,"2024-03-21","CHI","HOU","A","L",117,-10,113.6,121.2,-7.6,"HOU",29.7508,-95.3621,-6,2024-03-18,72,41.8807,-87.6742,942.365685800696,3364.95898297345,-6,0,0,0,0.902056165040987,0,30.0685388346995,-0.923170731707317,-6.67682926829268,"2023-24"
22301023,"2024-03-23","CHI","CHIBOS","H","L",113,-11,124.4,132.6,-8.3,"CHI",41.8807,-87.6742,-6,2024-03-21,48,29.7508,-95.3621,942.365685800696,3961.45261178861,-6,0,0,0.5,0.920177359807367,0,47.3392453269122,-0.923170731707317,-7.37682926829268,"2023-24"
22301037,"2024-03-25","CHI","CHIWAS","H","L",105,-2,102.6,102,0.6,"CHI",41.8807,-87.6742,-6,2024-03-23,48,41.8807,-87.6742,0,2217.93486502996,-6,0,0,0.5,0.855774652454272,0,45.1924884151424,-0.923170731707317,1.52317073170732,"2023-24"
22301054,"2024-03-27","CHI","CHIIND","H","W",125,26,123.9,103,20.9,"CHI",41.8807,-87.6742,-6,2024-03-25,48,41.8807,-87.6742,0,2051.33311831568,-6,0,0,0.5,0.847105589659807,0,44.9035196553269,-0.923170731707317,21.8231707317073,"2023-24"
22301066,"2024-03-29","CHI","BKN","A","L",108,-17,112.8,130.6,-17.9,"BKN",40.6826,-73.9754,-5,2024-03-27,48,41.8807,-87.6742,716.095028503436,2600.82640010483,-6,1,1,0.5,0.873455574536868,0.428571428571429,60.0675667702766,-0.923170731707317,-16.9768292682927,"2023-24"
22301084,"2024-03-31","CHI","MIN","A","W",109,8,116.9,104.9,11.9,"MIN",44.9795,-93.276,-6,2024-03-29,48,40.6826,-73.9754,1020.34154206804,3621.16794217287,-5,1,-1,0.5,0.9102042821565,0.285714285714286,56.5306189290262,-0.923170731707317,12.8231707317073,"2023-24"
22301091,"2024-04-01","CHI","CHIATL","H","L",101,-12,104.6,116.6,-12,"CHI",41.8807,-87.6742,-6,2024-03-31,24,44.9795,-93.276,353.590586589299,3974.75852876217,-6,0,0,1,0.920549710012092,0,64.0183236670697,-0.923170731707317,-11.0768292682927,"2023-24"
22301119,"2024-04-05","CHI","CHINYK","H","W",108,8,110.2,97.5,12.7,"CHI",41.8807,-87.6742,-6,2024-04-01,96,41.8807,-87.6742,0,3032.39284296147,-6,0,0,0,0.89050136322791,0,29.6833787742637,-0.923170731707317,13.6231707317073,"2023-24"
22301136,"2024-04-07","CHI","ORL","A","L",98,-15,100.3,114.9,-14.6,"ORL",28.5392,-81.3839,-5,2024-04-05,48,41.8807,-87.6742,988.205478382553,3078.23263554333,-6,1,1,0.5,0.892167275107425,0.428571428571429,60.6912901226284,-0.923170731707317,-13.6768292682927,"2023-24"
22301149,"2024-04-09","CHI","CHINYK","H","L",117,-11,125.3,132.2,-6.9,"CHI",41.8807,-87.6742,-6,2024-04-07,48,28.5392,-81.3839,988.205478382553,4066.43811392588,-5,1,-1,0.5,0.923081873775098,0.285714285714286,56.9598719829795,-0.923170731707317,-5.97682926829268,"2023-24"
22301166,"2024-04-11","CHI","DET","A","W",127,22,126.2,104.9,21.4,"DET",42.341,-83.0552,-5,2024-04-09,48,41.8807,-87.6742,239.119148083624,4305.55726200951,-6,1,1,0.5,0.929426831693718,0.428571428571429,61.9332753421715,-0.923170731707317,22.3231707317073,"2023-24"
22301172,"2024-04-12","CHI","WAS","A","W",129,2,121.3,119,2.4,"WAS",38.8981,-77.021,-5,2024-04-11,24,42.341,-83.0552,396.173694071107,3985.63592757718,-5,0,0,1,0.920853176445582,0,64.0284392148527,-0.923170731707317,3.32317073170732,"2023-24"
22301190,"2024-04-14","CHI","NYK","A","L",119,-1,113.3,114,-0.7,"NYK",40.7505,-73.9934,-5,2024-04-12,48,38.8981,-77.021,205.614779911498,3170.90916542063,-5,0,0,0.5,0.895460878204502,0,46.5153626068167,-0.923170731707317,0.223170731707317,"2023-24"
22300067,"2023-10-25","CLE","BKN","A","W",114,1,114.7,112.5,2.2,"BKN",40.6826,-73.9754,-5,NA,NA,NA,NA,0,NA,NA,0,0,0,0,0,0,2.79390243902439,-0.59390243902439,"2023-24"
22300081,"2023-10-27","CLE","CLEOKC","H","L",105,-3,97.1,100.6,-3.5,"CLE",41.4965,-81.6882,-5,2023-10-25,48,40.6826,-73.9754,405.872143513255,NA,-5,0,0,0.5,0,0,16.6666666666667,2.79390243902439,-6.29390243902439,"2023-24"
22300091,"2023-10-28","CLE","CLEIND","H","L",113,-12,114.7,122,-7.3,"CLE",41.4965,-81.6882,-5,2023-10-27,24,41.4965,-81.6882,0,NA,-5,0,0,1,0,0,33.3333333333333,2.79390243902439,-10.0939024390244,"2023-24"
22300112,"2023-10-31","CLE","CLENYK","H","L",91,-18,92.6,110.1,-17.5,"CLE",41.4965,-81.6882,-5,2023-10-28,72,41.4965,-81.6882,0,NA,-5,0,0,0,0,0,0,2.79390243902439,-20.2939024390244,"2023-24"
22300120,"2023-11-01","CLE","NYK","A","W",95,6,100.2,86.2,14,"NYK",40.7505,-73.9934,-5,2023-10-31,24,41.4965,-81.6882,404.113541493158,NA,-5,0,0,1,0,0,33.3333333333333,2.79390243902439,11.2060975609756,"2023-24"
22300001,"2023-11-03","CLE","IND","A","L",116,-5,112.6,111.5,1.2,"IND",39.7639,-86.1555,-5,2023-11-01,48,40.7505,-73.9934,645.101494684543,NA,-5,0,0,0.5,0,0,16.6666666666667,2.79390243902439,-1.59390243902439,"2023-24"
22300142,"2023-11-05","CLE","CLEGSW","H","W",115,11,114.6,100.8,13.9,"CLE",41.4965,-81.6882,-5,2023-11-03,48,39.7639,-86.1555,263.314647279715,1718.40182697067,-5,0,0,0.5,0.827446008831362,0,44.2482002943787,2.79390243902439,11.1060975609756,"2023-24"
22300167,"2023-11-08","CLE","OKC","A","L",120,-8,110.8,126.5,-15.7,"OKC",35.4634,-97.5151,-6,2023-11-05,72,41.4965,-81.6882,951.226231516957,2669.62805848763,-5,1,-1,0,0.876354518025074,0.285714285714286,38.735626791312,2.79390243902439,-18.4939024390244,"2023-24"
22300176,"2023-11-11","CLE","GSW","A","W",118,8,112.5,101.7,10.8,"GSW",37.768,-122.3877,-8,2023-11-08,72,35.4634,-97.5151,1385.98244506989,3649.73836004426,-6,2,-1,0,0.911076931690309,0.571428571428571,49.4168501039627,2.79390243902439,8.00609756097561,"2023-24"
22300191,"2023-11-13","CLE","SAC","A","L",120,-12,125.7,139.4,-13.7,"SAC",38.5805,-121.4993,-8,2023-11-11,48,37.768,-122.3877,74.1095928928695,3723.84795293713,-8,0,0,0.5,0.913309072158884,0,47.1103024052961,2.79390243902439,-16.4939024390244,"2023-24"
22300199,"2023-11-15","CLE","POR","A","W",109,14,114.4,91.3,23.1,"POR",45.5316,-122.6668,-8,2023-11-13,48,38.5805,-121.4993,484.522481968318,4208.37043490545,-8,0,0,0.5,0.926891566927104,0,47.5630522309035,2.79390243902439,20.3060975609756,"2023-24"
22300030,"2023-11-17","CLE","CLEDET","H","W",108,8,112.2,103.5,8.7,"CLE",41.4965,-81.6882,-5,2023-11-15,48,45.5316,-122.6668,2051.82825115889,5856.08514457118,-8,3,1,0.5,0.963582507015315,1,82.1194169005105,2.79390243902439,5.90609756097561,"2023-24"
22300210,"2023-11-19","CLE","CLEDEN","H","W",121,12,125.5,113.4,12.1,"CLE",41.4965,-81.6882,-5,2023-11-17,48,41.4965,-81.6882,0,5210.98364988664,-5,0,0,0.5,0.950621510011952,0,48.3540503337317,2.79390243902439,9.30609756097561,"2023-24"
22300040,"2023-11-21","CLE","PHI","A","W",122,3,114,107.2,6.8,"PHI",39.9012,-75.172,-5,2023-11-19,48,41.4965,-81.6882,358.987541037916,5306.65654364484,-5,0,0,0.5,0.95264187124106,0,48.4213957080353,2.79390243902439,4.00609756097561,"2023-24"
22300229,"2023-11-22","CLE","CLEMIA","H","L",96,-33,100.9,130,-29.1,"CLE",41.4965,-81.6882,-5,2023-11-21,24,39.9012,-75.172,358.987541037916,4714.4178531658,-5,0,0,1,0.939500791875781,0,64.6500263958594,2.79390243902439,-31.8939024390244,"2023-24"
22300242,"2023-11-25","CLE","CLELAL","H","L",115,-6,106.4,111.8,-5.4,"CLE",41.4965,-81.6882,-5,2023-11-22,72,41.4965,-81.6882,0,3328.43540809591,-5,0,0,0,0.900844366431155,0,30.0281455477052,2.79390243902439,-8.19390243902439,"2023-24"
22300251,"2023-11-26","CLE","CLETOR","H","W",105,3,103.3,105.4,-2.1,"CLE",41.4965,-81.6882,-5,2023-11-25,24,41.4965,-81.6882,0,3254.32581520304,-5,0,0,1,0.898344126070174,0,63.2781375356725,2.79390243902439,-4.89390243902439,"2023-24"
22300055,"2023-11-28","CLE","CLEATL","H","W",128,23,121.4,96.7,24.6,"CLE",41.4965,-81.6882,-5,2023-11-26,48,41.4965,-81.6882,0,2769.80333323472,-5,0,0,0.5,0.880444538501084,0,46.0148179500361,2.79390243902439,21.8060975609756,"2023-24"
22300265,"2023-11-30","CLE","CLEPOR","H","L",95,-8,95.7,107.5,-11.8,"CLE",41.4965,-81.6882,-5,2023-11-28,48,41.4965,-81.6882,0,717.975082075832,-5,0,0,0.5,0.73060301289313,0,41.020100429771,2.79390243902439,-14.5939024390244,"2023-24"
22300283,"2023-12-02","CLE","DET","A","W",110,9,110.1,101.9,8.2,"DET",42.341,-83.0552,-5,2023-11-30,48,41.4965,-81.6882,91.4453758859851,809.420457961817,-5,0,0,0.5,0.743901104007092,0,41.4633701335697,2.79390243902439,5.40609756097561,"2023-24"
22301205,"2023-12-06","CLE","CLEORL","H","W",121,10,118.9,106.4,12.4,"CLE",41.4965,-81.6882,-5,2023-12-02,96,42.341,-83.0552,91.4453758859851,541.878292809886,-5,0,0,0,0.699398673202056,0,23.3132891067352,2.79390243902439,9.60609756097561,"2023-24"
22301220,"2023-12-08","CLE","MIA","A","W",111,12,111.6,95.6,16.1,"MIA",25.7814,-80.187,-5,2023-12-06,48,41.4965,-81.6882,1090.40955753847,1273.30030931044,-5,0,0,0.5,0.794171573480777,0,43.1390524493592,2.79390243902439,13.3060975609756,"2023-24"
22300294,"2023-12-11","CLE","ORL","A","L",94,-10,98.4,107.2,-8.8,"ORL",28.5392,-81.3839,-5,2023-12-08,72,25.7814,-80.187,204.482996041861,1477.7833053523,-5,0,0,0,0.810701364309867,0,27.0233788103289,2.79390243902439,-11.5939024390244,"2023-24"
22300305,"2023-12-12","CLE","BOS","A","L",113,-7,109.8,121.9,-12.2,"BOS",42.3662,-71.0621,-5,2023-12-11,24,28.5392,-81.3839,1117.38133759804,2595.16464295034,-5,0,0,1,0.873213613793771,0,62.4404537931257,2.79390243902439,-14.9939024390244,"2023-24"
22300319,"2023-12-14","CLE","BOS","A","L",107,-9,109.8,123.7,-13.9,"BOS",42.3662,-71.0621,-5,2023-12-12,48,42.3662,-71.0621,0,2595.16464295034,-5,0,0,0.5,0.873213613793771,0,45.773787126459,2.79390243902439,-16.6939024390244,"2023-24"
22300336,"2023-12-16","CLE","CLEATL","H","W",127,8,126.2,117.8,8.4,"CLE",41.4965,-81.6882,-5,2023-12-14,48,42.3662,-71.0621,549.745779182527,3144.91042213286,-5,0,0,0.5,0.894546729991836,0,46.4848909997279,2.79390243902439,5.60609756097561,"2023-24"
22300349,"2023-12-18","CLE","CLEHOU","H","W",135,5,122.8,115.2,7.6,"CLE",41.4965,-81.6882,-5,2023-12-16,48,41.4965,-81.6882,0,3053.46504624688,-5,0,0,0.5,0.891270274456148,0,46.3756758152049,2.79390243902439,4.80609756097561,"2023-24"
22300364,"2023-12-20","CLE","CLEUTA","H","W",124,8,122.7,115.6,7.1,"CLE",41.4965,-81.6882,-5,2023-12-18,48,41.4965,-81.6882,0,2962.01967036089,-5,0,0,0.5,0.887894221770104,0,46.2631407256701,2.79390243902439,4.30609756097561,"2023-24"
22300375,"2023-12-21","CLE","CLENOP","H","L",104,-19,107.7,129.4,-21.7,"CLE",41.4965,-81.6882,-5,2023-12-20,24,41.4965,-81.6882,0,1871.61011282242,-5,0,0,1,0.836926636224045,0,61.2308878741348,2.79390243902439,-24.4939024390244,"2023-24"
22300396,"2023-12-23","CLE","CHI","A","W",109,14,111.9,99.6,12.2,"CHI",41.8807,-87.6742,-6,2023-12-21,48,41.4965,-81.6882,310.281541020419,1977.40865780098,-5,1,-1,0.5,0.843031027807848,0.285714285714286,54.2915104507378,2.79390243902439,9.40609756097561,"2023-24"
22300420,"2023-12-27","CLE","DAL","A","W",113,3,112.9,107.4,5.5,"DAL",32.7905,-96.8103,-6,2023-12-23,96,41.8807,-87.6742,803.851209205473,1663.87852940842,-6,0,0,0,0.823866838334642,0,27.4622279444881,2.79390243902439,2.70609756097561,"2023-24"
22300433,"2023-12-29","CLE","CLEMIL","H","L",111,-8,102.8,116.3,-13.5,"CLE",41.4965,-81.6882,-5,2023-12-27,48,32.7905,-96.8103,1026.03479555281,2689.91332496123,-6,1,1,0.5,0.877194987904746,0.428571428571429,60.1922138825391,2.79390243902439,-16.2939024390244,"2023-24"
22300452,"2024-01-01","CLE","TOR","A","L",121,-3,117,117.4,-0.4,"TOR",43.6435,-79.379,-5,2023-12-29,72,41.4965,-81.6882,189.436357987111,2329.60390376581,-5,0,0,0,0.861228232260966,0,28.7076077420322,2.79390243902439,-3.19390243902439,"2023-24"
22300465,"2024-01-03","CLE","CLEWAS","H","W",140,39,139.9,99.2,40.8,"CLE",41.4965,-81.6882,-5,2024-01-01,48,43.6435,-79.379,189.436357987111,2519.04026175292,-5,0,0,0.5,0.869908115594915,0,45.6636038531638,2.79390243902439,38.0060975609756,"2023-24"
22300482,"2024-01-05","CLE","CLEWAS","H","W",114,24,115,89.5,25.5,"CLE",41.4965,-81.6882,-5,2024-01-03,48,41.4965,-81.6882,0,2519.04026175292,-5,0,0,0.5,0.869908115594915,0,45.6636038531638,2.79390243902439,22.7060975609756,"2023-24"
22300497,"2024-01-07","CLE","CLESAS","H","W",117,2,115.6,116.5,-1,"CLE",41.4965,-81.6882,-5,2024-01-05,48,41.4965,-81.6882,0,2519.04026175292,-5,0,0,0.5,0.869908115594915,0,45.6636038531638,2.79390243902439,-3.79390243902439,"2023-24"
22300527,"2024-01-11","CLE","CLEBKN","H","W",111,9,111.1,99.7,11.4,"CLE",41.4965,-81.6882,-5,2024-01-07,96,41.4965,-81.6882,0,2208.7587207325,-5,0,0,0,0.855314380778817,0,28.5104793592939,2.79390243902439,8.60609756097561,"2023-24"
22300561,"2024-01-15","CLE","CLECHI","H","W",109,18,108.1,88.3,19.8,"CLE",41.4965,-81.6882,-5,2024-01-11,96,41.4965,-81.6882,0,1404.90751152703,-5,0,0,0,0.805088229529161,0,26.8362743176387,2.79390243902439,17.0060975609756,"2023-24"
22300572,"2024-01-17","CLE","CLEMIL","H","W",135,40,133.2,94.6,38.6,"CLE",41.4965,-81.6882,-5,2024-01-15,48,41.4965,-81.6882,0,378.872715974221,-5,0,0,0.5,0.65974104358005,0,38.6580347860017,2.79390243902439,35.8060975609756,"2023-24"
22300595,"2024-01-20","CLE","ATL","A","W",116,21,113.7,95.4,18.3,"ATL",33.7573,-84.3963,-5,2024-01-17,72,41.4965,-81.6882,555.419822943867,744.856180930977,-5,0,0,0,0.734679979954965,0,24.4893326651655,2.79390243902439,15.5060975609756,"2023-24"
22300607,"2024-01-22","CLE","ORL","A","W",126,27,136,105.1,30.9,"ORL",28.5392,-81.3839,-5,2024-01-20,48,33.7573,-84.3963,402.531616952204,957.95143989607,-5,0,0,0.5,0.762592865062778,0,42.0864288354259,2.79390243902439,28.1060975609756,"2023-24"
22300624,"2024-01-24","CLE","MIL","A","L",116,-10,110.9,120.8,-9.9,"MIL",43.045,-87.917,-6,2024-01-22,48,28.5392,-81.3839,1067.35169924242,2025.30313913849,-5,1,-1,0.5,0.845687858878864,0.285714285714286,54.3800714864383,2.79390243902439,-12.6939024390244,"2023-24"
22300639,"2024-01-26","CLE","MIL","A","W",112,12,108.1,96.6,11.5,"MIL",43.045,-87.917,-6,2024-01-24,48,43.045,-87.917,0,2025.30313913849,-6,0,0,0.5,0.845687858878864,0,44.8562619626288,2.79390243902439,8.70609756097561,"2023-24"
22300658,"2024-01-29","CLE","CLELAC","H","W",118,10,118.7,108.7,9.9,"CLE",41.4965,-81.6882,-5,2024-01-26,72,43.045,-87.917,336.231611669537,2361.53475080802,-6,1,1,0,0.862739643970921,0.428571428571429,43.0437024180783,2.79390243902439,7.10609756097561,"2023-24"
22300675,"2024-01-31","CLE","CLEDET","H","W",128,7,130.5,119.4,11.1,"CLE",41.4965,-81.6882,-5,2024-01-29,48,41.4965,-81.6882,0,2361.53475080802,-5,0,0,0.5,0.862739643970921,0,45.4246547990307,2.79390243902439,8.30609756097561,"2023-24"
22300687,"2024-02-01","CLE","MEM","A","W",108,7,110.3,97.6,12.7,"MEM",35.1382,-90.0505,-6,2024-01-31,24,41.4965,-81.6882,631.382149146821,2992.91689995485,-5,1,-1,1,0.88904642605516,0.285714285714286,72.4920237256482,2.79390243902439,9.90609756097561,"2023-24"
22300703,"2024-02-03","CLE","SAS","A","W",117,16,113.9,96,17.9,"SAS",29.427,-98.4375,-6,2024-02-01,48,35.1382,-90.0505,629.329052623429,3066.82612963441,-6,0,0,0.5,0.891755068650484,0,46.3918356216828,2.79390243902439,15.1060975609756,"2023-24"
22300714,"2024-02-05","CLE","CLESAC","H","W",136,26,136.7,109.7,27,"CLE",41.4965,-81.6882,-5,2024-02-03,48,29.427,-98.4375,1255.78412188307,3920.07863456528,-6,1,1,0.5,0.919011518356983,0.428571428571429,61.5860982309471,2.79390243902439,24.2060975609756,"2023-24"
22300728,"2024-02-07","CLE","WAS","A","W",114,8,108.9,105,3.9,"WAS",38.8981,-77.021,-5,2024-02-05,48,41.4965,-81.6882,305.063582319754,3157.79051764261,-5,0,0,0.5,0.895000550610901,0,46.5000183536967,2.79390243902439,1.10609756097561,"2023-24"
22300735,"2024-02-08","CLE","BKN","A","W",118,23,121.1,95.8,25.2,"BKN",40.6826,-73.9754,-5,2024-02-07,24,38.8981,-77.021,203.54519791563,3361.33571555824,-5,0,0,1,0.901936539351988,0,63.3978846450663,2.79390243902439,22.4060975609756,"2023-24"
22300756,"2024-02-10","CLE","TOR","A","W",119,24,125.6,98.8,26.8,"TOR",43.6435,-79.379,-5,2024-02-08,48,40.6826,-73.9754,344.413109831946,3369.51721372065,-5,0,0,0.5,0.90220647668337,0,46.7402158894457,2.79390243902439,24.0060975609756,"2023-24"
22300762,"2024-02-12","CLE","CLEPHI","H","L",121,-2,122.2,127.6,-5.4,"CLE",41.4965,-81.6882,-5,2024-02-10,48,43.6435,-79.379,189.436357987111,3558.95357170776,-5,0,0,0.5,0.908279959680219,0,46.9426653226739,2.79390243902439,-8.19390243902439,"2023-24"
22300781,"2024-02-14","CLE","CLECHI","H","W",108,3,114.6,108.8,5.8,"CLE",41.4965,-81.6882,-5,2024-02-12,48,41.4965,-81.6882,0,2927.57142256094,-5,0,0,0.5,0.886595343306327,0,46.2198447768776,2.79390243902439,3.00609756097561,"2023-24"
22300792,"2024-02-22","CLE","CLEORL","H","L",109,-7,116.7,122.2,-5.6,"CLE",41.4965,-81.6882,-5,2024-02-14,192,41.4965,-81.6882,0,2298.24236993751,-5,0,0,0,0.859723475187893,0,28.6574491729298,2.79390243902439,-8.39390243902439,"2023-24"
22300805,"2024-02-23","CLE","PHI","A","L",97,-7,97.4,106.6,-9.2,"PHI",39.9012,-75.172,-5,2024-02-22,24,41.4965,-81.6882,358.987541037916,1401.44578909236,-5,0,0,1,0.804814406640882,0,60.1604802213627,2.79390243902439,-11.9939024390244,"2023-24"
22300820,"2024-02-25","CLE","WAS","A","W",114,9,114.1,102,12.1,"WAS",38.8981,-77.021,-5,2024-02-23,48,39.9012,-75.172,120.750788954589,1217.13299572719,-5,0,0,0.5,0.789164745550476,0,42.9721581850159,2.79390243902439,9.30609756097561,"2023-24"
22300832,"2024-02-27","CLE","CLEDAL","H","W",121,2,123.6,121.9,1.6,"CLE",41.4965,-81.6882,-5,2024-02-25,48,38.8981,-77.021,305.063582319754,1318.65138013131,-5,0,0,0.5,0.798055749885426,0,43.2685249961809,2.79390243902439,-1.19390243902439,"2023-24"
22300846,"2024-02-28","CLE","CHI","A","L",123,-9,103,109.3,-6.3,"CHI",41.8807,-87.6742,-6,2024-02-27,24,41.4965,-81.6882,310.281541020419,1284.51981131979,-5,1,-1,1,0.795145207949389,0.285714285714286,69.3619831221225,2.79390243902439,-9.09390243902439,"2023-24"
22300857,"2024-03-01","CLE","DET","A","W",110,10,109.8,98.7,11.1,"DET",42.341,-83.0552,-5,2024-02-28,48,41.8807,-87.6742,239.119148083624,1334.2026014163,-6,1,1,0.5,0.799356991236531,0.428571428571429,57.5976139935986,2.79390243902439,8.30609756097561,"2023-24"
22300876,"2024-03-03","CLE","CLENYK","H","L",98,-9,107.1,115.8,-8.7,"CLE",41.4965,-81.6882,-5,2024-03-01,48,42.341,-83.0552,91.4453758859851,1425.64797730229,-5,0,0,0.5,0.80671481492125,0,43.557160497375,2.79390243902439,-11.4939024390244,"2023-24"
22300886,"2024-03-05","CLE","CLEBOS","H","W",105,1,109.6,106.9,2.6,"CLE",41.4965,-81.6882,-5,2024-03-03,48,41.4965,-81.6882,0,1425.64797730229,-5,0,0,0.5,0.80671481492125,0,43.557160497375,2.79390243902439,-0.19390243902439,"2023-24"
22300895,"2024-03-06","CLE","ATL","A","L",101,-11,99.5,116.9,-17.4,"ATL",33.7573,-84.3963,-5,2024-03-05,24,41.4965,-81.6882,555.419822943867,1622.08025920824,-5,0,0,1,0.82104271039348,0,60.7014236797827,2.79390243902439,-20.1939024390244,"2023-24"
22300911,"2024-03-08","CLE","CLEMIN","H","W",113,9,105.8,94,11.8,"CLE",41.4965,-81.6882,-5,2024-03-06,48,33.7573,-84.3963,555.419822943867,2056.74929319751,-5,0,0,0.5,0.847398322487061,0,44.9132774162354,2.79390243902439,9.00609756097561,"2023-24"
22300930,"2024-03-10","CLE","CLEBKN","H","L",101,-19,110,126.6,-16.6,"CLE",41.4965,-81.6882,-5,2024-03-08,48,41.4965,-81.6882,0,1751.68571087776,-5,0,0,0.5,0.829575548150549,0,44.3191849383516,2.79390243902439,-19.3939024390244,"2023-24"
22300934,"2024-03-11","CLE","CLEPHX","H","L",111,-6,116.4,124,-7.6,"CLE",41.4965,-81.6882,-5,2024-03-10,24,41.4965,-81.6882,0,1441.40416985734,-5,0,0,1,0.807934776718068,0,60.2644925572689,2.79390243902439,-10.3939024390244,"2023-24"
22300951,"2024-03-13","CLE","NOP","A","W",116,21,119.2,98.5,20.7,"NOP",29.949,-90.0822,-6,2024-03-11,48,41.4965,-81.6882,926.358693730177,2128.6437155039,-5,1,-1,0.5,0.851212695680373,0.285714285714286,54.5642327131553,2.79390243902439,17.9060975609756,"2023-24"
22300967,"2024-03-16","CLE","HOU","A","L",103,-14,103.2,114.4,-11.2,"HOU",29.7508,-95.3621,-6,2024-03-13,72,29.949,-90.0822,317.031598851148,2354.22993846906,-6,0,0,0,0.862395688547254,0,28.7465229515751,2.79390243902439,-13.9939024390244,"2023-24"
22300983,"2024-03-18","CLE","IND","A","W",108,5,111,108.4,2.6,"IND",39.7639,-86.1555,-5,2024-03-16,48,29.7508,-95.3621,866.924228775926,3221.15416724498,-6,1,1,0.5,0.897206515046481,0.428571428571429,60.8592647872637,2.79390243902439,-0.19390243902439,"2023-24"
22300996,"2024-03-20","CLE","CLEMIA","H","L",104,-3,114.7,115.9,-1.2,"CLE",41.4965,-81.6882,-5,2024-03-18,48,39.7639,-86.1555,263.314647279715,2929.04899158083,-5,0,0,0.5,0.886651368253084,0,46.2217122751028,2.79390243902439,-3.99390243902439,"2023-24"
22301014,"2024-03-22","CLE","MIN","A","L",91,-13,99.6,114.2,-14.6,"MIN",44.9795,-93.276,-6,2024-03-20,48,41.4965,-81.6882,630.944351180771,3004.57351981774,-5,1,-1,0.5,0.88947803242269,0.285714285714286,55.8397439378992,2.79390243902439,-17.3939024390244,"2023-24"
22301029,"2024-03-24","CLE","MIA","A","L",84,-37,89.6,125.9,-36.3,"MIA",25.7814,-80.187,-5,2024-03-22,48,44.9795,-93.276,1514.81351653468,4519.38703635242,-6,1,1,0.5,0.934809179933431,0.428571428571429,62.112686950162,2.79390243902439,-39.0939024390244,"2023-24"
22301033,"2024-03-25","CLE","CLECHA","H","W",115,23,120.5,98,22.6,"CLE",41.4965,-81.6882,-5,2024-03-24,24,25.7814,-80.187,1090.40955753847,5609.79659389089,-5,0,0,1,0.958810986137289,0,65.2936995379096,2.79390243902439,19.8060975609756,"2023-24"
22301048,"2024-03-27","CLE","CHA","A","L",111,-7,114.2,126,-11.7,"CHA",35.2251,-80.8392,-5,2024-03-25,48,41.4965,-81.6882,436.228540896052,5119.66644105676,-5,0,0,0.5,0.948658234541537,0,48.2886078180512,2.79390243902439,-14.4939024390244,"2023-24"
22301067,"2024-03-29","CLE","CLEPHI","H","W",117,3,121,120.7,0.3,"CLE",41.4965,-81.6882,-5,2024-03-27,48,35.2251,-80.8392,436.228540896052,5238.86338310167,-5,0,0,0.5,0.951214060862382,0,48.373802028746,2.79390243902439,-2.49390243902439,"2023-24"
22301077,"2024-03-31","CLE","DEN","A","L",101,-29,100.8,131.7,-30.9,"DEN",39.7487,-105.0077,-7,2024-03-29,48,41.4965,-81.6882,1226.52065585596,5598.4598101817,-5,2,-1,0.5,0.958586337654359,0.571428571428571,67.6671636360977,2.79390243902439,-33.6939024390244,"2023-24"
22301100,"2024-04-02","CLE","UTA","A","W",129,16,127,106.7,20.3,"UTA",40.7683,-111.9011,-7,2024-03-31,48,39.7487,-105.0077,370.547576134278,5705.69273903626,-7,0,0,0.5,0.960693293221952,0,48.6897764407317,2.79390243902439,17.5060975609756,"2023-24"
22301110,"2024-04-03","CLE","PHX","A","L",101,-21,101.7,119,-17.4,"PHX",33.4457,-112.0712,-7,2024-04-02,24,40.7683,-111.9011,506.597396462442,5581.34578431793,-7,0,0,1,0.95824634493836,0,65.274878164612,2.79390243902439,-20.1939024390244,"2023-24"
22301127,"2024-04-06","CLE","LAL","A","L",97,-19,93.9,114.8,-20.9,"LAL",34.043,-118.2673,-8,2024-04-03,72,33.4457,-112.0712,358.712741358694,4425.24500914195,-7,1,-1,0,0.932471586240336,0.285714285714286,40.6061957318207,2.79390243902439,-23.6939024390244,"2023-24"
22301132,"2024-04-07","CLE","LAC","A","L",118,-2,113.6,120.5,-6.9,"LAC",34.043,-118.2673,-8,2024-04-06,24,34.043,-118.2673,0,3334.83545160348,-8,0,0,1,0.901057668115158,0,63.3685889371719,2.79390243902439,-9.69390243902439,"2023-24"
22301158,"2024-04-10","CLE","CLEMEM","H","W",110,12,111.4,99.6,11.7,"CLE",41.4965,-81.6882,-5,2024-04-07,72,34.043,-118.2673,2048.96005259996,4947.56696330738,-8,3,1,0,0.944861113283683,1,64.8287037761228,2.79390243902439,8.90609756097561,"2023-24"
22301174,"2024-04-12","CLE","CLEIND","H","W",129,9,122.7,113.6,9.2,"CLE",41.4965,-81.6882,-5,2024-04-10,48,41.4965,-81.6882,0,4511.33842241133,-5,0,0,0.5,0.934611240907762,0,47.8203746969254,2.79390243902439,6.40609756097561,"2023-24"
22301187,"2024-04-14","CLE","CLECHA","H","L",110,-10,111.2,125.2,-14.1,"CLE",41.4965,-81.6882,-5,2024-04-12,48,41.4965,-81.6882,0,3284.81776655537,-5,0,0,0.5,0.899379658511009,0,46.6459886170336,2.79390243902439,-16.8939024390244,"2023-24"
22300073,"2023-10-25","DAL","SAS","A","W",126,7,116.5,109.5,7,"SAS",29.427,-98.4375,-6,NA,NA,NA,NA,0,NA,NA,0,0,0,0,0,0,2.4390243902439,4.5609756097561,"2023-24"
22300084,"2023-10-27","DAL","DALBKN","H","W",125,5,119.8,117.2,2.6,"DAL",32.7905,-96.8103,-6,2023-10-25,48,29.427,-98.4375,251.813489153389,NA,-6,0,0,0.5,0,0,16.6666666666667,2.4390243902439,0.160975609756098,"2023-24"
22300106,"2023-10-30","DAL","MEM","A","W",125,15,120.7,107,13.7,"MEM",35.1382,-90.0505,-6,2023-10-27,72,32.7905,-96.8103,420.309408356037,NA,-6,0,0,0,0,0,0,2.4390243902439,11.2609756097561,"2023-24"
22300124,"2023-11-01","DAL","DALCHI","H","W",114,9,119.6,110.7,8.9,"DAL",32.7905,-96.8103,-6,2023-10-30,48,35.1382,-90.0505,420.309408356037,NA,-6,0,0,0.5,0,0,16.6666666666667,2.4390243902439,6.4609756097561,"2023-24"
22300006,"2023-11-03","DAL","DEN","A","L",114,-11,115.8,122.1,-6.4,"DEN",39.7487,-105.0077,-7,2023-11-01,48,32.7905,-96.8103,663.211405841625,NA,-6,1,-1,0.5,0,0.285714285714286,26.1904761904762,2.4390243902439,-8.8390243902439,"2023-24"
22300143,"2023-11-05","DAL","DALCHA","H","W",124,6,115.8,110,5.8,"DAL",32.7905,-96.8103,-6,2023-11-03,48,39.7487,-105.0077,663.211405841625,NA,-7,1,1,0.5,0,0.428571428571429,30.952380952381,2.4390243902439,3.3609756097561,"2023-24"
22300147,"2023-11-06","DAL","ORL","A","W",117,15,112.2,94.5,17.6,"ORL",28.5392,-81.3839,-5,2023-11-05,24,32.7905,-96.8103,962.699997728083,3381.55511527679,-6,1,1,1,0.902602461809387,0.428571428571429,77.7057963460272,2.4390243902439,15.1609756097561,"2023-24"
22300168,"2023-11-08","DAL","DALTOR","H","L",116,-11,107.8,117.7,-10,"DAL",32.7905,-96.8103,-6,2023-11-06,48,28.5392,-81.3839,962.699997728083,4344.25511300488,-5,1,-1,0.5,0.93042043191301,0.285714285714286,57.2044905875765,2.4390243902439,-12.4390243902439,"2023-24"
22300014,"2023-11-10","DAL","DALLAC","H","W",144,18,139.2,127.5,11.7,"DAL",32.7905,-96.8103,-6,2023-11-08,48,32.7905,-96.8103,0,4092.44162385149,-6,0,0,0.5,0.923789698113161,0,47.459656603772,2.4390243902439,9.2609756097561,"2023-24"
22300183,"2023-11-12","DAL","NOP","A","W",136,12,124.5,116.2,8.3,"NOP",29.949,-90.0822,-6,2023-11-10,48,32.7905,-96.8103,443.181141038864,4115.31335653432,-6,0,0,0.5,0.924408567530023,0,47.4802855843341,2.4390243902439,5.8609756097561,"2023-24"
22300022,"2023-11-14","DAL","NOP","A","L",110,-21,104.3,123.1,-18.7,"NOP",29.949,-90.0822,-6,2023-11-12,48,29.949,-90.0822,0,3695.00394817828,-6,0,0,0.5,0.912445630480277,0,47.0815210160092,2.4390243902439,-21.1390243902439,"2023-24"
22300192,"2023-11-15","DAL","WAS","A","W",130,13,122.9,113.5,9.5,"WAS",38.8981,-77.021,-5,2023-11-14,24,29.949,-90.0822,966.991916304761,3998.78445864142,-6,1,1,1,0.921218901311676,0.428571428571429,78.3263443294368,2.4390243902439,7.0609756097561,"2023-24"
22300205,"2023-11-18","DAL","MIL","A","L",125,-7,115.3,126,-10.6,"MIL",43.045,-87.917,-6,2023-11-15,72,38.8981,-77.021,636.574551145391,3972.14760394518,-5,1,-1,0,0.920476744767861,0.285714285714286,40.2063676827382,2.4390243902439,-13.0390243902439,"2023-24"
22300212,"2023-11-19","DAL","DALSAC","H","L",113,-16,114.8,131.3,-16.5,"DAL",32.7905,-96.8103,-6,2023-11-18,24,43.045,-87.917,858.30041140667,3867.74801762377,-6,0,0,1,0.917519192644832,0,63.9173064214944,2.4390243902439,-18.9390243902439,"2023-24"
22300238,"2023-11-22","DAL","LAL","A","W",104,3,108.3,104.8,3.5,"LAL",34.043,-118.2673,-8,2023-11-19,72,32.7905,-96.8103,1239.60029235243,4144.64831224812,-6,2,-1,0,0.925197306162849,0.571428571428571,49.8875292530473,2.4390243902439,1.0609756097561,"2023-24"
22300244,"2023-11-25","DAL","LAC","A","L",88,-19,91.5,109.6,-18.1,"LAC",34.043,-118.2673,-8,2023-11-22,72,34.043,-118.2673,0,4144.64831224812,-8,0,0,0,0.925197306162849,0,30.8399102054283,2.4390243902439,-20.5390243902439,"2023-24"
22300059,"2023-11-28","DAL","DALHOU","H","W",121,6,121.3,115.3,6,"DAL",32.7905,-96.8103,-6,2023-11-25,72,34.043,-118.2673,1239.60029235243,4941.06746356168,-8,2,1,0,0.944715136136923,0.714285714285714,55.3000283474212,2.4390243902439,3.5609756097561,"2023-24"
22300277,"2023-12-01","DAL","DALMEM","H","L",94,-14,93.8,111.5,-17.7,"DAL",32.7905,-96.8103,-6,2023-11-28,72,32.7905,-96.8103,0,4941.06746356168,-6,0,0,0,0.944715136136923,0,31.4905045378974,2.4390243902439,-20.1390243902439,"2023-24"
22300287,"2023-12-02","DAL","DALOKC","H","L",120,-6,116.1,118.1,-2.1,"DAL",32.7905,-96.8103,-6,2023-12-01,24,32.7905,-96.8103,0,3974.07554725692,-6,0,0,1,0.920530627951031,0,64.0176875983677,2.4390243902439,-4.5390243902439,"2023-24"
22301213,"2023-12-06","DAL","DALUTA","H","W",147,50,138.2,94.2,44,"DAL",32.7905,-96.8103,-6,2023-12-02,96,32.7905,-96.8103,0,3337.50099611153,-6,0,0,0,0.901146385124543,0,30.0382128374847,2.4390243902439,41.5609756097561,"2023-24"
22301226,"2023-12-08","DAL","POR","A","W",125,13,117.2,101.9,15.3,"POR",45.5316,-122.6668,-8,2023-12-06,48,32.7905,-96.8103,1631.84630163447,4111.04688633933,-6,2,-1,0.5,0.924293385564583,0.571428571428571,66.5240652331051,2.4390243902439,12.8609756097561,"2023-24"
22300299,"2023-12-11","DAL","MEM","A","W",120,7,118.4,108.6,9.8,"MEM",35.1382,-90.0505,-6,2023-12-08,72,45.5316,-122.6668,1847.91560981004,4719.36220379694,-8,2,1,0,0.939617193896351,0.714285714285714,55.1300969394022,2.4390243902439,7.3609756097561,"2023-24"
22300306,"2023-12-12","DAL","DALLAL","H","W",127,2,132,120.3,11.7,"DAL",32.7905,-96.8103,-6,2023-12-11,24,35.1382,-90.0505,420.309408356037,5139.67161215298,-6,0,0,1,0.949091314266225,0,64.9697104755408,2.4390243902439,9.2609756097561,"2023-24"
22300321,"2023-12-14","DAL","DALMIN","H","L",101,-18,98.1,114.4,-16.3,"DAL",32.7905,-96.8103,-6,2023-12-12,48,32.7905,-96.8103,0,3900.07131980055,-6,0,0,0.5,0.918443329592523,0,47.2814443197508,2.4390243902439,-18.7390243902439,"2023-24"
22300341,"2023-12-16","DAL","POR","A","W",131,11,121,114.6,6.4,"POR",45.5316,-122.6668,-8,2023-12-14,48,32.7905,-96.8103,1631.84630163447,5531.91762143502,-6,2,-1,0.5,0.957258504955974,0.571428571428571,67.6229025461515,2.4390243902439,3.9609756097561,"2023-24"
22300356,"2023-12-18","DAL","DEN","A","L",104,-26,107.9,134.5,-26.5,"DEN",39.7487,-105.0077,-7,2023-12-16,48,45.5316,-122.6668,980.83797616504,6512.75559760006,-8,1,1,0.5,0.975385324494234,0.428571428571429,63.4652251021887,2.4390243902439,-28.9390243902439,"2023-24"
22300372,"2023-12-20","DAL","DALLAC","H","L",111,-9,113.4,126.3,-12.9,"DAL",32.7905,-96.8103,-6,2023-12-18,48,39.7487,-105.0077,663.211405841625,7175.96700344168,-7,1,1,0.5,0.986154803732094,0.428571428571429,63.8242077434507,2.4390243902439,-15.3390243902439,"2023-24"
22300385,"2023-12-22","DAL","HOU","A","L",96,-26,86.9,110.8,-23.9,"HOU",29.7508,-95.3621,-6,2023-12-20,48,32.7905,-96.8103,227.015224148548,5771.13592595576,-6,0,0,0.5,0.961959779822316,0,48.7319926607439,2.4390243902439,-26.3390243902439,"2023-24"
22300398,"2023-12-23","DAL","DALSAS","H","W",144,25,129.4,107.6,21.8,"DAL",32.7905,-96.8103,-6,2023-12-22,24,29.7508,-95.3621,227.015224148548,4150.23554029427,-6,0,0,1,0.925346898890121,0,64.178229963004,2.4390243902439,19.3609756097561,"2023-24"
22300405,"2023-12-25","DAL","PHX","A","W",128,14,127.7,110.7,17.1,"PHX",33.4457,-112.0712,-7,2023-12-23,48,32.7905,-96.8103,884.489245760011,4614.41537769824,-6,1,-1,0.5,0.937119920249611,0.285714285714286,57.4278068654632,2.4390243902439,14.6609756097561,"2023-24"
22300420,"2023-12-27","DAL","DALCLE","H","L",110,-3,107.4,112.9,-5.5,"DAL",32.7905,-96.8103,-6,2023-12-25,48,33.4457,-112.0712,884.489245760011,5498.90462345825,-7,1,1,0.5,0.956593800381694,0.428571428571429,62.8388409651041,2.4390243902439,-7.9390243902439,"2023-24"
22300423,"2023-12-28","DAL","MIN","A","L",110,-8,106.4,112.4,-6,"MIN",44.9795,-93.276,-6,2023-12-27,24,32.7905,-96.8103,864.096486935815,4731.1548087596,-6,0,0,1,0.939894328997148,0,64.6631442999049,2.4390243902439,-8.4390243902439,"2023-24"
22300444,"2023-12-30","DAL","GSW","A","W",132,10,131.1,117.6,13.5,"GSW",37.768,-122.3877,-8,2023-12-28,48,44.9795,-93.276,1581.29897421359,5331.61580680815,-6,2,-1,0.5,0.953162956562303,0.571428571428571,67.4863842663625,2.4390243902439,11.0609756097561,"2023-24"
22300457,"2024-01-01","DAL","UTA","A","L",90,-37,85.4,115.5,-30.1,"UTA",40.7683,-111.9011,-7,2023-12-30,48,37.768,-122.3877,598.218575101357,5266.62297606788,-8,1,1,0.5,0.951800934087929,0.428571428571429,62.6790787553119,2.4390243902439,-32.5390243902439,"2023-24"
22300472,"2024-01-03","DAL","DALPOR","H","W",126,29,117.7,89.3,28.5,"DAL",32.7905,-96.8103,-6,2024-01-01,48,40.7683,-111.9011,999.519352579207,6039.12710449854,-7,1,1,0.5,0.967000480940304,0.428571428571429,63.1857303170578,2.4390243902439,26.0609756097561,"2023-24"
22300487,"2024-01-05","DAL","DALPOR","H","W",139,36,126.8,92.4,34.4,"DAL",32.7905,-96.8103,-6,2024-01-03,48,32.7905,-96.8103,0,5812.11188034999,-6,0,0,0.5,0.962745475905549,0,48.758182530185,2.4390243902439,31.9609756097561,"2023-24"
22300501,"2024-01-07","DAL","DALMIN","H","W",115,7,115.2,109.9,5.3,"DAL",32.7905,-96.8103,-6,2024-01-05,48,32.7905,-96.8103,0,4927.62263458998,-6,0,0,0.5,0.944412558336961,0,48.1470852778987,2.4390243902439,2.8609756097561,"2023-24"
22300515,"2024-01-09","DAL","DALMEM","H","L",103,-17,104.2,120.9,-16.8,"DAL",32.7905,-96.8103,-6,2024-01-07,48,32.7905,-96.8103,0,4043.13338882997,-6,0,0,0.5,0.922443655544508,0,47.4147885181503,2.4390243902439,-19.2390243902439,"2023-24"
22300530,"2024-01-11","DAL","DALNYK","H","W",128,4,127.7,118.9,8.9,"DAL",32.7905,-96.8103,-6,2024-01-09,48,32.7905,-96.8103,0,3179.03690189416,-6,0,0,0.5,0.895745122708516,0,46.5248374236172,2.4390243902439,6.4609756097561,"2023-24"
22300547,"2024-01-13","DAL","DALNOP","H","L",108,-10,115.1,127.9,-12.7,"DAL",32.7905,-96.8103,-6,2024-01-11,48,32.7905,-96.8103,0,1597.73792768056,-6,0,0,0.5,0.819364298936299,0,43.9788099645433,2.4390243902439,-15.1390243902439,"2023-24"
22300556,"2024-01-15","DAL","DALNOP","H","W",125,5,125.8,118.8,7,"DAL",32.7905,-96.8103,-6,2024-01-13,48,32.7905,-96.8103,0,999.519352579207,-6,0,0,0.5,0.767306040554727,0,42.2435346851575,2.4390243902439,4.5609756097561,"2023-24"
22300577,"2024-01-17","DAL","LAL","A","L",110,-17,106.9,122.6,-15.8,"LAL",34.043,-118.2673,-8,2024-01-15,48,32.7905,-96.8103,1239.60029235243,1239.60029235243,-6,2,-1,0.5,0.791194672985811,0.571428571428571,62.0874414804794,2.4390243902439,-18.2390243902439,"2023-24"
22300611,"2024-01-22","DAL","DALBOS","H","L",110,-9,106.6,116.4,-9.8,"DAL",32.7905,-96.8103,-6,2024-01-17,120,34.043,-118.2673,1239.60029235243,2479.20058470486,-8,2,1,0,0.868138157015674,0.714285714285714,52.7474623767129,2.4390243902439,-12.2390243902439,"2023-24"
22300625,"2024-01-24","DAL","DALPHX","H","L",109,-23,108,132.4,-24.4,"DAL",32.7905,-96.8103,-6,2024-01-22,48,32.7905,-96.8103,0,2479.20058470486,-6,0,0,0.5,0.868138157015674,0,45.6046052338558,2.4390243902439,-26.8390243902439,"2023-24"
22300634,"2024-01-26","DAL","ATL","A","W",148,5,139.5,135.9,3.6,"ATL",33.7573,-84.3963,-5,2024-01-24,48,32.7905,-96.8103,720.578383671954,3199.77896837682,-6,1,1,0.5,0.896467237708402,0.428571428571429,60.8346222093277,2.4390243902439,1.1609756097561,"2023-24"
22300651,"2024-01-27","DAL","DALSAC","H","L",115,-5,111.7,118.6,-6.8,"DAL",32.7905,-96.8103,-6,2024-01-26,24,33.7573,-84.3963,720.578383671954,3920.35735204877,-5,1,-1,1,0.919019413177425,0.285714285714286,73.4911232963904,2.4390243902439,-9.2390243902439,"2023-24"
22300666,"2024-01-29","DAL","DALORL","H","W",131,2,131.1,128.6,2.5,"DAL",32.7905,-96.8103,-6,2024-01-27,48,32.7905,-96.8103,0,3920.35735204877,-6,0,0,0.5,0.919019413177425,0,47.3006471059142,2.4390243902439,0.0609756097560976,"2023-24"
22300680,"2024-01-31","DAL","MIN","A","L",87,-34,91.2,128.5,-37.3,"MIN",44.9795,-93.276,-6,2024-01-29,48,32.7905,-96.8103,864.096486935815,4784.45383898458,-6,0,0,0.5,0.941138342318646,0,48.0379447439549,2.4390243902439,-39.7390243902439,"2023-24"
22300702,"2024-02-03","DAL","DALMIL","H","L",117,-12,112.4,121.7,-9.3,"DAL",32.7905,-96.8103,-6,2024-01-31,72,44.9795,-93.276,864.096486935815,4408.95003356797,-6,0,0,0,0.932061931542452,0,31.0687310514151,2.4390243902439,-11.7390243902439,"2023-24"
22300715,"2024-02-05","DAL","PHI","A","W",118,16,119,104.3,14.8,"PHI",39.9012,-75.172,-5,2024-02-03,48,32.7905,-96.8103,1297.79295903056,4467.1427002461,-6,1,1,0.5,0.933518006822837,0.428571428571429,62.0696478464755,2.4390243902439,12.3609756097561,"2023-24"
22300720,"2024-02-06","DAL","BKN","A","W",119,12,117,107.4,9.6,"BKN",40.6826,-73.9754,-5,2024-02-05,24,39.9012,-75.172,83.10840164052,4550.25110188662,-5,0,0,1,0.93556496467039,0,64.5188321556797,2.4390243902439,7.1609756097561,"2023-24"
22300736,"2024-02-08","DAL","NYK","A","W",122,14,128.3,109.3,19,"NYK",40.7505,-73.9934,-5,2024-02-06,48,40.6826,-73.9754,4.79057381509804,3834.46329202976,-5,0,0,0.5,0.916559463852432,0,47.2186487950811,2.4390243902439,16.5609756097561,"2023-24"
22300748,"2024-02-10","DAL","DALOKC","H","W",146,35,137.1,105.5,31.6,"DAL",32.7905,-96.8103,-6,2024-02-08,48,40.7505,-73.9934,1373.67078184932,4487.55569020713,-5,1,-1,0.5,0.934024284117908,0.285714285714286,57.3246189944065,2.4390243902439,29.1609756097561,"2023-24"
22300768,"2024-02-12","DAL","DALWAS","H","W",112,8,100.5,89.2,11.3,"DAL",32.7905,-96.8103,-6,2024-02-10,48,32.7905,-96.8103,0,4487.55569020713,-6,0,0,0.5,0.934024284117908,0,47.800809470597,2.4390243902439,8.8609756097561,"2023-24"
22300785,"2024-02-14","DAL","DALSAS","H","W",116,23,111.1,88.1,23,"DAL",32.7905,-96.8103,-6,2024-02-12,48,32.7905,-96.8103,0,3623.45920327131,-6,0,0,0.5,0.910274519440043,0,47.0091506480014,2.4390243902439,20.5609756097561,"2023-24"
22300796,"2024-02-22","DAL","DALPHX","H","W",123,10,123.9,114.7,9.3,"DAL",32.7905,-96.8103,-6,2024-02-14,192,32.7905,-96.8103,0,2759.3627163355,-6,0,0,0,0.880025224844837,0,29.3341741614946,2.4390243902439,6.8609756097561,"2023-24"
22300819,"2024-02-25","DAL","IND","A","L",111,-22,106.5,121.5,-15,"IND",39.7639,-86.1555,-5,2024-02-22,72,32.7905,-96.8103,764.314777780896,2225.88453508583,-6,1,1,0,0.856171868494206,0.428571428571429,42.8247765688545,2.4390243902439,-17.4390243902439,"2023-24"
22300832,"2024-02-27","DAL","CLE","A","L",119,-2,121.9,123.6,-1.6,"CLE",41.4965,-81.6882,-5,2024-02-25,48,39.7639,-86.1555,263.314647279715,2406.09078072503,-5,0,0,0.5,0.864814862631875,0,45.4938287543958,2.4390243902439,-4.0390243902439,"2023-24"
22300844,"2024-02-28","DAL","TOR","A","W",136,11,123.4,112.4,11,"TOR",43.6435,-79.379,-5,2024-02-27,24,41.4965,-81.6882,189.436357987111,2590.73656489704,-5,0,0,1,0.873024007520235,0,62.4341335840078,2.4390243902439,8.5609756097561,"2023-24"
22300859,"2024-03-01","DAL","BOS","A","L",110,-28,110.1,138.4,-28.3,"BOS",42.3662,-71.0621,-5,2024-02-28,48,43.6435,-79.379,429.683533438057,1646.74931648578,-5,0,0,0.5,0.822718162042781,0,44.090605401426,2.4390243902439,-30.7390243902439,"2023-24"
22300871,"2024-03-03","DAL","DALPHI","H","L",116,-4,114.7,122.9,-8.2,"DAL",32.7905,-96.8103,-6,2024-03-01,48,42.3662,-71.0621,1550.98049332046,3197.72980980624,-5,1,-1,0.5,0.896396106863119,0.285714285714286,56.0703464192468,2.4390243902439,-10.6390243902439,"2023-24"
22300892,"2024-03-05","DAL","DALIND","H","L",120,-17,117.4,132.3,-14.9,"DAL",32.7905,-96.8103,-6,2024-03-03,48,32.7905,-96.8103,0,3197.72980980624,-6,0,0,0.5,0.896396106863119,0,46.5465368954373,2.4390243902439,-17.3390243902439,"2023-24"
22300904,"2024-03-07","DAL","DALMIA","H","W",114,6,117.4,108.6,8.8,"DAL",32.7905,-96.8103,-6,2024-03-05,48,32.7905,-96.8103,0,3197.72980980624,-6,0,0,0.5,0.896396106863119,0,46.5465368954373,2.4390243902439,6.3609756097561,"2023-24"
22300919,"2024-03-09","DAL","DET","A","W",142,18,122.3,112.7,9.6,"DET",42.341,-83.0552,-5,2024-03-07,48,32.7905,-96.8103,1000.25560071147,3433.67063273681,-6,1,1,0.5,0.904300693207698,0.428571428571429,61.0957373926375,2.4390243902439,7.1609756097561,"2023-24"
22300935,"2024-03-11","DAL","CHI","A","W",127,35,132.8,94.2,38.7,"CHI",41.8807,-87.6742,-6,2024-03-09,48,42.341,-83.0552,239.119148083624,3409.47513354072,-5,1,-1,0.5,0.903515488812632,0.285714285714286,56.3076591508973,2.4390243902439,36.2609756097561,"2023-24"
22300952,"2024-03-13","DAL","DALGSW","H","W",109,10,110.8,96.7,14.1,"DAL",32.7905,-96.8103,-6,2024-03-11,48,41.8807,-87.6742,803.851209205473,4023.88998475908,-6,0,0,0.5,0.92191388137883,0,47.3971293792943,2.4390243902439,11.6609756097561,"2023-24"
22300959,"2024-03-14","DAL","OKC","A","L",119,-7,113.9,124.6,-10.7,"OKC",35.4634,-97.5151,-6,2024-03-13,24,32.7905,-96.8103,189.238198321435,3783.44464964246,-6,0,0,1,0.915072108672939,0,63.8357369557646,2.4390243902439,-13.1390243902439,"2023-24"
22300978,"2024-03-17","DAL","DALDEN","H","W",107,2,107.8,109.7,-1.9,"DAL",32.7905,-96.8103,-6,2024-03-14,72,35.4634,-97.5151,189.238198321435,2421.70235464344,-6,0,0,0,0.865532902733064,0,28.8510967577688,2.4390243902439,-4.3390243902439,"2023-24"
22300994,"2024-03-19","DAL","SAS","A","W",113,6,108.2,101.7,6.5,"SAS",29.427,-98.4375,-6,2024-03-17,48,32.7905,-96.8103,251.813489153389,2673.51584379682,-6,0,0,0.5,0.876516092210928,0,45.8838697403643,2.4390243902439,4.0609756097561,"2023-24"
22301008,"2024-03-21","DAL","DALUTA","H","W",113,16,112.6,92.9,19.7,"DAL",32.7905,-96.8103,-6,2024-03-19,48,29.427,-98.4375,251.813489153389,2925.32933295021,-6,0,0,0.5,0.886510276040011,0,46.2170092013337,2.4390243902439,17.2609756097561,"2023-24"
22301041,"2024-03-25","DAL","UTA","A","W",115,10,119.9,106.4,13.5,"UTA",40.7683,-111.9011,-7,2024-03-21,96,32.7905,-96.8103,999.519352579207,2924.59308481795,-6,1,-1,0,0.886482327786391,0.285714285714286,39.0732204500225,2.4390243902439,11.0609756097561,"2023-24"
22301047,"2024-03-26","DAL","SAC","A","W",132,36,129.8,94.7,35.1,"SAC",38.5805,-121.4993,-8,2024-03-25,24,40.7683,-111.9011,532.618318901091,3218.09225563542,-7,1,-1,1,0.897100917994234,0.285714285714286,72.760506790284,2.4390243902439,32.6609756097561,"2023-24"
22301073,"2024-03-29","DAL","SAC","A","W",107,4,115.7,104.8,10.8,"SAC",38.5805,-121.4993,-8,2024-03-26,72,38.5805,-121.4993,0,2414.24104642995,-8,0,0,0,0.865190305722964,0,28.8396768574321,2.4390243902439,8.3609756097561,"2023-24"
22301083,"2024-03-31","DAL","HOU","A","W",125,18,123.8,106.6,17.2,"HOU",29.7508,-95.3621,-6,2024-03-29,48,38.5805,-121.4993,1608.66833693491,3833.67118504342,-8,2,1,0.5,0.916536522981892,0.714285714285714,71.0274079089202,2.4390243902439,14.7609756097561,"2023-24"
22300589,"2024-04-02","DAL","GSW","A","L",100,-4,99.2,105,-5.8,"GSW",37.768,-122.3877,-8,2024-03-31,48,29.7508,-95.3621,1643.07531015725,5287.50829687923,-6,2,-1,0.5,0.952240441255612,0.571428571428571,67.4556337561394,2.4390243902439,-8.2390243902439,"2023-24"
22301124,"2024-04-04","DAL","DALATL","H","W",109,14,104.3,91.1,13.2,"DAL",32.7905,-96.8103,-6,2024-04-02,48,37.768,-122.3877,1479.70997370133,6515.40478142717,-8,2,1,0.5,0.975430488386941,0.714285714285714,72.9905400890885,2.4390243902439,10.7609756097561,"2023-24"
22301097,"2024-04-05","DAL","DALGSW","H","W",108,2,104.6,101,3.6,"DAL",32.7905,-96.8103,-6,2024-04-04,24,32.7905,-96.8103,0,6263.59129227378,-6,0,0,1,0.971053256844921,0,65.701775228164,2.4390243902439,1.1609756097561,"2023-24"
22301131,"2024-04-07","DAL","DALHOU","H","W",147,11,126.9,117.9,9.1,"DAL",32.7905,-96.8103,-6,2024-04-05,48,32.7905,-96.8103,0,5264.07193969457,-6,0,0,0.5,0.951747131126388,0,48.3915710375463,2.4390243902439,6.6609756097561,"2023-24"
22301144,"2024-04-09","DAL","CHA","A","W",130,26,129,101.7,27.2,"CHA",35.2251,-80.8392,-5,2024-04-07,48,32.7905,-96.8103,930.060694095961,5661.51431488944,-6,1,1,0.5,0.959830093567958,0.428571428571429,62.9467174046462,2.4390243902439,24.7609756097561,"2023-24"
22301161,"2024-04-10","DAL","MIA","A","W",111,19,121,99.2,21.8,"MIA",25.7814,-80.187,-5,2024-04-09,24,35.2251,-80.8392,654.379273453008,6315.89358834245,-5,0,0,1,0.971976721725021,0,65.732557390834,2.4390243902439,19.3609756097561,"2023-24"
22301181,"2024-04-12","DAL","DALDET","H","L",89,-18,89.6,107,-17.4,"DAL",32.7905,-96.8103,-6,2024-04-10,48,25.7814,-80.187,1112.06754534975,5819.29279675729,-5,1,-1,0.5,0.962882596320175,0.285714285714286,58.286562734482,2.4390243902439,-19.8390243902439,"2023-24"
22301196,"2024-04-14","DAL","OKC","A","L",86,-49,80,125,-44.9,"OKC",35.4634,-97.5151,-6,2024-04-12,48,32.7905,-96.8103,189.238198321435,4365.45568492148,-6,0,0,0.5,0.930961029386332,0,47.6987009795444,2.4390243902439,-47.3390243902439,"2023-24"
22300061,"2023-10-24","DEN","DENLAL","H","W",119,12,119.9,109.4,10.5,"DEN",39.7487,-105.0077,-7,NA,NA,NA,NA,0,NA,NA,0,0,0,0,0,0,4.9890243902439,5.5109756097561,"2023-24"
22300078,"2023-10-27","DEN","MEM","A","W",108,4,99.2,101.4,-2.2,"MEM",35.1382,-90.0505,-6,2023-10-24,72,39.7487,-105.0077,879.784409719152,NA,-7,1,1,0,0,0.428571428571429,14.2857142857143,4.9890243902439,-7.1890243902439,"2023-24"
22300095,"2023-10-29","DEN","OKC","A","W",128,33,132.3,94.1,38.2,"OKC",35.4634,-97.5151,-6,2023-10-27,48,35.1382,-90.0505,421.893724616216,NA,-6,0,0,0.5,0,0,16.6666666666667,4.9890243902439,33.2109756097561,"2023-24"
22300110,"2023-10-30","DEN","DENUTA","H","W",110,8,112.8,101.4,11.5,"DEN",39.7487,-105.0077,-7,2023-10-29,24,35.4634,-97.5151,506.099585168091,NA,-6,1,-1,1,0,0.285714285714286,42.8571428571429,4.9890243902439,6.5109756097561,"2023-24"
22300123,"2023-11-01","DEN","MIN","A","L",89,-21,85.2,109,-23.8,"MIN",44.9795,-93.276,-6,2023-10-30,48,39.7487,-105.0077,699.271812997831,NA,-7,1,1,0.5,0,0.428571428571429,30.952380952381,4.9890243902439,-28.7890243902439,"2023-24"
22300006,"2023-11-03","DEN","DENDAL","H","W",125,11,122.1,115.8,6.4,"DEN",39.7487,-105.0077,-7,2023-11-01,48,44.9795,-93.276,699.271812997831,NA,-6,1,-1,0.5,0,0.285714285714286,26.1904761904762,4.9890243902439,1.4109756097561,"2023-24"
22300139,"2023-11-04","DEN","DENCHI","H","W",123,22,127.9,102.9,24.9,"DEN",39.7487,-105.0077,-7,2023-11-03,24,39.7487,-105.0077,0,3206.32134549912,-7,0,0,1,0.896694033739867,0,63.2231344579956,4.9890243902439,19.9109756097561,"2023-24"
22300156,"2023-11-06","DEN","DENNOP","H","W",134,18,128.7,114.2,14.5,"DEN",39.7487,-105.0077,-7,2023-11-04,48,39.7487,-105.0077,0,3206.32134549912,-7,0,0,0.5,0.896694033739867,0,46.5564677913289,4.9890243902439,9.5109756097561,"2023-24"
22300169,"2023-11-08","DEN","DENGSW","H","W",108,3,110.6,110,0.5,"DEN",39.7487,-105.0077,-7,2023-11-06,48,39.7487,-105.0077,0,2326.53693577997,-7,0,0,0.5,0.861081972211085,0,45.3693990737028,4.9890243902439,-4.4890243902439,"2023-24"
22300182,"2023-11-12","DEN","HOU","A","L",104,-3,108.2,110.6,-2.4,"HOU",29.7508,-95.3621,-6,2023-11-08,96,39.7487,-105.0077,881.297712016856,2785.94092318061,-7,1,1,0,0.881089554318872,0.428571428571429,43.6553660963433,4.9890243902439,-7.3890243902439,"2023-24"
22300024,"2023-11-14","DEN","DENLAC","H","W",111,3,116.7,115.4,1.3,"DEN",39.7487,-105.0077,-7,2023-11-12,48,29.7508,-95.3621,881.297712016856,3161.13905002937,-6,1,-1,0.5,0.895118230600238,0.285714285714286,56.0277505438175,4.9890243902439,-3.6890243902439,"2023-24"
22300034,"2023-11-17","DEN","NOP","A","L",110,-5,106.5,110.3,-3.8,"NOP",29.949,-90.0822,-6,2023-11-14,72,39.7487,-105.0077,1082.45093405792,3544.31817108946,-7,1,1,0,0.907822393872158,0.428571428571429,44.5464607481196,4.9890243902439,-8.7890243902439,"2023-24"
22300210,"2023-11-19","DEN","CLE","A","L",109,-12,113.4,125.5,-12.1,"CLE",41.4965,-81.6882,-5,2023-11-17,48,29.949,-90.0822,926.358693730177,3771.40505182181,-6,1,1,0.5,0.914718192352849,0.428571428571429,61.4429873641426,4.9890243902439,-17.0890243902439,"2023-24"
22300218,"2023-11-20","DEN","DET","A","W",107,4,107.8,103.6,4.2,"DET",42.341,-83.0552,-5,2023-11-19,24,41.4965,-81.6882,91.4453758859851,3862.85042770779,-5,0,0,1,0.917378495253442,0,63.9126165084481,4.9890243902439,-0.789024390243902,"2023-24"
22300226,"2023-11-22","DEN","ORL","A","L",119,-5,122.4,130.3,-7.9,"ORL",28.5392,-81.3839,-5,2023-11-20,48,42.341,-83.0552,959.261066494143,4822.11149420193,-5,0,0,0.5,0.942008956983195,0,48.0669652327731,4.9890243902439,-12.8890243902439,"2023-24"
22300048,"2023-11-24","DEN","HOU","A","L",86,-19,84.1,108.7,-24.6,"HOU",29.7508,-95.3621,-6,2023-11-22,48,28.5392,-81.3839,848.089028965966,5670.2005231679,-5,1,-1,0.5,0.960000343547919,0.285714285714286,58.1904876420735,4.9890243902439,-29.5890243902439,"2023-24"
22300252,"2023-11-26","DEN","DENSAS","H","W",132,12,121.1,109.6,11.5,"DEN",39.7487,-105.0077,-7,2023-11-24,48,29.7508,-95.3621,881.297712016856,5670.2005231679,-6,1,-1,0.5,0.960000343547919,0.285714285714286,58.1904876420735,4.9890243902439,6.5109756097561,"2023-24"
22300257,"2023-11-27","DEN","LAC","A","W",113,9,116.1,107.3,8.9,"LAC",34.043,-118.2673,-8,2023-11-26,24,39.7487,-105.0077,831.691248536452,5620.5940596875,-7,1,-1,1,0.959024525920962,0.285714285714286,74.8246270545082,4.9890243902439,3.9109756097561,"2023-24"
22300263,"2023-11-29","DEN","DENHOU","H","W",134,10,137.5,130,7.5,"DEN",39.7487,-105.0077,-7,2023-11-27,48,34.043,-118.2673,831.691248536452,5369.83437416603,-8,1,1,0.5,0.953956154331529,0.428571428571429,62.7509194300986,4.9890243902439,2.5109756097561,"2023-24"
22300279,"2023-12-01","DEN","PHX","A","W",119,8,121.1,111.6,9.5,"PHX",33.4457,-112.0712,-7,2023-11-29,48,39.7487,-105.0077,586.063055747443,5029.5387361833,-7,0,0,0.5,0.946685897436934,0,48.2228632478978,4.9890243902439,4.5109756097561,"2023-24"
22300290,"2023-12-02","DEN","SAC","A","L",117,-6,105.6,114.3,-8.7,"SAC",38.5805,-121.4993,-8,2023-12-01,24,33.4457,-112.0712,635.391669288317,5573.48502958563,-7,1,-1,1,0.958089831188214,0.285714285714286,74.7934705634166,4.9890243902439,-13.6890243902439,"2023-24"
22301215,"2023-12-06","DEN","LAC","A","L",102,-9,103.1,115.6,-12.6,"LAC",34.043,-118.2673,-8,2023-12-02,96,38.5805,-121.4993,361.822076167738,4976.04603925922,-8,0,0,0,0.945498493786691,0,31.5166164595564,4.9890243902439,-17.5890243902439,"2023-24"
22301224,"2023-12-08","DEN","DENHOU","H","L",106,-8,106.1,114.6,-8.5,"DEN",39.7487,-105.0077,-7,2023-12-06,48,34.043,-118.2673,831.691248536452,4959.64825882971,-8,1,1,0.5,0.945131947473896,0.428571428571429,62.4567792015108,4.9890243902439,-13.4890243902439,"2023-24"
22300296,"2023-12-11","DEN","ATL","A","W",129,7,125.5,120.9,4.6,"ATL",33.7573,-84.3963,-5,2023-12-08,72,39.7487,-105.0077,1211.76269094873,5290.11323776158,-7,2,1,0,0.952295137407844,0.714285714285714,55.552695056452,4.9890243902439,-0.389024390243903,"2023-24"
22300307,"2023-12-12","DEN","CHI","A","W",114,8,122.5,106.9,15.5,"CHI",41.8807,-87.6742,-6,2023-12-11,24,33.7573,-84.3963,589.627717454543,5048.04970667967,-5,1,-1,1,0.947093855859714,0.285714285714286,74.4269380524666,4.9890243902439,10.5109756097561,"2023-24"
22300322,"2023-12-14","DEN","DENBKN","H","W",124,23,117.8,99.2,18.6,"DEN",39.7487,-105.0077,-7,2023-12-12,48,41.8807,-87.6742,917.687901051507,5134.04635919472,-6,1,-1,0.5,0.948969707160816,0.285714285714286,57.8227997625034,4.9890243902439,13.6109756097561,"2023-24"
22300340,"2023-12-16","DEN","DENOKC","H","L",117,-1,121.2,119,2.2,"DEN",39.7487,-105.0077,-7,2023-12-14,48,39.7487,-105.0077,0,4547.98330344728,-7,0,0,0.5,0.935509606604392,0,47.8503202201464,4.9890243902439,-2.7890243902439,"2023-24"
22300356,"2023-12-18","DEN","DENDAL","H","W",130,26,134.5,107.9,26.5,"DEN",39.7487,-105.0077,-7,2023-12-16,48,39.7487,-105.0077,0,3912.59163415897,-7,0,0,0.5,0.918799234830967,0,47.2933078276989,4.9890243902439,21.5109756097561,"2023-24"
22300369,"2023-12-20","DEN","TOR","A","W",113,9,118.8,107.5,11.3,"TOR",43.6435,-79.379,-5,2023-12-18,48,39.7487,-105.0077,1345.14811152899,4895.91766952021,-7,2,1,0.5,0.94369575276589,0.714285714285714,71.9327155683868,4.9890243902439,6.3109756097561,"2023-24"
22300383,"2023-12-22","DEN","BKN","A","W",122,5,127.1,120.1,7,"BKN",40.6826,-73.9754,-5,2023-12-20,48,43.6435,-79.379,344.413109831946,4408.63953081571,-5,0,0,0.5,0.932054110833814,0,47.7351370277938,4.9890243902439,2.0109756097561,"2023-24"
22300390,"2023-12-23","DEN","CHA","A","W",102,7,100.8,92.1,8.7,"CHA",35.2251,-80.8392,-5,2023-12-22,24,40.6826,-73.9754,531.310885808577,3728.18772567556,-5,0,0,1,0.913438403742793,0,63.7812801247598,4.9890243902439,3.7109756097561,"2023-24"
22300402,"2023-12-25","DEN","DENGSW","H","W",120,6,119.9,112.7,7.2,"DEN",39.7487,-105.0077,-7,2023-12-23,48,35.2251,-80.8392,1358.41745551412,4496.97746373514,-5,2,-1,0.5,0.934257184213192,0.571428571428571,66.8561918547254,4.9890243902439,2.2109756097561,"2023-24"
22300425,"2023-12-28","DEN","DENMEM","H","W",142,37,139,105,34,"DEN",39.7487,-105.0077,-7,2023-12-25,72,39.7487,-105.0077,0,3579.28956268363,-7,0,0,0,0.90891263740124,0,30.2970879133747,4.9890243902439,29.0109756097561,"2023-24"
22300435,"2023-12-29","DEN","DENOKC","H","L",93,-26,89.8,119,-29.2,"DEN",39.7487,-105.0077,-7,2023-12-28,24,39.7487,-105.0077,0,3579.28956268363,-7,0,0,1,0.90891263740124,0,63.630421246708,4.9890243902439,-34.1890243902439,"2023-24"
22300455,"2024-01-01","DEN","DENCHA","H","W",111,18,113.4,93.9,19.5,"DEN",39.7487,-105.0077,-7,2023-12-29,72,39.7487,-105.0077,0,3579.28956268363,-7,0,0,0,0.90891263740124,0,30.2970879133747,4.9890243902439,14.5109756097561,"2023-24"
22300478,"2024-01-04","DEN","GSW","A","W",130,3,135.8,129.5,6.2,"GSW",37.768,-122.3877,-8,2024-01-01,72,39.7487,-105.0077,945.881692119517,3180.02314327416,-7,1,-1,0,0.89577956426389,0.285714285714286,39.3831283326059,4.9890243902439,1.2109756097561,"2023-24"
22300488,"2024-01-05","DEN","DENORL","H","L",120,-2,111.8,120.8,-9.1,"DEN",39.7487,-105.0077,-7,2024-01-04,24,37.768,-122.3877,945.881692119517,3781.49172556174,-8,1,1,1,0.915014777039561,0.428571428571429,78.119540187033,4.9890243902439,-14.0890243902439,"2023-24"
22300502,"2024-01-07","DEN","DENDET","H","W",131,17,128.9,112.6,16.2,"DEN",39.7487,-105.0077,-7,2024-01-05,48,39.7487,-105.0077,0,3250.18083975316,-7,0,0,0.5,0.898202610843882,0,46.6067536947961,4.9890243902439,11.2109756097561,"2023-24"
22300524,"2024-01-10","DEN","UTA","A","L",111,-13,109.6,120.2,-10.7,"UTA",40.7683,-111.9011,-7,2024-01-07,72,39.7487,-105.0077,370.547576134278,2262.31096037331,-7,0,0,0,0.857974014022377,0,28.5991338007459,4.9890243902439,-15.6890243902439,"2023-24"
22300539,"2024-01-12","DEN","DENNOP","H","W",125,12,120.7,113.4,7.3,"DEN",39.7487,-105.0077,-7,2024-01-10,48,40.7683,-111.9011,370.547576134278,2632.85853650759,-7,0,0,0.5,0.874814660247953,0,45.8271553415984,4.9890243902439,2.3109756097561,"2023-24"
22300550,"2024-01-14","DEN","DENIND","H","W",117,8,118,108.3,9.8,"DEN",39.7487,-105.0077,-7,2024-01-12,48,39.7487,-105.0077,0,2632.85853650759,-7,0,0,0.5,0.874814660247953,0,45.8271553415984,4.9890243902439,4.8109756097561,"2023-24"
22300566,"2024-01-16","DEN","PHI","A","L",121,-5,127.4,134.1,-6.7,"PHI",39.9012,-75.172,-5,2024-01-14,48,39.7487,-105.0077,1577.55935045806,4210.41788696565,-7,2,1,0.5,0.926945578898267,0.714285714285714,71.374376439466,4.9890243902439,-11.6890243902439,"2023-24"
22300586,"2024-01-19","DEN","BOS","A","W",102,2,116.3,116.1,0.2,"BOS",42.3662,-71.0621,-5,2024-01-16,72,39.9012,-75.172,273.654490118229,3538.19068496436,-5,0,0,0,0.907630260978136,0,30.2543420326045,4.9890243902439,-4.7890243902439,"2023-24"
22300602,"2024-01-21","DEN","WAS","A","W",113,9,111.5,102.3,9.2,"WAS",38.8981,-77.021,-5,2024-01-19,48,42.3662,-71.0621,394.034709905986,2986.34370275083,-5,0,0,0.5,0.888802300559073,0,46.2934100186357,4.9890243902439,4.2109756097561,"2023-24"
22300614,"2024-01-23","DEN","IND","A","W",114,5,118.2,109.8,8.3,"IND",39.7639,-86.1555,-5,2024-01-21,48,38.8981,-77.021,492.162868878542,3478.50657162937,-5,0,0,0.5,0.905741218464919,0,46.8580406154973,4.9890243902439,3.3109756097561,"2023-24"
22300631,"2024-01-25","DEN","NYK","A","L",84,-38,87.8,132.9,-45.1,"NYK",40.7505,-73.9934,-5,2024-01-23,48,39.7639,-86.1555,645.101494684543,3753.06049017964,-5,0,0,0.5,0.914176757575507,0,47.1392252525169,4.9890243902439,-50.0890243902439,"2023-24"
22300644,"2024-01-27","DEN","DENPHI","H","W",111,6,118.4,112.9,5.6,"DEN",39.7487,-105.0077,-7,2024-01-25,48,40.7505,-73.9934,1630.29342060724,5012.8063346526,-5,2,-1,0.5,0.946315842602402,0.571428571428571,67.2581471343658,4.9890243902439,0.610975609756097,"2023-24"
22300667,"2024-01-29","DEN","DENMIL","H","W",113,6,112.4,105.9,6.4,"DEN",39.7487,-105.0077,-7,2024-01-27,48,39.7487,-105.0077,0,5012.8063346526,-7,0,0,0.5,0.946315842602402,0,48.2105280867467,4.9890243902439,1.4109756097561,"2023-24"
22300682,"2024-01-31","DEN","OKC","A","L",100,-5,102,109.4,-7.4,"OKC",35.4634,-97.5151,-6,2024-01-29,48,39.7487,-105.0077,506.099585168091,3941.34656936263,-7,1,1,0.5,0.919612337340383,0.428571428571429,61.6061255303937,4.9890243902439,-12.3890243902439,"2023-24"
22300697,"2024-02-02","DEN","DENPOR","H","W",120,12,127,119.7,7.3,"DEN",39.7487,-105.0077,-7,2024-01-31,48,35.4634,-97.5151,506.099585168091,4173.7916644125,-6,1,-1,0.5,0.925975385738705,0.285714285714286,57.0563223817663,4.9890243902439,2.3109756097561,"2023-24"
22300712,"2024-02-04","DEN","DENPOR","H","W",112,9,125.3,115,10.4,"DEN",39.7487,-105.0077,-7,2024-02-02,48,39.7487,-105.0077,0,3779.75695450651,-7,0,0,0.5,0.9149638248535,0,47.16546082845,4.9890243902439,5.4109756097561,"2023-24"
22300740,"2024-02-08","DEN","LAL","A","W",114,8,113.9,110.8,3.1,"LAL",34.043,-118.2673,-8,2024-02-04,96,39.7487,-105.0077,831.691248536452,4119.28533416442,-7,1,-1,0,0.924515691817971,0.285714285714286,40.3409992510752,4.9890243902439,-1.8890243902439,"2023-24"
22300746,"2024-02-09","DEN","SAC","A","L",106,-29,99.7,128.7,-29,"SAC",38.5805,-121.4993,-8,2024-02-08,24,34.043,-118.2673,361.822076167738,3836.00591564761,-8,0,0,1,0.916604127465767,0,63.8868042488589,4.9890243902439,-33.9890243902439,"2023-24"
22300767,"2024-02-12","DEN","MIL","A","L",95,-17,92.7,116.8,-24.1,"MIL",43.045,-87.917,-6,2024-02-09,72,38.5805,-121.4993,1772.80946687631,3978.52196191669,-8,2,1,0,0.92065479913547,0.714285714285714,54.4980171140395,4.9890243902439,-29.0890243902439,"2023-24"
22300786,"2024-02-14","DEN","DENSAC","H","L",98,-4,99.3,99.6,-0.3,"DEN",39.7487,-105.0077,-7,2024-02-12,48,43.045,-87.917,913.85727182461,4892.3792337413,-6,1,-1,0.5,0.943615465900685,0.285714285714286,57.6443250538324,4.9890243902439,-5.2890243902439,"2023-24"
22300800,"2024-02-22","DEN","DENWAS","H","W",130,20,117.5,96.4,21.2,"DEN",39.7487,-105.0077,-7,2024-02-14,192,39.7487,-105.0077,0,4386.2796485732,-7,0,0,0,0.931489474433286,0,31.0496491477762,4.9890243902439,16.2109756097561,"2023-24"
22300812,"2024-02-23","DEN","POR","A","W",127,15,131.4,111,20.4,"POR",45.5316,-122.6668,-8,2024-02-22,24,39.7487,-105.0077,980.83797616504,4861.01803957015,-7,1,-1,1,0.942901334459009,0.285714285714286,74.2871873391098,4.9890243902439,15.4109756097561,"2023-24"
22300824,"2024-02-25","DEN","GSW","A","W",119,16,122.1,103.2,18.9,"GSW",37.768,-122.3877,-8,2024-02-23,48,45.5316,-122.6668,537.207889971362,5398.22592954152,-8,0,0,0.5,0.954541754352064,0,48.4847251450688,4.9890243902439,13.9109756097561,"2023-24"
22300847,"2024-02-28","DEN","DENSAC","H","W",117,21,114.9,96.3,18.6,"DEN",39.7487,-105.0077,-7,2024-02-25,72,37.768,-122.3877,945.881692119517,5512.41637312458,-8,1,1,0,0.956866335541095,0.428571428571429,46.1812588037508,4.9890243902439,13.6109756097561,"2023-24"
22300855,"2024-02-29","DEN","DENMIA","H","W",103,6,103.8,97.4,6.4,"DEN",39.7487,-105.0077,-7,2024-02-28,24,39.7487,-105.0077,0,5150.59429695684,-7,0,0,1,0.949327062036329,0,64.9775687345443,4.9890243902439,1.4109756097561,"2023-24"
22300869,"2024-03-02","DEN","LAL","A","W",124,10,131.8,120.2,11.6,"LAL",34.043,-118.2673,-8,2024-02-29,48,39.7487,-105.0077,831.691248536452,4209.47607861698,-7,1,-1,0.5,0.926920737170644,0.285714285714286,57.0878340961643,4.9890243902439,6.6109756097561,"2023-24"
22300893,"2024-03-05","DEN","DENPHX","H","L",107,-10,99.9,111.8,-11.9,"DEN",39.7487,-105.0077,-7,2024-03-02,72,34.043,-118.2673,831.691248536452,4127.31005532882,-8,1,1,0,0.924731803933117,0.428571428571429,45.1101077501515,4.9890243902439,-16.8890243902439,"2023-24"
22300906,"2024-03-07","DEN","DENBOS","H","W",115,6,115.4,107.9,7.4,"DEN",39.7487,-105.0077,-7,2024-03-05,48,39.7487,-105.0077,0,4127.31005532882,-7,0,0,0.5,0.924731803933117,0,47.4910601311039,4.9890243902439,2.4109756097561,"2023-24"
22300922,"2024-03-09","DEN","DENUTA","H","W",142,21,143.4,114.2,29.2,"DEN",39.7487,-105.0077,-7,2024-03-07,48,39.7487,-105.0077,0,3146.47207916378,-7,0,0,0.5,0.894601852702846,0,46.4867284234282,4.9890243902439,24.2109756097561,"2023-24"
22300937,"2024-03-11","DEN","DENTOR","H","W",125,6,123.9,117.3,6.6,"DEN",39.7487,-105.0077,-7,2024-03-09,48,39.7487,-105.0077,0,2609.26418919242,-7,0,0,0.5,0.873815196424754,0,45.7938398808251,4.9890243902439,1.6109756097561,"2023-24"
22300949,"2024-03-13","DEN","MIA","A","W",100,12,110.2,99,11.3,"MIA",25.7814,-80.187,-5,2024-03-11,48,39.7487,-105.0077,1727.64941181798,3391.03190889088,-7,2,1,0.5,0.902913209498084,0.714285714285714,70.57329745946,4.9890243902439,6.3109756097561,"2023-24"
22300965,"2024-03-15","DEN","SAS","A","W",117,11,116.7,108.3,8.4,"SAS",29.427,-98.4375,-6,2024-03-13,48,25.7814,-80.187,1145.43812525872,4536.4700341496,-5,1,-1,0.5,0.935228135691351,0.285714285714286,57.3647473801879,4.9890243902439,3.4109756097561,"2023-24"
22300978,"2024-03-17","DEN","DAL","A","L",105,-2,109.7,107.8,1.9,"DAL",32.7905,-96.8103,-6,2024-03-15,48,29.427,-98.4375,251.813489153389,3956.59227476654,-6,0,0,0.5,0.920041037218981,0,47.3347012406327,4.9890243902439,-3.0890243902439,"2023-24"
22300995,"2024-03-19","DEN","MIN","A","W",115,3,118.9,115.3,3.6,"MIN",44.9795,-93.276,-6,2024-03-17,48,32.7905,-96.8103,864.096486935815,3988.9975131659,-6,0,0,0.5,0.920946793202284,0,47.3648931067428,4.9890243902439,-1.3890243902439,"2023-24"
22301009,"2024-03-21","DEN","DENNYK","H","W",113,13,120.5,108.1,12.3,"DEN",39.7487,-105.0077,-7,2024-03-19,48,44.9795,-93.276,699.271812997831,4688.26932616373,-6,1,-1,0.5,0.938883155279558,0.285714285714286,57.4865813664615,4.9890243902439,7.3109756097561,"2023-24"
22301026,"2024-03-23","DEN","POR","A","W",114,3,113.4,108.3,5.1,"POR",45.5316,-122.6668,-8,2024-03-21,48,39.7487,-105.0077,980.83797616504,5669.10730232877,-7,1,-1,0.5,0.959978930731583,0.285714285714286,58.189773881529,4.9890243902439,0.110975609756097,"2023-24"
22301040,"2024-03-25","DEN","DENMEM","H","W",128,25,129.4,97.3,32.1,"DEN",39.7487,-105.0077,-7,2024-03-23,48,45.5316,-122.6668,980.83797616504,6649.94527849381,-8,1,1,0.5,0.97770034690319,0.428571428571429,63.5423925158206,4.9890243902439,27.1109756097561,"2023-24"
22301059,"2024-03-27","DEN","DENPHX","H","L",97,-7,105.1,112,-6.9,"DEN",39.7487,-105.0077,-7,2024-03-25,48,39.7487,-105.0077,0,4922.29586667584,-7,0,0,0.5,0.944292450309662,0,48.1430816769887,4.9890243902439,-11.8890243902439,"2023-24"
22301071,"2024-03-29","DEN","DENMIN","H","L",98,-13,98.1,119,-20.9,"DEN",39.7487,-105.0077,-7,2024-03-27,48,39.7487,-105.0077,0,3776.85774141711,-7,0,0,0.5,0.914878619481351,0,47.1626206493784,4.9890243902439,-25.8890243902439,"2023-24"
22301077,"2024-03-31","DEN","DENCLE","H","W",130,29,131.7,100.8,30.9,"DEN",39.7487,-105.0077,-7,2024-03-29,48,39.7487,-105.0077,0,3525.04425226373,-7,0,0,0.5,0.90721691773467,0,46.9072305911557,4.9890243902439,25.9109756097561,"2023-24"
22301099,"2024-04-02","DEN","DENSAS","H","W",110,5,107.8,100,7.8,"DEN",39.7487,-105.0077,-7,2024-03-31,48,39.7487,-105.0077,0,2660.94776532791,-7,0,0,0.5,0.875992919405242,0,45.8664306468414,4.9890243902439,2.8109756097561,"2023-24"
22301114,"2024-04-04","DEN","LAC","A","L",100,-2,98,98,0,"LAC",34.043,-118.2673,-8,2024-04-02,48,39.7487,-105.0077,831.691248536452,2793.36720086653,-7,1,-1,0.5,0.881385127121003,0.285714285714286,55.5699804278429,4.9890243902439,-4.9890243902439,"2023-24"
22301130,"2024-04-06","DEN","DENATL","H","W",142,32,133.9,105,28.9,"DEN",39.7487,-105.0077,-7,2024-04-04,48,34.043,-118.2673,831.691248536452,2644.22047323794,-8,1,1,0.5,0.875292765926921,0.428571428571429,60.1288064832783,4.9890243902439,23.9109756097561,"2023-24"
22301154,"2024-04-09","DEN","UTA","A","W",111,16,115.8,94.3,21.5,"UTA",40.7683,-111.9011,-7,2024-04-06,72,39.7487,-105.0077,370.547576134278,2033.93007320718,-7,0,0,0,0.846159735249183,0,28.2053245083061,4.9890243902439,16.5109756097561,"2023-24"
22301164,"2024-04-10","DEN","DENMIN","H","W",116,9,120.7,116,4.7,"DEN",39.7487,-105.0077,-7,2024-04-09,24,40.7683,-111.9011,370.547576134278,2404.47764934146,-7,0,0,1,0.864740402831752,0,62.1580134277251,4.9890243902439,-0.289024390243902,"2023-24"
22301180,"2024-04-12","DEN","SAS","A","L",120,-1,114.9,118.5,-3.5,"SAS",29.427,-98.4375,-6,2024-04-10,48,39.7487,-105.0077,805.452416446439,3209.9300657879,-7,1,1,0.5,0.896818934640271,0.428571428571429,60.84634544039,4.9890243902439,-8.4890243902439,"2023-24"
22301193,"2024-04-14","DEN","MEM","A","W",126,15,123,105.8,17.2,"MEM",35.1382,-90.0505,-6,2024-04-12,48,29.427,-98.4375,629.329052623429,3839.25911841133,-6,0,0,0.5,0.916698258678112,0,47.2232752892704,4.9890243902439,12.2109756097561,"2023-24"
22300068,"2023-10-25","DET","MIA","A","L",102,-1,103.4,109.1,-5.6,"MIA",25.7814,-80.187,-5,NA,NA,NA,NA,0,NA,NA,0,0,0,0,0,0,-8.70609756097561,3.10609756097561,"2023-24"
22300077,"2023-10-27","DET","CHA","A","W",111,12,100,90,10,"CHA",35.2251,-80.8392,-5,2023-10-25,48,25.7814,-80.187,654.379273453008,NA,-5,0,0,0.5,0,0,16.6666666666667,-8.70609756097561,18.7060975609756,"2023-24"
22300088,"2023-10-28","DET","DETCHI","H","W",118,16,121.9,107.3,14.6,"DET",42.341,-83.0552,-5,2023-10-27,24,35.2251,-80.8392,506.454754534076,NA,-5,0,0,1,0,0,33.3333333333333,-8.70609756097561,23.3060975609756,"2023-24"
22300109,"2023-10-30","DET","OKC","A","L",112,-12,106.1,118.9,-12.8,"OKC",35.4634,-97.5151,-6,2023-10-28,48,42.341,-83.0552,910.366930695913,NA,-5,1,-1,0.5,0,0.285714285714286,26.1904761904762,-8.70609756097561,-4.09390243902439,"2023-24"
22300115,"2023-11-01","DET","DETPOR","H","L",101,-9,94.5,104.2,-9.7,"DET",42.341,-83.0552,-5,2023-10-30,48,35.4634,-97.5151,910.366930695913,NA,-6,1,1,0.5,0,0.428571428571429,30.952380952381,-8.70609756097561,-0.99390243902439,"2023-24"
22300129,"2023-11-02","DET","NOP","A","L",116,-9,113.2,124.5,-11.3,"NOP",29.949,-90.0822,-6,2023-11-01,24,42.341,-83.0552,941.893579171501,NA,-5,1,-1,1,0,0.285714285714286,42.8571428571429,-8.70609756097561,-2.59390243902439,"2023-24"
22300140,"2023-11-05","DET","DETPHX","H","L",106,-14,106.9,116.8,-9.9,"DET",42.341,-83.0552,-5,2023-11-02,72,29.949,-90.0822,941.893579171501,4865.35504772191,-6,1,1,0,0.943000367263222,0.428571428571429,45.719059861155,-8.70609756097561,-1.19390243902439,"2023-24"
22300145,"2023-11-06","DET","DETGSW","H","L",109,-11,111,119.7,-8.8,"DET",42.341,-83.0552,-5,2023-11-05,24,42.341,-83.0552,0,4865.35504772191,-5,0,0,1,0.943000367263222,0,64.7666789087741,-8.70609756097561,-0.0939024390243919,"2023-24"
22300165,"2023-11-08","DET","MIL","A","L",118,-2,104.4,110,-5.6,"MIL",43.045,-87.917,-6,2023-11-06,48,42.341,-83.0552,251.888310882894,4462.8640851518,-5,1,-1,0.5,0.933411596628836,0.285714285714286,57.3041960781041,-8.70609756097561,3.10609756097561,"2023-24"
22300008,"2023-11-10","DET","DETPHI","H","L",106,-8,104.2,115.1,-10.9,"DET",42.341,-83.0552,-5,2023-11-08,48,43.045,-87.917,251.888310882894,4208.29764150061,-6,1,1,0.5,0.926889646146889,0.428571428571429,61.8487024906106,-8.70609756097561,-2.19390243902439,"2023-24"
22300181,"2023-11-12","DET","CHI","A","L",108,-11,108.6,121.4,-12.8,"CHI",41.8807,-87.6742,-6,2023-11-10,48,42.341,-83.0552,239.119148083624,3537.04985888833,-5,1,-1,0.5,0.907594452611345,0.285714285714286,56.4436246108544,-8.70609756097561,-4.09390243902439,"2023-24"
22300018,"2023-11-14","DET","DETATL","H","L",120,-6,116.4,123,-6.6,"DET",42.341,-83.0552,-5,2023-11-12,48,41.8807,-87.6742,239.119148083624,2865.80207627604,-6,1,1,0.5,0.884227586748954,0.428571428571429,60.4266338440127,-8.70609756097561,2.10609756097561,"2023-24"
22300030,"2023-11-17","DET","CLE","A","L",100,-8,103.5,112.2,-8.7,"CLE",41.4965,-81.6882,-5,2023-11-14,72,42.341,-83.0552,91.4453758859851,2015.35387299052,-5,0,0,0,0.84514115260703,0,28.1713717535677,-8.70609756097561,0.00609756097560954,"2023-24"
22300211,"2023-11-19","DET","TOR","A","L",113,-29,104.2,128.2,-24,"TOR",43.6435,-79.379,-5,2023-11-17,48,41.4965,-81.6882,189.436357987111,1262.89665180613,-5,0,0,0.5,0.793261047828028,0,43.1087015942676,-8.70609756097561,-15.2939024390244,"2023-24"
22300218,"2023-11-20","DET","DETDEN","H","L",103,-4,103.6,107.8,-4.2,"DET",42.341,-83.0552,-5,2023-11-19,24,43.6435,-79.379,206.64203344956,1469.53868525569,-5,0,0,1,0.810080382872893,0,60.3360127624298,-8.70609756097561,4.50609756097561,"2023-24"
22300047,"2023-11-24","DET","IND","A","L",113,-23,112.4,127.6,-15.3,"IND",39.7639,-86.1555,-5,2023-11-20,96,42.341,-83.0552,240.65033250501,1458.30070687781,-5,0,0,0,0.809228312361743,0,26.9742770787248,-8.70609756097561,-6.59390243902439,"2023-24"
22300253,"2023-11-27","DET","DETWAS","H","L",107,-19,97.8,113.2,-15.3,"DET",42.341,-83.0552,-5,2023-11-24,72,39.7639,-86.1555,240.65033250501,1447.06272849992,-5,0,0,0,0.808369654683073,0,26.9456551561024,-8.70609756097561,-6.59390243902439,"2023-24"
22300258,"2023-11-29","DET","DETLAL","H","L",107,-26,99.9,122.3,-22.5,"DET",42.341,-83.0552,-5,2023-11-27,48,42.341,-83.0552,0,1207.9435804163,-5,0,0,0.5,0.788323669041938,0,42.9441223013979,-8.70609756097561,-13.7939024390244,"2023-24"
22300268,"2023-11-30","DET","NYK","A","L",112,-6,111.5,118.8,-7.3,"NYK",40.7505,-73.9934,-5,2023-11-29,24,42.341,-83.0552,481.59194842213,1450.4163807548,-5,0,0,1,0.808626592047375,0,60.2875530682458,-8.70609756097561,1.40609756097561,"2023-24"
22300283,"2023-12-02","DET","DETCLE","H","L",101,-9,101.9,110.1,-8.2,"DET",42.341,-83.0552,-5,2023-11-30,48,40.7505,-73.9934,481.59194842213,1840.56295329095,-5,0,0,0.5,0.835069691912595,0,44.5023230637532,-8.70609756097561,0.50609756097561,"2023-24"
22301206,"2023-12-06","DET","DETMEM","H","L",102,-14,98.1,113.5,-15.4,"DET",42.341,-83.0552,-5,2023-12-02,96,42.341,-83.0552,0,1651.12659530384,-5,0,0,0,0.823012832015868,0,27.4337610671956,-8.70609756097561,-6.69390243902439,"2023-24"
22301217,"2023-12-08","DET","ORL","A","L",91,-32,91.4,121.3,-29.9,"ORL",28.5392,-81.3839,-5,2023-12-06,48,42.341,-83.0552,959.261066494143,2403.74562834842,-5,0,0,0.5,0.864706597334312,0,45.4902199111437,-8.70609756097561,-21.1939024390244,"2023-24"
22300293,"2023-12-11","DET","DETIND","H","L",123,-8,119.2,122,-2.8,"DET",42.341,-83.0552,-5,2023-12-08,72,28.5392,-81.3839,959.261066494143,3122.35636233756,-5,0,0,0,0.893747560535918,0,29.7915853511973,-8.70609756097561,5.90609756097561,"2023-24"
22300310,"2023-12-13","DET","DETPHI","H","L",111,-18,105.5,125.3,-19.8,"DET",42.341,-83.0552,-5,2023-12-11,48,42.341,-83.0552,0,2881.70602983255,-5,0,0,0.5,0.884842062208423,0,46.1614020736141,-8.70609756097561,-11.0939024390244,"2023-24"
22300327,"2023-12-15","DET","PHI","A","L",92,-32,87.5,115.2,-27.7,"PHI",39.9012,-75.172,-5,2023-12-13,48,42.341,-83.0552,443.869081020868,3325.57511085341,-5,0,0,0.5,0.90074890537793,0,46.6916301792643,-8.70609756097561,-18.9939024390244,"2023-24"
22300334,"2023-12-16","DET","MIL","A","L",114,-32,108.1,133.8,-25.7,"MIL",43.045,-87.917,-6,2023-12-15,24,39.9012,-75.172,694.5833858058,3538.56654823708,-5,1,-1,1,0.907642056085546,0.285714285714286,73.1118780599944,-8.70609756097561,-16.9939024390244,"2023-24"
22300352,"2023-12-18","DET","ATL","A","L",124,-6,116,125.1,-9.1,"ATL",33.7573,-84.3963,-5,2023-12-16,48,43.045,-87.917,670.011978074067,3726.98657788902,-6,1,1,0.5,0.913402622849254,0.428571428571429,61.3991350473561,-8.70609756097561,-0.393902439024391,"2023-24"
22300374,"2023-12-21","DET","DETUTA","H","L",111,-8,107.4,116,-8.6,"DET",42.341,-83.0552,-5,2023-12-18,72,33.7573,-84.3963,598.19545792099,4325.18203581001,-5,0,0,0,0.92993182521816,0,30.997727507272,-8.70609756097561,0.106097560975609,"2023-24"
22300394,"2023-12-23","DET","BKN","A","L",115,-11,115.3,119.9,-4.6,"BKN",40.6826,-73.9754,-5,2023-12-21,48,42.341,-83.0552,483.82602213497,3849.74699145084,-5,0,0,0.5,0.917001182593325,0,47.2333727531108,-8.70609756097561,4.10609756097561,"2023-24"
22300406,"2023-12-26","DET","DETBKN","H","L",112,-6,109.7,114.7,-4.9,"DET",42.341,-83.0552,-5,2023-12-23,72,40.6826,-73.9754,483.82602213497,3374.31194709166,-5,0,0,0,0.902364367991708,0,30.0788122663903,-8.70609756097561,3.80609756097561,"2023-24"
22300421,"2023-12-28","DET","BOS","A","L",122,-6,111.6,115.3,-3.8,"BOS",42.3662,-71.0621,-5,2023-12-26,48,42.341,-83.0552,612.54916751871,3986.86111461037,-5,0,0,0.5,0.920887305803747,0,47.3629101934582,-8.70609756097561,4.90609756097561,"2023-24"
22300440,"2023-12-30","DET","DETTOR","H","W",129,2,122.2,120.6,1.6,"DET",42.341,-83.0552,-5,2023-12-28,48,42.3662,-71.0621,612.54916751871,4155.54120110822,-5,0,0,0.5,0.925488766663206,0,47.5162922221068,-8.70609756097561,10.3060975609756,"2023-24"
22300453,"2024-01-01","DET","HOU","A","L",113,-23,109.8,128.8,-19,"HOU",29.7508,-95.3621,-6,2023-12-30,48,42.341,-83.0552,1107.5176528776,4568.47546818002,-5,1,-1,0.5,0.936008831411522,0.285714285714286,57.3907705708602,-8.70609756097561,-10.2939024390244,"2023-24"
22300474,"2024-01-03","DET","UTA","A","L",148,-6,127.9,133.4,-5.5,"UTA",40.7683,-111.9011,-7,2024-01-01,48,29.7508,-95.3621,1201.92942622791,5100.39291633386,-6,1,-1,0.5,0.948239390551136,0.285714285714286,57.7984558755141,-8.70609756097561,3.20609756097561,"2023-24"
22300490,"2024-01-05","DET","GSW","A","L",109,-4,105.4,107.6,-2.2,"GSW",37.768,-122.3877,-8,2024-01-03,48,40.7683,-111.9011,598.218575101357,5100.41603351423,-7,1,-1,0.5,0.948239893871074,0.285714285714286,57.7984726528453,-8.70609756097561,6.50609756097561,"2023-24"
22300502,"2024-01-07","DET","DEN","A","L",114,-17,112.6,128.9,-16.2,"DEN",39.7487,-105.0077,-7,2024-01-05,48,37.768,-122.3877,945.881692119517,5562.47170349878,-8,1,1,0.5,0.957870175658763,0.428571428571429,62.8813868076731,-8.70609756097561,-7.49390243902439,"2023-24"
22300512,"2024-01-09","DET","DETSAC","H","L",110,-21,107.6,121.1,-13.5,"DET",42.341,-83.0552,-5,2024-01-07,48,39.7487,-105.0077,1155.85598629609,6234.50166765989,-7,2,1,0.5,0.97053629952958,0.714285714285714,72.8274004605098,-8.70609756097561,-4.79390243902439,"2023-24"
22300519,"2024-01-10","DET","DETSAS","H","L",108,-22,105.1,128.9,-23.7,"DET",42.341,-83.0552,-5,2024-01-09,24,42.341,-83.0552,0,5621.95250014118,-5,0,0,1,0.959051362533029,0,65.3017120844343,-8.70609756097561,-14.9939024390244,"2023-24"
22300534,"2024-01-12","DET","DETHOU","H","L",110,-2,111.1,112,-0.9,"DET",42.341,-83.0552,-5,2024-01-10,48,42.341,-83.0552,0,5009.40333262247,-5,0,0,0.5,0.946240430489307,0,48.2080143496436,-8.70609756097561,7.80609756097561,"2023-24"
22300558,"2024-01-15","DET","WAS","A","W",129,12,123.9,117.2,6.7,"WAS",38.8981,-77.021,-5,2024-01-12,72,42.341,-83.0552,396.173694071107,4298.05937381598,-5,0,0,0,0.92923328484622,0,30.9744428282073,-8.70609756097561,15.4060975609756,"2023-24"
22300569,"2024-01-17","DET","DETMIN","H","L",117,-7,115.4,119,-3.5,"DET",42.341,-83.0552,-5,2024-01-15,48,38.8981,-77.021,396.173694071107,3492.30364165917,-5,0,0,0.5,0.906180768802431,0,46.8726922934144,-8.70609756097561,5.20609756097561,"2023-24"
22300592,"2024-01-20","DET","DETMIL","H","L",135,-6,124.9,129.9,-5,"DET",42.341,-83.0552,-5,2024-01-17,72,42.341,-83.0552,0,2894.08506655782,-5,0,0,0,0.885318004949749,0,29.5106001649916,-8.70609756097561,3.70609756097561,"2023-24"
22300606,"2024-01-22","DET","DETMIL","H","L",113,-9,106.8,113,-6.2,"DET",42.341,-83.0552,-5,2024-01-20,48,42.341,-83.0552,0,1948.2033744383,-5,0,0,0.5,0.841379180597613,0,44.7126393532538,-8.70609756097561,2.50609756097561,"2023-24"
22300619,"2024-01-24","DET","DETCHA","H","W",113,7,112.1,108.9,3.2,"DET",42.341,-83.0552,-5,2024-01-22,48,42.341,-83.0552,0,792.347388142214,-5,0,0,0.5,0.74153618893991,0,41.3845396313303,-8.70609756097561,11.9060975609756,"2023-24"
22300642,"2024-01-27","DET","DETWAS","H","L",104,-14,101.1,114.3,-13.2,"DET",42.341,-83.0552,-5,2024-01-24,72,42.341,-83.0552,0,792.347388142214,-5,0,0,0,0.74153618893991,0,24.7178729646637,-8.70609756097561,-4.49390243902439,"2023-24"
22300654,"2024-01-28","DET","DETOKC","H","W",120,16,123.3,108,15.2,"DET",42.341,-83.0552,-5,2024-01-27,24,42.341,-83.0552,0,792.347388142214,-5,0,0,1,0.74153618893991,0,58.051206297997,-8.70609756097561,23.9060975609756,"2023-24"
22300675,"2024-01-31","DET","CLE","A","L",121,-7,119.4,130.5,-11.1,"CLE",41.4965,-81.6882,-5,2024-01-28,72,42.341,-83.0552,91.4453758859851,487.619069957092,-5,0,0,0,0.687702722709909,0,22.9234240903303,-8.70609756097561,-2.39390243902439,"2023-24"
22300688,"2024-02-02","DET","DETLAC","H","L",125,-11,120.7,134.2,-13.5,"DET",42.341,-83.0552,-5,2024-01-31,48,41.4965,-81.6882,91.4453758859851,182.89075177197,-5,0,0,0.5,0.57915996156922,0,35.971998718974,-8.70609756097561,-4.79390243902439,"2023-24"
22300704,"2024-02-04","DET","DETORL","H","L",99,-12,103.5,118.6,-15.1,"DET",42.341,-83.0552,-5,2024-02-02,48,42.341,-83.0552,0,182.89075177197,-5,0,0,0.5,0.57915996156922,0,35.971998718974,-8.70609756097561,-6.39390243902439,"2023-24"
22300732,"2024-02-07","DET","SAC","A","W",133,13,132.1,115.7,16.4,"SAC",38.5805,-121.4993,-8,2024-02-04,72,42.341,-83.0552,2022.52767691098,2205.41842868295,-5,3,-1,0,0.855146358425341,0.857142857142857,57.0763071856066,-8.70609756097561,25.1060975609756,"2023-24"
22300741,"2024-02-08","DET","POR","A","W",128,6,118.9,111.4,7.5,"POR",45.5316,-122.6668,-8,2024-02-07,24,38.5805,-121.4993,484.522481968318,2689.94091065127,-8,0,0,1,0.877196126530357,0,62.5732042176786,-8.70609756097561,16.2060975609756,"2023-24"
22300749,"2024-02-10","DET","LAC","A","L",106,-6,100.9,107.2,-6.4,"LAC",34.043,-118.2673,-8,2024-02-08,48,45.5316,-122.6668,828.020463382259,3517.96137403353,-8,0,0,0.5,0.906993582315248,0,46.8997860771749,-8.70609756097561,2.30609756097561,"2023-24"
22300776,"2024-02-13","DET","LAL","A","L",111,-14,102.3,117.7,-15.4,"LAL",34.043,-118.2673,-8,2024-02-10,72,34.043,-118.2673,0,3517.96137403353,-8,0,0,0,0.906993582315248,0,30.2331194105083,-8.70609756097561,-6.69390243902439,"2023-24"
22300787,"2024-02-14","DET","PHX","A","L",100,-16,89.5,104.2,-14.6,"PHX",33.4457,-112.0712,-7,2024-02-13,24,34.043,-118.2673,358.712741358694,3785.22873950624,-8,1,1,1,0.915124458017748,0.428571428571429,78.1231962196392,-8.70609756097561,-5.89390243902439,"2023-24"
22300793,"2024-02-22","DET","IND","A","L",115,-14,108.6,118,-9.4,"IND",39.7639,-86.1555,-5,2024-02-14,192,33.4457,-112.0712,1497.86288610188,5191.64624972213,-7,2,1,0,0.950208651754657,0.714285714285714,55.483145534679,-8.70609756097561,-0.693902439024392,"2023-24"
22300814,"2024-02-24","DET","DETORL","H","L",109,-3,113.9,116.4,-2.5,"DET",42.341,-83.0552,-5,2024-02-22,48,39.7639,-86.1555,240.65033250501,5432.29658222714,-5,0,0,0.5,0.955240439179567,0,48.5080146393189,-8.70609756097561,6.20609756097561,"2023-24"
22300828,"2024-02-26","DET","NYK","A","L",111,-2,113.9,112.7,1.2,"NYK",40.7505,-73.9934,-5,2024-02-24,48,42.341,-83.0552,481.59194842213,3891.36085373829,-5,0,0,0.5,0.918195049532978,0,47.2731683177659,-8.70609756097561,9.90609756097561,"2023-24"
22300839,"2024-02-27","DET","CHI","A","W",105,10,108.1,98,10.1,"CHI",41.8807,-87.6742,-6,2024-02-26,24,40.7505,-73.9934,714.275815551409,4121.11418732138,-5,1,-1,1,0.924564981294856,0.285714285714286,73.6759755669714,-8.70609756097561,18.8060975609756,"2023-24"
22300857,"2024-03-01","DET","DETCLE","H","L",100,-10,98.7,109.8,-11.1,"DET",42.341,-83.0552,-5,2024-02-27,72,41.8807,-87.6742,239.119148083624,3532.21287202274,-6,1,1,0,0.907442500398387,0.428571428571429,44.5337976323272,-8.70609756097561,-2.39390243902439,"2023-24"
22300874,"2024-03-03","DET","ORL","A","L",91,-22,89.4,115.3,-25.9,"ORL",28.5392,-81.3839,-5,2024-03-01,48,42.341,-83.0552,959.261066494143,4491.47393851689,-5,0,0,0.5,0.934121199983833,0,47.8040399994611,-8.70609756097561,-17.1939024390244,"2023-24"
22300888,"2024-03-05","DET","MIA","A","L",110,-8,110.4,122.8,-12.4,"MIA",25.7814,-80.187,-5,2024-03-03,48,28.5392,-81.3839,204.482996041861,4337.24419320005,-5,0,0,0.5,0.930241078623285,0,47.6747026207762,-8.70609756097561,-3.69390243902439,"2023-24"
22300902,"2024-03-07","DET","DETBKN","H","W",118,6,116.6,109.9,6.7,"DET",42.341,-83.0552,-5,2024-03-05,48,25.7814,-80.187,1156.97987048181,3996.36117757998,-5,0,0,0.5,0.921151588485736,0,47.3717196161912,-8.70609756097561,15.4060975609756,"2023-24"
22300919,"2024-03-09","DET","DETDAL","H","L",124,-18,112.7,122.3,-9.6,"DET",42.341,-83.0552,-5,2024-03-07,48,42.341,-83.0552,0,3755.71084507497,-5,0,0,0.5,0.914255145386535,0,47.1418381795512,-8.70609756097561,-0.893902439024391,"2023-24"
22300933,"2024-03-11","DET","DETCHA","H","W",114,17,114.5,95,19.5,"DET",42.341,-83.0552,-5,2024-03-09,48,42.341,-83.0552,0,3274.11889665284,-5,0,0,0.5,0.899017414283658,0,46.6339138094553,-8.70609756097561,28.2060975609756,"2023-24"
22300946,"2024-03-13","DET","DETTOR","H","W",113,9,100.3,95.1,5.2,"DET",42.341,-83.0552,-5,2024-03-11,48,42.341,-83.0552,0,2559.84308110143,-5,0,0,0.5,0.871692092847402,0,45.7230697615801,-8.70609756097561,13.9060975609756,"2023-24"
22300962,"2024-03-15","DET","DETMIA","H","L",95,-13,95.4,108.8,-13.4,"DET",42.341,-83.0552,-5,2024-03-13,48,42.341,-83.0552,0,2320.72393301781,-5,0,0,0.5,0.860804227455213,0,45.3601409151738,-8.70609756097561,-4.69390243902439,"2023-24"
22300977,"2024-03-17","DET","DETMIA","H","L",101,-3,107.3,109.4,-2.2,"DET",42.341,-83.0552,-5,2024-03-15,48,42.341,-83.0552,0,1361.46286652367,-5,0,0,0.5,0.801601833305737,0,43.3867277768579,-8.70609756097561,6.50609756097561,"2023-24"
22300984,"2024-03-18","DET","BOS","A","L",94,-25,98.3,123,-24.7,"BOS",42.3662,-71.0621,-5,2024-03-17,24,42.341,-83.0552,612.54916751871,1769.52903800052,-5,0,0,1,0.830700592032859,0,61.0233530677619,-8.70609756097561,-15.9939024390244,"2023-24"
22300997,"2024-03-20","DET","DETIND","H","L",103,-19,97,117.4,-20.4,"DET",42.341,-83.0552,-5,2024-03-18,48,42.3662,-71.0621,612.54916751871,1225.09833503742,-5,0,0,0.5,0.789888668823223,0,42.9962889607741,-8.70609756097561,-11.6939024390244,"2023-24"
22301011,"2024-03-22","DET","DETBOS","H","L",102,-27,102.3,129.2,-26.9,"DET",42.341,-83.0552,-5,2024-03-20,48,42.341,-83.0552,0,1225.09833503742,-5,0,0,0.5,0.789888668823223,0,42.9962889607741,-8.70609756097561,-18.1939024390244,"2023-24"
22301027,"2024-03-24","DET","DETNOP","H","L",101,-13,100.9,115.6,-14.7,"DET",42.341,-83.0552,-5,2024-03-22,48,42.341,-83.0552,0,1225.09833503742,-5,0,0,0.5,0.789888668823223,0,42.9962889607741,-8.70609756097561,-5.99390243902439,"2023-24"
22301035,"2024-03-25","DET","NYK","A","L",99,-25,96.4,123.2,-26.7,"NYK",40.7505,-73.9934,-5,2024-03-24,24,42.341,-83.0552,481.59194842213,1706.69028345955,-5,0,0,1,0.826686873723489,0,60.8895624574496,-8.70609756097561,-17.9939024390244,"2023-24"
22301056,"2024-03-27","DET","MIN","A","L",91,-15,96.8,115.2,-18.4,"MIN",44.9795,-93.276,-6,2024-03-25,48,40.7505,-73.9934,1017.62277013977,2724.31305359932,-5,1,-1,0.5,0.878605877645264,0.285714285714286,55.4773387786517,-8.70609756097561,-9.69390243902439,"2023-24"
22301065,"2024-03-29","DET","WAS","A","W",96,9,93.4,85.7,7.7,"WAS",38.8981,-77.021,-5,2024-03-27,48,44.9795,-93.276,933.875616991245,3658.18867059057,-6,1,1,0.5,0.911333728041314,0.428571428571429,61.3301718870914,-8.70609756097561,16.4060975609756,"2023-24"
22301088,"2024-04-01","DET","DETMEM","H","L",108,-2,115.3,111,4.3,"DET",42.341,-83.0552,-5,2024-03-29,72,38.8981,-77.021,396.173694071107,3441.81319714296,-5,0,0,0,0.904563696299822,0,30.1521232099941,-8.70609756097561,13.0060975609756,"2023-24"
22301104,"2024-04-03","DET","ATL","A","L",113,-8,107.4,113.5,-6.1,"ATL",33.7573,-84.3963,-5,2024-04-01,48,42.341,-83.0552,598.19545792099,3427.45948754525,-5,0,0,0.5,0.904099655004423,0,46.8033218334808,-8.70609756097561,2.60609756097561,"2023-24"
22301121,"2024-04-05","DET","MEM","A","L",90,-18,92.3,104.8,-12.6,"MEM",35.1382,-90.0505,-6,2024-04-03,48,33.7573,-84.3963,336.31145405421,3763.77094159946,-5,1,-1,0.5,0.914493194203742,0.285714285714286,56.6735826639342,-8.70609756097561,-3.89390243902439,"2023-24"
22301128,"2024-04-06","DET","BKN","A","L",103,-10,104.3,119.6,-15.3,"BKN",40.6826,-73.9754,-5,2024-04-05,24,35.1382,-90.0505,955.560237494234,4719.33117909369,-6,1,1,1,0.939616463879692,0.428571428571429,78.9395964150374,-8.70609756097561,-6.59390243902439,"2023-24"
22301145,"2024-04-09","DET","PHI","A","L",102,-18,100.4,118.7,-18.2,"PHI",39.9012,-75.172,-5,2024-04-06,72,40.6826,-73.9754,83.10840164052,4320.84763231208,-5,0,0,0,0.929820487778282,0,30.9940162592761,-8.70609756097561,-9.49390243902439,"2023-24"
22301166,"2024-04-11","DET","DETCHI","H","L",105,-22,104.9,126.2,-21.4,"DET",42.341,-83.0552,-5,2024-04-09,48,39.9012,-75.172,443.869081020868,3747.09394319317,-5,0,0,0.5,0.914000086202667,0,47.1333362067556,-8.70609756097561,-12.6939024390244,"2023-24"
22301181,"2024-04-12","DET","DAL","A","W",107,18,107,89.6,17.4,"DAL",32.7905,-96.8103,-6,2024-04-11,24,42.341,-83.0552,1000.25560071147,3813.4739269134,-5,1,-1,1,0.915949966886297,0.285714285714286,73.3888084200194,-8.70609756097561,26.1060975609756,"2023-24"
22301197,"2024-04-14","DET","SAS","A","L",95,-28,91.5,124,-32.5,"SAS",29.427,-98.4375,-6,2024-04-12,48,32.7905,-96.8103,251.813489153389,3669.11372199568,-6,0,0,0.5,0.911664851689032,0,47.055495056301,-8.70609756097561,-23.7939024390244,"2023-24"
22300062,"2023-10-24","GSW","GSWPHX","H","L",104,-4,97.8,103.4,-5.6,"GSW",37.768,-122.3877,-8,NA,NA,NA,NA,0,NA,NA,0,0,0,0,0,0,2.44878048780488,-8.04878048780488,"2023-24"
22300087,"2023-10-27","GSW","SAC","A","W",122,8,116,102.9,13.1,"SAC",38.5805,-121.4993,-8,2023-10-24,72,37.768,-122.3877,74.1095928928695,NA,-8,0,0,0,0,0,0,2.44878048780488,10.6512195121951,"2023-24"
22300096,"2023-10-29","GSW","HOU","A","W",106,11,109.1,99.6,9.5,"HOU",29.7508,-95.3621,-6,2023-10-27,48,38.5805,-121.4993,1608.66833693491,NA,-8,2,1,0.5,0,0.714285714285714,40.4761904761905,2.44878048780488,7.05121951219512,"2023-24"
22300108,"2023-10-30","GSW","NOP","A","W",130,28,129,100.6,28.4,"NOP",29.949,-90.0822,-6,2023-10-29,24,29.7508,-95.3621,317.031598851148,NA,-6,0,0,1,0,0,33.3333333333333,2.44878048780488,25.9512195121951,"2023-24"
22300126,"2023-11-01","GSW","GSWSAC","H","W",102,1,103.4,101.9,1.6,"GSW",37.768,-122.3877,-8,2023-10-30,48,29.949,-90.0822,1922.10125374851,NA,-6,2,-1,0.5,0,0.571428571428571,35.7142857142857,2.44878048780488,-0.848780487804878,"2023-24"
22300005,"2023-11-03","GSW","OKC","A","W",141,2,131.5,128.5,3.1,"OKC",35.4634,-97.5151,-6,2023-11-01,48,37.768,-122.3877,1385.98244506989,NA,-8,2,1,0.5,0,0.714285714285714,40.4761904761905,2.44878048780488,0.651219512195122,"2023-24"
22300142,"2023-11-05","GSW","CLE","A","L",104,-11,100.8,114.6,-13.9,"CLE",41.4965,-81.6882,-5,2023-11-03,48,35.4634,-97.5151,951.226231516957,6259.11945901428,-6,1,1,0.5,0.97097394337648,0.428571428571429,63.3181790649303,2.44878048780488,-16.3487804878049,"2023-24"
22300145,"2023-11-06","GSW","DET","A","W",120,11,119.7,111,8.8,"DET",42.341,-83.0552,-5,2023-11-05,24,41.4965,-81.6882,91.4453758859851,6350.56483490027,-5,0,0,1,0.972584682832425,0,65.7528227610808,2.44878048780488,6.35121951219512,"2023-24"
22300169,"2023-11-08","GSW","DEN","A","L",105,-3,110,110.6,-0.5,"DEN",39.7487,-105.0077,-7,2023-11-06,48,42.341,-83.0552,1155.85598629609,7432.31122830348,-5,2,-1,0.5,0.990052775140057,0.571428571428571,68.7160448856209,2.44878048780488,-2.94878048780488,"2023-24"
22300176,"2023-11-11","GSW","GSWCLE","H","L",110,-8,101.7,112.5,-10.8,"GSW",37.768,-122.3877,-8,2023-11-08,72,39.7487,-105.0077,945.881692119517,6769.52458348809,-7,1,-1,0,0.979679577806795,0.285714285714286,42.1797954507027,2.44878048780488,-13.2487804878049,"2023-24"
22300186,"2023-11-12","GSW","GSWMIN","H","L",110,-6,106.5,115.8,-9.3,"GSW",37.768,-122.3877,-8,2023-11-11,24,37.768,-122.3877,0,6452.49298463695,-8,0,0,1,0.974352961862866,0,65.8117653954289,2.44878048780488,-11.7487804878049,"2023-24"
22300025,"2023-11-14","GSW","GSWMIN","H","L",101,-3,99,102.7,-3.7,"GSW",37.768,-122.3877,-8,2023-11-12,48,37.768,-122.3877,0,4530.39173088843,-8,0,0,0.5,0.935079248041638,0,47.8359749347213,2.44878048780488,-6.14878048780488,"2023-24"
22300201,"2023-11-16","GSW","GSWOKC","H","L",109,-19,106.5,124.1,-17.6,"GSW",37.768,-122.3877,-8,2023-11-14,48,37.768,-122.3877,0,3144.40928581854,-8,0,0,0.5,0.894529035294147,0,46.4843011764716,2.44878048780488,-20.0487804878049,"2023-24"
22300207,"2023-11-18","GSW","GSWOKC","H","L",123,-7,113.6,116.3,-2.6,"GSW",37.768,-122.3877,-8,2023-11-16,48,37.768,-122.3877,0,2193.18305430159,-8,0,0,0.5,0.85452871849117,0,45.150957283039,2.44878048780488,-5.04878048780488,"2023-24"
22300224,"2023-11-20","GSW","GSWHOU","H","W",121,5,132.2,120.4,11.8,"GSW",37.768,-122.3877,-8,2023-11-18,48,37.768,-122.3877,0,2101.7376784156,-8,0,0,0.5,0.849800483939817,0,44.9933494646606,2.44878048780488,9.35121951219512,"2023-24"
22300236,"2023-11-22","GSW","PHX","A","L",115,-8,106.7,119.6,-12.8,"PHX",33.4457,-112.0712,-7,2023-11-20,48,37.768,-122.3877,652.136750728936,1598.01844284845,-8,1,1,0.5,0.819383785712822,0.428571428571429,58.265173809475,2.44878048780488,-15.2487804878049,"2023-24"
22300051,"2023-11-24","GSW","GSWSAS","H","W",118,6,108.7,101.6,7.1,"GSW",37.768,-122.3877,-8,2023-11-22,48,33.4457,-112.0712,652.136750728936,1304.27350145787,-7,1,-1,0.5,0.796838972007018,0.285714285714286,52.7517752573768,2.44878048780488,4.65121951219512,"2023-24"
22300060,"2023-11-28","GSW","SAC","A","L",123,-1,114.7,115.4,-0.6,"SAC",38.5805,-121.4993,-8,2023-11-24,96,37.768,-122.3877,74.1095928928695,1378.38309435074,-8,0,0,0,0.802972707794523,0,26.7657569264841,2.44878048780488,-3.04878048780488,"2023-24"
22300273,"2023-11-30","GSW","GSWLAC","H","W",120,6,126.8,118.1,8.7,"GSW",37.768,-122.3877,-8,2023-11-28,48,38.5805,-121.4993,74.1095928928695,1452.49268724361,-8,0,0,0.5,0.808785369203875,0,43.6261789734625,2.44878048780488,6.25121951219512,"2023-24"
22300280,"2023-12-02","GSW","LAC","A","L",112,-1,106.1,110.6,-4.5,"LAC",34.043,-118.2673,-8,2023-11-30,48,37.768,-122.3877,345.872056985533,1798.36474422914,-8,0,0,0.5,0.832494969349814,0,44.4164989783271,2.44878048780488,-6.94878048780488,"2023-24"
22301214,"2023-12-06","GSW","GSWPOR","H","W",110,4,107.3,104.9,2.4,"GSW",37.768,-122.3877,-8,2023-12-02,96,34.043,-118.2673,345.872056985533,2144.23680121468,-8,0,0,0,0.852022982992671,0,28.4007660997557,2.44878048780488,-0.0487804878048781,"2023-24"
22301222,"2023-12-08","GSW","OKC","A","L",136,-2,114.2,121.2,-7.1,"OKC",35.4634,-97.5151,-6,2023-12-06,48,37.768,-122.3877,1385.98244506989,3530.21924628457,-8,2,1,0.5,0.907379810810605,0.714285714285714,70.7221841698773,2.44878048780488,-9.54878048780488,"2023-24"
22300308,"2023-12-12","GSW","PHX","A","L",116,-3,109.6,111.3,-1.7,"PHX",33.4457,-112.0712,-7,2023-12-08,96,35.4634,-97.5151,841.069859120349,3719.15235467598,-6,1,-1,0,0.913168966622283,0.285714285714286,39.9627750778856,2.44878048780488,-4.14878048780488,"2023-24"
22300325,"2023-12-14","GSW","LAC","A","L",113,-8,116.1,123.2,-7.2,"LAC",34.043,-118.2673,-8,2023-12-12,48,33.4457,-112.0712,358.712741358694,3425.72834530574,-7,1,-1,0.5,0.904043557643499,0.285714285714286,56.3252614452595,2.44878048780488,-9.64878048780488,"2023-24"
22300339,"2023-12-16","GSW","GSWBKN","H","W",124,4,123,118.1,4.9,"GSW",37.768,-122.3877,-8,2023-12-14,48,34.043,-118.2673,345.872056985533,3697.4908093984,-8,0,0,0.5,0.912520339336613,0,47.0840113112204,2.44878048780488,2.45121951219512,"2023-24"
22300348,"2023-12-17","GSW","POR","A","W",118,4,120,113.9,6.1,"POR",45.5316,-122.6668,-8,2023-12-16,24,37.768,-122.3877,537.207889971362,4160.58910647689,-8,0,0,1,0.925623574321781,0,64.1874524773927,2.44878048780488,3.65121951219512,"2023-24"
22300362,"2023-12-19","GSW","GSWBOS","H","W",132,6,123.2,113,10.2,"GSW",37.768,-122.3877,-8,2023-12-17,48,45.5316,-122.6668,537.207889971362,4351.92493946272,-8,0,0,0.5,0.930616310193895,0,47.6872103397965,2.44878048780488,7.75121951219512,"2023-24"
22300386,"2023-12-22","GSW","GSWWAS","H","W",129,11,124.3,109.7,14.6,"GSW",37.768,-122.3877,-8,2023-12-19,72,37.768,-122.3877,0,4006.05288247719,-8,0,0,0,0.921420556028296,0,30.7140185342765,2.44878048780488,12.1512195121951,"2023-24"
22300399,"2023-12-23","GSW","GSWPOR","H","W",126,20,127.8,107.1,20.8,"GSW",37.768,-122.3877,-8,2023-12-22,24,37.768,-122.3877,0,2620.0704374073,-8,0,0,1,0.874274068979031,0,62.475802299301,2.44878048780488,18.3512195121951,"2023-24"
22300402,"2023-12-25","GSW","DEN","A","L",114,-6,112.7,119.9,-7.2,"DEN",39.7487,-105.0077,-7,2023-12-23,48,37.768,-122.3877,945.881692119517,2724.88227040647,-8,1,1,0.5,0.878629073746737,0.428571428571429,60.2400167439389,2.44878048780488,-9.64878048780488,"2023-24"
22300426,"2023-12-28","GSW","GSWMIA","H","L",102,-12,102,113.2,-11.2,"GSW",37.768,-122.3877,-8,2023-12-25,72,39.7487,-105.0077,945.881692119517,3312.05122116729,-7,1,-1,0,0.900296437650112,0.285714285714286,39.5336907788133,2.44878048780488,-13.6487804878049,"2023-24"
22300444,"2023-12-30","GSW","GSWDAL","H","L",122,-10,117.6,131.1,-13.5,"GSW",37.768,-122.3877,-8,2023-12-28,48,37.768,-122.3877,0,2966.17916418176,-8,0,0,0.5,0.888050033563622,0,46.2683344521207,2.44878048780488,-15.9487804878049,"2023-24"
22300463,"2024-01-02","GSW","GSWORL","H","W",121,6,124.4,110.4,13.9,"GSW",37.768,-122.3877,-8,2023-12-30,72,37.768,-122.3877,0,2428.9712742104,-8,0,0,0,0.865865652784895,0,28.8621884261632,2.44878048780488,11.4512195121951,"2023-24"
22300478,"2024-01-04","GSW","GSWDEN","H","L",127,-3,129.5,135.8,-6.2,"GSW",37.768,-122.3877,-8,2024-01-02,48,37.768,-122.3877,0,1891.76338423903,-8,0,0,0.5,0.838115605594167,0,44.6038535198055,2.44878048780488,-8.64878048780488,"2023-24"
22300490,"2024-01-05","GSW","GSWDET","H","W",113,4,107.6,105.4,2.2,"GSW",37.768,-122.3877,-8,2024-01-04,24,37.768,-122.3877,0,1891.76338423903,-8,0,0,1,0.838115605594167,0,61.2705201864722,2.44878048780488,-0.248780487804878,"2023-24"
22300504,"2024-01-07","GSW","GSWTOR","H","L",118,-15,115,135.5,-20.5,"GSW",37.768,-122.3877,-8,2024-01-05,48,37.768,-122.3877,0,1891.76338423903,-8,0,0,0.5,0.838115605594167,0,44.6038535198055,2.44878048780488,-22.9487804878049,"2023-24"
22300525,"2024-01-10","GSW","GSWNOP","H","L",105,-36,105.1,140.5,-35.4,"GSW",37.768,-122.3877,-8,2024-01-07,72,37.768,-122.3877,0,945.881692119517,-8,0,0,0,0.761186013895099,0,25.3728671298366,2.44878048780488,-37.8487804878049,"2023-24"
22300536,"2024-01-12","GSW","CHI","A","W",140,9,141.1,132.3,8.9,"CHI",41.8807,-87.6742,-6,2024-01-10,48,37.768,-122.3877,1853.05648695894,1853.05648695894,-8,2,1,0.5,0.835820672533416,0.714285714285714,68.3368795606377,2.44878048780488,6.45121951219512,"2023-24"
22300545,"2024-01-13","GSW","MIL","A","L",118,-11,117.8,129.7,-11.9,"MIL",43.045,-87.917,-6,2024-01-12,24,41.8807,-87.6742,81.4830103720468,1934.53949733098,-6,0,0,1,0.840597836228013,0,61.3532612076004,2.44878048780488,-14.3487804878049,"2023-24"
22300560,"2024-01-15","GSW","MEM","A","L",107,-9,100.6,109.8,-9.3,"MEM",35.1382,-90.0505,-6,2024-01-13,48,43.045,-87.917,558.729415797015,2493.268913128,-6,0,0,0.5,0.868766397488146,0,45.6255465829382,2.44878048780488,-11.7487804878049,"2023-24"
22300626,"2024-01-24","GSW","GSWATL","H","W",134,22,134.4,108.3,26.2,"GSW",37.768,-122.3877,-8,2024-01-15,216,35.1382,-90.0505,1799.35461628135,4292.62352940935,-6,2,-1,0,0.929092755405791,0.571428571428571,50.0173775611454,2.44878048780488,23.7512195121951,"2023-24"
22300632,"2024-01-25","GSW","GSWSAC","H","L",133,-1,129,132.2,-3.2,"GSW",37.768,-122.3877,-8,2024-01-24,24,37.768,-122.3877,0,4292.62352940935,-8,0,0,1,0.929092755405791,0,64.3030918468597,2.44878048780488,-5.64878048780488,"2023-24"
22300650,"2024-01-27","GSW","GSWLAL","H","L",144,-1,109.1,109.1,0,"GSW",37.768,-122.3877,-8,2024-01-25,48,37.768,-122.3877,0,4292.62352940935,-8,0,0,0.5,0.929092755405791,0,47.636425180193,2.44878048780488,-2.44878048780488,"2023-24"
22300673,"2024-01-30","GSW","GSWPHI","H","W",119,12,122.2,110,12.2,"GSW",37.768,-122.3877,-8,2024-01-27,72,37.768,-122.3877,0,4292.62352940935,-8,0,0,0,0.929092755405791,0,30.9697585135264,2.44878048780488,9.75121951219512,"2023-24"
22300693,"2024-02-02","GSW","MEM","A","W",121,20,120.2,98.5,21.7,"MEM",35.1382,-90.0505,-6,2024-01-30,72,37.768,-122.3877,1799.35461628135,4238.92165873177,-8,2,1,0,0.927694795608634,0.714285714285714,54.7326836631449,2.44878048780488,19.2512195121951,"2023-24"
22300699,"2024-02-03","GSW","ATL","A","L",134,-7,110.9,121.9,-11,"ATL",33.7573,-84.3963,-5,2024-02-02,24,35.1382,-90.0505,336.31145405421,4493.75010241393,-6,1,1,1,0.934177460925736,0.428571428571429,78.7582963165721,2.44878048780488,-13.4487804878049,"2023-24"
22300717,"2024-02-05","GSW","BKN","A","W",109,11,107.8,100.3,7.5,"BKN",40.6826,-73.9754,-5,2024-02-03,48,33.7573,-84.3963,746.673658696373,4681.69434531329,-5,0,0,0.5,0.938727310236179,0,47.9575770078726,2.44878048780488,5.05121951219512,"2023-24"
22300727,"2024-02-07","GSW","PHI","A","W",127,23,121.3,96.2,25.2,"PHI",39.9012,-75.172,-5,2024-02-05,48,40.6826,-73.9754,83.10840164052,2965.44813067246,-5,0,0,0.5,0.888022665375258,0,46.2674221791753,2.44878048780488,22.7512195121951,"2023-24"
22300733,"2024-02-08","GSW","IND","A","W",131,22,123.9,109.1,14.8,"IND",39.7639,-86.1555,-5,2024-02-07,24,39.9012,-75.172,583.127891509002,3548.57602218146,-5,0,0,1,0.907955707217005,0,63.5985235739002,2.44878048780488,12.3512195121951,"2023-24"
22300757,"2024-02-10","GSW","GSWPHX","H","W",113,1,105.8,105.6,0.1,"GSW",37.768,-122.3877,-8,2024-02-08,48,39.7639,-86.1555,1945.67733157995,5494.25335376141,-5,3,-1,0.5,0.956499828245046,0.857142857142857,77.1214228462634,2.44878048780488,-2.34878048780488,"2023-24"
22300769,"2024-02-12","GSW","UTA","A","W",129,22,118.9,99,19.9,"UTA",40.7683,-111.9011,-7,2024-02-10,48,37.768,-122.3877,598.218575101357,6092.47192886277,-8,1,1,0.5,0.96797712086853,0.428571428571429,63.2182849813319,2.44878048780488,17.4512195121951,"2023-24"
22300789,"2024-02-14","GSW","GSWLAC","H","L",125,-5,116.9,124.7,-7.8,"GSW",37.768,-122.3877,-8,2024-02-12,48,40.7683,-111.9011,598.218575101357,4891.33588768277,-7,1,-1,0.5,0.943591781366922,0.285714285714286,57.6435355693736,2.44878048780488,-10.2487804878049,"2023-24"
22300576,"2024-02-15","GSW","UTA","A","W",140,3,134.2,129.1,5.1,"UTA",40.7683,-111.9011,-7,2024-02-14,24,37.768,-122.3877,598.218575101357,5153.24300872992,-8,1,1,1,0.949384154719833,0.428571428571429,79.2651861097087,2.44878048780488,2.65121951219512,"2023-24"
22300802,"2024-02-22","GSW","GSWLAL","H","W",128,18,119.4,112,7.5,"GSW",37.768,-122.3877,-8,2024-02-15,168,40.7683,-111.9011,598.218575101357,5004.7879251349,-7,1,-1,0,0.946138069022774,0.285714285714286,41.061745157902,2.44878048780488,5.05121951219512,"2023-24"
22300811,"2024-02-23","GSW","GSWCHA","H","W",97,13,94.7,85,9.7,"GSW",37.768,-122.3877,-8,2024-02-22,24,37.768,-122.3877,0,4921.67952349438,-8,0,0,1,0.944278544608964,0,64.8092848202988,2.44878048780488,7.25121951219512,"2023-24"
22300824,"2024-02-25","GSW","GSWDEN","H","L",103,-16,103.2,122.1,-18.9,"GSW",37.768,-122.3877,-8,2024-02-23,48,37.768,-122.3877,0,4338.55163198538,-8,0,0,0.5,0.930274547486914,0,47.6758182495638,2.44878048780488,-21.3487804878049,"2023-24"
22300834,"2024-02-27","GSW","WAS","A","W",123,11,113,104.3,8.7,"WAS",38.8981,-77.021,-5,2024-02-25,48,37.768,-122.3877,2437.04880459369,4829.92310499912,-8,3,1,0.5,0.942188703659242,1,81.4062901219747,2.44878048780488,6.25121951219512,"2023-24"
22300852,"2024-02-29","GSW","NYK","A","W",110,11,110,97.5,12.5,"NYK",40.7505,-73.9934,-5,2024-02-27,48,38.8981,-77.021,205.614779911498,4437.31930980926,-5,0,0,0.5,0.932774161828671,0,47.7591387276224,2.44878048780488,10.0512195121951,"2023-24"
22300860,"2024-03-01","GSW","TOR","A","W",120,15,114.4,99.5,14.8,"TOR",43.6435,-79.379,-5,2024-02-29,24,40.7505,-73.9934,340.777924403546,4179.87865911145,-5,0,0,1,0.9261372126448,0,64.2045737548267,2.44878048780488,12.3512195121951,"2023-24"
22300872,"2024-03-03","GSW","BOS","A","L",88,-52,85.7,137.5,-51.8,"BOS",42.3662,-71.0621,-5,2024-03-01,48,43.6435,-79.379,429.683533438057,4011.34361744815,-5,0,0,0.5,0.921567111963255,0,47.3855703987752,2.44878048780488,-54.2487804878049,"2023-24"
22300899,"2024-03-06","GSW","GSWMIL","H","W",125,35,122.5,86,36.4,"GSW",37.768,-122.3877,-8,2024-03-03,72,42.3662,-71.0621,2694.19624726778,6107.32128961457,-5,3,-1,0,0.968247462754294,0.857142857142857,60.8463439965717,2.44878048780488,33.9512195121951,"2023-24"
22300907,"2024-03-07","GSW","GSWCHI","H","L",122,-3,113.7,120.1,-6.4,"GSW",37.768,-122.3877,-8,2024-03-06,24,37.768,-122.3877,0,6107.32128961457,-8,0,0,1,0.968247462754294,0,65.6082487584765,2.44878048780488,-8.84878048780488,"2023-24"
22300921,"2024-03-09","GSW","GSWSAS","H","L",113,-13,108.9,125.6,-16.7,"GSW",37.768,-122.3877,-8,2024-03-07,48,37.768,-122.3877,0,6107.32128961457,-8,0,0,0.5,0.968247462754294,0,48.9415820918098,2.44878048780488,-19.1487804878049,"2023-24"
22300936,"2024-03-11","GSW","SAS","A","W",112,10,109.5,100.4,9.1,"SAS",29.427,-98.4375,-6,2024-03-09,48,37.768,-122.3877,1490.16576488834,5160.43824990922,-8,2,1,0.5,0.949539099353229,0.714285714285714,72.1274937879648,2.44878048780488,6.65121951219512,"2023-24"
22300952,"2024-03-13","GSW","DAL","A","L",99,-10,96.7,110.8,-14.1,"DAL",32.7905,-96.8103,-6,2024-03-11,48,29.427,-98.4375,251.813489153389,5206.63695915111,-6,0,0,0.5,0.95052884071083,0,48.3509613570277,2.44878048780488,-16.5487804878049,"2023-24"
22300973,"2024-03-16","GSW","LAL","A","W",128,7,132.5,118.7,13.8,"LAL",34.043,-118.2673,-8,2024-03-13,72,32.7905,-96.8103,1239.60029235243,6105.4593271,-6,2,-1,0,0.968213600622736,0.571428571428571,51.3214057350436,2.44878048780488,11.3512195121951,"2023-24"
22300988,"2024-03-18","GSW","GSWNYK","H","L",112,-7,115.6,120.4,-4.9,"GSW",37.768,-122.3877,-8,2024-03-16,48,34.043,-118.2673,345.872056985533,6021.64785064747,-8,0,0,0.5,0.966678592785667,0,48.8892864261889,2.44878048780488,-7.34878048780488,"2023-24"
22301001,"2024-03-20","GSW","GSWMEM","H","W",137,21,141.8,116.1,25.7,"GSW",37.768,-122.3877,-8,2024-03-18,48,37.768,-122.3877,0,3327.45160337969,-8,0,0,0.5,0.900811541674902,0,46.6937180558301,2.44878048780488,23.2512195121951,"2023-24"
22301016,"2024-03-22","GSW","GSWIND","H","L",111,-12,107.7,117.1,-9.4,"GSW",37.768,-122.3877,-8,2024-03-20,48,37.768,-122.3877,0,3327.45160337969,-8,0,0,0.5,0.900811541674902,0,46.6937180558301,2.44878048780488,-11.8487804878049,"2023-24"
22301031,"2024-03-24","GSW","MIN","A","L",110,-4,107.4,113,-5.6,"MIN",44.9795,-93.276,-6,2024-03-22,48,37.768,-122.3877,1581.29897421359,4908.75057759329,-8,2,1,0.5,0.943986444628473,0.714285714285714,71.9424052971396,2.44878048780488,-8.04878048780488,"2023-24"
22301044,"2024-03-26","GSW","MIA","A","W",113,21,119.7,96.1,23.6,"MIA",25.7814,-80.187,-5,2024-03-24,48,44.9795,-93.276,1514.81351653468,4933.39832923963,-6,1,1,0.5,0.944542642176003,0.428571428571429,62.437135691581,2.44878048780488,21.1512195121951,"2023-24"
22301049,"2024-03-27","GSW","ORL","A","W",101,8,104.4,97.6,6.8,"ORL",28.5392,-81.3839,-5,2024-03-26,24,25.7814,-80.187,204.482996041861,4886.0678361281,-5,0,0,1,0.943472116486805,0,64.7824038828935,2.44878048780488,4.35121951219512,"2023-24"
22301062,"2024-03-29","GSW","CHA","A","W",115,18,121.1,103.7,17.4,"CHA",35.2251,-80.8392,-5,2024-03-27,48,28.5392,-81.3839,463.572297528528,4110.0398413042,-5,0,0,0.5,0.924266180920323,0,47.4755393640108,2.44878048780488,14.9512195121951,"2023-24"
22301085,"2024-03-31","GSW","SAS","A","W",117,4,115,113.1,1.9,"SAS",29.427,-98.4375,-6,2024-03-29,48,35.2251,-80.8392,1102.06672120228,4866.23450552095,-5,1,-1,0.5,0.94302043835533,0.285714285714286,57.6244908023205,2.44878048780488,-0.548780487804878,"2023-24"
22300589,"2024-04-02","GSW","GSWDAL","H","W",104,4,105,99.2,5.8,"GSW",37.768,-122.3877,-8,2024-03-31,48,29.427,-98.4375,1490.16576488834,6356.40027040929,-6,2,-1,0.5,0.972686680947045,0.571428571428571,68.1371750791872,2.44878048780488,3.35121951219512,"2023-24"
22301113,"2024-04-04","GSW","HOU","A","W",133,23,133,110.9,22.1,"HOU",29.7508,-95.3621,-6,2024-04-02,48,37.768,-122.3877,1643.07531015725,7999.47558056653,-8,2,1,0.5,0.998219747134006,0.714285714285714,73.750182047324,2.44878048780488,19.6512195121951,"2023-24"
22301097,"2024-04-05","GSW","DAL","A","L",106,-2,101,104.6,-3.6,"DAL",32.7905,-96.8103,-6,2024-04-04,24,29.7508,-95.3621,227.015224148548,6645.19183050149,-6,0,0,1,0.977620936089625,0,65.9206978696542,2.44878048780488,-6.04878048780488,"2023-24"
22301142,"2024-04-07","GSW","GSWUTA","H","W",118,8,118.4,113.1,5.3,"GSW",37.768,-122.3877,-8,2024-04-05,48,32.7905,-96.8103,1479.70997370133,6610.08828766813,-6,2,-1,0.5,0.97703273400506,0.571428571428571,68.2820435144544,2.44878048780488,2.85121951219512,"2023-24"
22301155,"2024-04-09","GSW","LAL","A","W",134,14,133.7,114.8,18.9,"LAL",34.043,-118.2673,-8,2024-04-07,48,37.768,-122.3877,345.872056985533,6751.47734861181,-8,0,0,0.5,0.979383117300898,0,49.3127705766966,2.44878048780488,16.4512195121951,"2023-24"
22301169,"2024-04-11","GSW","POR","A","W",100,8,108.9,94.4,14.6,"POR",45.5316,-122.6668,-8,2024-04-09,48,34.043,-118.2673,828.020463382259,7115.92551446554,-8,0,0,0.5,0.985221694420973,0,49.5073898140324,2.44878048780488,12.1512195121951,"2023-24"
22301182,"2024-04-12","GSW","GSWNOP","H","L",109,-5,108.7,112.8,-4.1,"GSW",37.768,-122.3877,-8,2024-04-11,24,45.5316,-122.6668,537.207889971362,6551.06668323462,-8,0,0,1,0.976036679843234,0,65.8678893281078,2.44878048780488,-6.54878048780488,"2023-24"
22301198,"2024-04-14","GSW","GSWUTA","H","W",123,7,121.6,113.7,8,"GSW",37.768,-122.3877,-8,2024-04-12,48,37.768,-122.3877,0,5060.90091834628,-8,0,0,0.5,0.947376201670298,0,48.2458733890099,2.44878048780488,5.55121951219512,"2023-24"
22300066,"2023-10-25","HOU","ORL","A","L",86,-30,87.7,119,-31.3,"ORL",28.5392,-81.3839,-5,NA,NA,NA,NA,0,NA,NA,0,0,0,0,0,0,0.85,-32.15,"2023-24"
22300083,"2023-10-27","HOU","SAS","A","L",122,-4,105.4,112.2,-6.8,"SAS",29.427,-98.4375,-6,2023-10-25,48,28.5392,-81.3839,1032.78854467336,NA,-5,1,-1,0.5,0,0.285714285714286,26.1904761904762,0.85,-7.65,"2023-24"
22300096,"2023-10-29","HOU","HOUGSW","H","L",95,-11,99.6,109.1,-9.5,"HOU",29.7508,-95.3621,-6,2023-10-27,48,29.427,-98.4375,186.331542104265,NA,-6,0,0,0.5,0,0,16.6666666666667,0.85,-10.35,"2023-24"
22300122,"2023-11-01","HOU","HOUCHA","H","W",128,9,122.9,116.7,6.3,"HOU",29.7508,-95.3621,-6,2023-10-29,72,29.7508,-95.3621,0,NA,-6,0,0,0,0,0,0,0.85,5.45,"2023-24"
22300137,"2023-11-04","HOU","HOUSAC","H","W",107,18,110.5,93.3,17.2,"HOU",29.7508,-95.3621,-6,2023-11-01,72,29.7508,-95.3621,0,NA,-6,0,0,0,0,0,0,0.85,16.35,"2023-24"
22300153,"2023-11-06","HOU","HOUSAC","H","W",122,25,131.4,104.5,26.8,"HOU",29.7508,-95.3621,-6,2023-11-04,48,29.7508,-95.3621,0,NA,-6,0,0,0.5,0,0,16.6666666666667,0.85,25.95,"2023-24"
22300163,"2023-11-08","HOU","HOULAL","H","W",128,34,127.5,94.4,33.1,"HOU",29.7508,-95.3621,-6,2023-11-06,48,29.7508,-95.3621,0,1219.12008677763,-6,0,0,0.5,0.789345782869147,0,42.9781927623049,0.85,32.25,"2023-24"
22300011,"2023-11-10","HOU","HOUNOP","H","W",104,3,103.7,101,2.6,"HOU",29.7508,-95.3621,-6,2023-11-08,48,29.7508,-95.3621,0,1219.12008677763,-6,0,0,0.5,0.789345782869147,0,42.9781927623049,0.85,1.75,"2023-24"
22300182,"2023-11-12","HOU","HOUDEN","H","W",107,3,110.6,108.2,2.4,"HOU",29.7508,-95.3621,-6,2023-11-10,48,29.7508,-95.3621,0,186.331542104266,-6,0,0,0.5,0.581219005552686,0,36.0406335184229,0.85,1.55,"2023-24"
22300037,"2023-11-17","HOU","LAC","A","L",100,-6,98.2,103.7,-5.5,"LAC",34.043,-118.2673,-8,2023-11-12,120,29.7508,-95.3621,1374.37264852458,1374.37264852458,-6,2,-1,0,0.802649308631934,0.571428571428571,45.8025960020169,0.85,-6.35,"2023-24"
22300216,"2023-11-19","HOU","LAL","A","L",104,-1,103.6,101.2,2.4,"LAL",34.043,-118.2673,-8,2023-11-17,48,34.043,-118.2673,0,1374.37264852458,-8,0,0,0.5,0.802649308631934,0,43.4216436210645,0.85,1.55,"2023-24"
22300224,"2023-11-20","HOU","GSW","A","L",116,-5,120.4,132.2,-11.8,"GSW",37.768,-122.3877,-8,2023-11-19,24,34.043,-118.2673,345.872056985533,1720.24470551011,-8,0,0,1,0.82756499205268,0,60.9188330684227,0.85,-12.65,"2023-24"
22300231,"2023-11-22","HOU","HOUMEM","H","W",111,20,109,93.4,15.6,"HOU",29.7508,-95.3621,-6,2023-11-20,48,37.768,-122.3877,1643.07531015725,3363.32001566736,-8,2,1,0.5,0.902002068903379,0.714285714285714,70.5429261063031,0.85,14.75,"2023-24"
22300048,"2023-11-24","HOU","HOUDEN","H","W",105,19,108.7,84.1,24.6,"HOU",29.7508,-95.3621,-6,2023-11-22,48,29.7508,-95.3621,0,3363.32001566736,-6,0,0,0.5,0.902002068903379,0,46.7334022967793,0.85,23.75,"2023-24"
22300059,"2023-11-28","HOU","DAL","A","L",115,-6,115.3,121.3,-6,"DAL",32.7905,-96.8103,-6,2023-11-24,96,29.7508,-95.3621,227.015224148548,3590.33523981591,-6,0,0,0,0.909254777640343,0,30.3084925880114,0.85,-6.85,"2023-24"
22300263,"2023-11-29","HOU","DEN","A","L",124,-10,130,137.5,-7.5,"DEN",39.7487,-105.0077,-7,2023-11-28,24,32.7905,-96.8103,663.211405841625,4253.54664565753,-6,1,-1,1,0.928077258005641,0.285714285714286,73.7930514573309,0.85,-8.35,"2023-24"
22300291,"2023-12-02","HOU","LAL","A","L",97,-10,94.2,103,-8.8,"LAL",34.043,-118.2673,-8,2023-11-29,72,39.7487,-105.0077,831.691248536452,3710.86524566941,-7,1,-1,0,0.912921266894605,0.285714285714286,39.9545184202963,0.85,-9.65,"2023-24"
22301212,"2023-12-06","HOU","HOUOKC","H","W",110,9,106.1,98.5,7.6,"HOU",29.7508,-95.3621,-6,2023-12-02,96,34.043,-118.2673,1374.37264852458,5085.23789419399,-8,2,1,0,0.947908935249029,0.714285714285714,55.4064883178248,0.85,6.75,"2023-24"
22301224,"2023-12-08","HOU","DEN","A","W",114,8,114.6,106.1,8.5,"DEN",39.7487,-105.0077,-7,2023-12-06,48,29.7508,-95.3621,881.297712016856,5620.66354922531,-6,1,-1,0.5,0.959025898875917,0.285714285714286,58.1580061530067,0.85,7.65,"2023-24"
22300298,"2023-12-11","HOU","HOUSAS","H","W",93,11,90.5,78.3,12.1,"HOU",29.7508,-95.3621,-6,2023-12-08,72,39.7487,-105.0077,881.297712016856,4858.88595108492,-7,1,1,0,0.94285261719042,0.428571428571429,45.7141348587283,0.85,11.25,"2023-24"
22300314,"2023-12-13","HOU","HOUMEM","H","W",117,13,110.1,101,9.1,"HOU",29.7508,-95.3621,-6,2023-12-11,48,29.7508,-95.3621,0,4858.88595108492,-6,0,0,0.5,0.94285261719042,0,48.0950872396806,0.85,8.25,"2023-24"
22300332,"2023-12-15","HOU","MEM","A","W",103,7,105,92.7,12.4,"MEM",35.1382,-90.0505,-6,2023-12-13,48,29.7508,-95.3621,484.59213074051,5116.46285767688,-6,0,0,0.5,0.948588724993739,0,48.2862908331246,0.85,11.55,"2023-24"
22300346,"2023-12-17","HOU","MIL","A","L",119,-9,121.1,121.8,-0.7,"MIL",43.045,-87.917,-6,2023-12-15,48,35.1382,-90.0505,558.729415797015,5011.98086763227,-6,0,0,0.5,0.946297554571085,0,48.2099184857028,0.85,-1.55,"2023-24"
22300349,"2023-12-18","HOU","CLE","A","L",130,-5,115.2,122.8,-7.6,"CLE",41.4965,-81.6882,-5,2023-12-17,24,43.045,-87.917,336.231611669537,4516.52123076535,-6,1,1,1,0.934738741800198,0.428571428571429,78.7770056790542,0.85,-8.45,"2023-24"
22300371,"2023-12-20","HOU","HOUATL","H","L",127,-7,126.8,129.7,-2.8,"HOU",29.7508,-95.3621,-6,2023-12-18,48,41.4965,-81.6882,1115.78077207718,4257.92935431796,-5,1,-1,0.5,0.928191615531669,0.285714285714286,57.1301967081985,0.85,-3.65,"2023-24"
22300385,"2023-12-22","HOU","HOUDAL","H","W",122,26,110.8,86.9,23.9,"HOU",29.7508,-95.3621,-6,2023-12-20,48,29.7508,-95.3621,0,3376.6316423011,-6,0,0,0.5,0.902440675425395,0,46.7480225141798,0.85,23.05,"2023-24"
22300392,"2023-12-23","HOU","NOP","A","W",106,2,110,106.4,3.6,"NOP",29.949,-90.0822,-6,2023-12-22,24,29.7508,-95.3621,317.031598851148,2812.36552913539,-6,0,0,1,0.882137717686434,0,62.7379239228811,0.85,2.75,"2023-24"
22300409,"2023-12-26","HOU","HOUIND","H","L",117,-6,113.9,121.5,-7.5,"HOU",29.7508,-95.3621,-6,2023-12-23,72,29.949,-90.0822,317.031598851148,3129.39712798654,-6,0,0,0,0.89399765745484,0,29.7999219151613,0.85,-8.35,"2023-24"
22300418,"2023-12-27","HOU","HOUPHX","H","L",113,-16,105.9,123.5,-17.6,"HOU",29.7508,-95.3621,-6,2023-12-26,24,29.7508,-95.3621,0,2644.80499724603,-6,0,0,1,0.875317306885945,0,62.5105768961981,0.85,-18.45,"2023-24"
22300434,"2023-12-29","HOU","HOUPHI","H","L",127,-4,123,131.6,-8.6,"HOU",29.7508,-95.3621,-6,2023-12-27,48,29.7508,-95.3621,0,2086.07558144902,-6,0,0,0.5,0.84897008594543,0,44.9656695315143,0.85,-9.45,"2023-24"
22300453,"2024-01-01","HOU","HOUDET","H","W",136,23,128.8,109.8,19,"HOU",29.7508,-95.3621,-6,2023-12-29,72,29.7508,-95.3621,0,1749.84396977948,-6,0,0,0,0.829458772620959,0,27.648625754032,0.85,18.15,"2023-24"
22300469,"2024-01-03","HOU","HOUBKN","H","W",112,11,113.3,101.6,11.7,"HOU",29.7508,-95.3621,-6,2024-01-01,48,29.7508,-95.3621,0,634.063197702296,-6,0,0,0.5,0.716818911723899,0,40.5606303907966,0.85,10.85,"2023-24"
22300485,"2024-01-05","HOU","HOUMIN","H","L",95,-27,90.8,119.8,-29,"HOU",29.7508,-95.3621,-6,2024-01-03,48,29.7508,-95.3621,0,634.063197702296,-6,0,0,0.5,0.716818911723899,0,40.5606303907966,0.85,-29.85,"2023-24"
22300496,"2024-01-06","HOU","HOUMIL","H","W",112,4,111.9,106.4,5.5,"HOU",29.7508,-95.3621,-6,2024-01-05,24,29.7508,-95.3621,0,317.031598851148,-6,0,0,1,0.64000541315189,0,54.666847105063,0.85,4.65,"2023-24"
22300509,"2024-01-08","HOU","MIA","A","L",113,-7,112.6,123.6,-11,"MIA",25.7814,-80.187,-5,2024-01-06,48,29.7508,-95.3621,967.649903474838,967.649903474838,-6,1,1,0.5,0.763710547458991,0.428571428571429,56.409399201014,0.85,-11.85,"2023-24"
22300523,"2024-01-10","HOU","CHI","A","L",119,-5,103.7,110.7,-7.1,"CHI",41.8807,-87.6742,-6,2024-01-08,48,25.7814,-80.187,1192.57569343884,2160.22559691367,-5,1,-1,0.5,0.852847740194183,0.285714285714286,54.618734196949,0.85,-7.95,"2023-24"
22300534,"2024-01-12","HOU","DET","A","W",112,2,112,111.1,0.9,"DET",42.341,-83.0552,-5,2024-01-10,48,41.8807,-87.6742,239.119148083624,2399.3447449973,-6,1,1,0.5,0.864503142766044,0.428571428571429,59.7691523779157,0.85,0.05,"2023-24"
22300542,"2024-01-13","HOU","BOS","A","L",113,-32,102.5,134.3,-31.7,"BOS",42.3662,-71.0621,-5,2024-01-12,24,42.341,-83.0552,612.54916751871,3011.89391251601,-5,0,0,1,0.889748227670056,0,62.9916075890019,0.85,-32.55,"2023-24"
22300555,"2024-01-15","HOU","PHI","A","L",115,-9,116.1,122.8,-6.8,"PHI",39.9012,-75.172,-5,2024-01-13,48,42.3662,-71.0621,273.654490118229,3285.54840263424,-5,0,0,0.5,0.899404353474664,0,46.6468117824888,0.85,-7.65,"2023-24"
22300573,"2024-01-17","HOU","NYK","A","L",94,-15,97.6,109.3,-11.8,"NYK",40.7505,-73.9934,-5,2024-01-15,48,39.9012,-75.172,85.5210890521257,3371.06949168636,-5,0,0,0.5,0.90225761800977,0,46.7419206003256,0.85,-12.65,"2023-24"
22300598,"2024-01-20","HOU","HOUUTA","H","W",127,1,114.7,108.9,5.8,"HOU",29.7508,-95.3621,-6,2024-01-17,72,40.7505,-73.9934,1420.92089658594,4791.9903882723,-5,1,-1,0,0.94131312833557,0.285714285714286,40.9009138016618,0.85,4.95,"2023-24"
22300603,"2024-01-21","HOU","HOUBOS","H","L",107,-9,99.4,109.5,-10.1,"HOU",29.7508,-95.3621,-6,2024-01-20,24,29.7508,-95.3621,0,3824.34048479746,-6,0,0,1,0.91626593154531,0,63.8755310515103,0.85,-10.95,"2023-24"
22300623,"2024-01-24","HOU","HOUPOR","H","L",131,-6,126.4,127.4,-1,"HOU",29.7508,-95.3621,-6,2024-01-21,72,29.7508,-95.3621,0,2631.76479135863,-6,0,0,0,0.874768527118644,0,29.1589509039548,0.85,-1.85,"2023-24"
22300635,"2024-01-26","HOU","CHA","A","W",138,34,130.6,97.1,33.5,"CHA",35.2251,-80.8392,-5,2024-01-24,48,29.7508,-95.3621,926.857920087681,3319.50356336269,-6,1,1,0.5,0.900545998053054,0.428571428571429,60.9705808874828,0.85,32.65,"2023-24"
22300645,"2024-01-27","HOU","BKN","A","L",104,-2,98,98.8,-0.8,"BKN",40.6826,-73.9754,-5,2024-01-26,24,35.2251,-80.8392,531.310885808577,3238.26528165255,-5,0,0,1,0.897794790060474,0,63.2598263353491,0.85,-1.65,"2023-24"
22300662,"2024-01-29","HOU","HOULAL","H","W",135,16,122.7,107.8,15,"HOU",29.7508,-95.3621,-6,2024-01-27,48,40.6826,-73.9754,1419.74698895653,4384.35778049086,-5,1,-1,0.5,0.93144080879455,0.285714285714286,57.2385031502945,0.85,14.15,"2023-24"
22300679,"2024-01-31","HOU","HOUNOP","H","L",99,-11,104.8,113.9,-9.1,"HOU",29.7508,-95.3621,-6,2024-01-29,48,29.7508,-95.3621,0,4298.83669143873,-6,0,0,0.5,0.929253365823392,0,47.6417788607797,0.85,-9.95,"2023-24"
22300692,"2024-02-02","HOU","HOUTOR","H","W",135,29,124.4,100.2,24.3,"HOU",29.7508,-95.3621,-6,2024-01-31,48,29.7508,-95.3621,0,2877.91579485279,-6,0,0,0.5,0.884695928476267,0,46.1565309492089,0.85,23.45,"2023-24"
22300709,"2024-02-04","HOU","MIN","A","L",90,-21,89.2,103.9,-14.6,"MIN",44.9795,-93.276,-6,2024-02-02,48,29.7508,-95.3621,1059.50639252322,3937.42218737601,-6,0,0,0.5,0.919501717824803,0,47.3167239274934,0.85,-15.45,"2023-24"
22300719,"2024-02-06","HOU","IND","A","L",129,-3,126.3,133.1,-6.8,"IND",39.7639,-86.1555,-5,2024-02-04,48,44.9795,-93.276,512.017692233687,4449.4398796097,-6,1,1,0.5,0.933077070141912,0.428571428571429,62.0549499571113,0.85,-7.65,"2023-24"
22300744,"2024-02-09","HOU","TOR","A","L",104,-3,101.9,107.7,-5.8,"TOR",43.6435,-79.379,-5,2024-02-06,72,39.7639,-86.1555,440.75236982524,3963.33432934725,-5,0,0,0,0.920230093269774,0,30.6743364423258,0.85,-6.65,"2023-24"
22300754,"2024-02-10","HOU","ATL","A","L",113,-9,103.3,114.8,-11.5,"ATL",33.7573,-84.3963,-5,2024-02-09,24,43.6435,-79.379,735.146378587531,4167.16982212621,-5,0,0,1,0.925799071367592,0,64.1933023789197,0.85,-12.35,"2023-24"
22300765,"2024-02-12","HOU","HOUNYK","H","W",105,2,111.1,108.1,3,"HOU",29.7508,-95.3621,-6,2024-02-10,48,33.7573,-84.3963,701.483997318208,3448.90683048788,-5,1,-1,0.5,0.904792312645748,0.285714285714286,56.3502199453344,0.85,2.15,"2023-24"
22300783,"2024-02-14","HOU","MEM","A","L",113,-8,111.5,121,-9.4,"MEM",35.1382,-90.0505,-6,2024-02-12,48,29.7508,-95.3621,484.59213074051,3933.49896122839,-6,0,0,0.5,0.919391020658341,0,47.3130340219447,0.85,-10.25,"2023-24"
22300798,"2024-02-22","HOU","NOP","A","L",105,-22,98.8,116.6,-17.8,"NOP",29.949,-90.0822,-6,2024-02-14,192,35.1382,-90.0505,358.946368923759,4292.44533015215,-6,0,0,0,0.929088145522068,0,30.9696048507356,0.85,-18.65,"2023-24"
22300806,"2024-02-23","HOU","HOUPHX","H","W",114,4,108.6,108.5,0.1,"HOU",29.7508,-95.3621,-6,2024-02-22,24,29.949,-90.0822,317.031598851148,3549.97053648008,-6,0,0,1,0.907999334706729,0,63.5999778235576,0.85,-0.75,"2023-24"
22300822,"2024-02-25","HOU","HOUOKC","H","L",110,-13,101.7,116.5,-14.7,"HOU",29.7508,-95.3621,-6,2024-02-23,48,29.7508,-95.3621,0,3037.95284424639,-6,0,0,0.5,0.890704761637736,0,46.3568253879245,0.85,-15.55,"2023-24"
22300841,"2024-02-27","HOU","OKC","A","L",95,-17,89.7,107.8,-18.1,"OKC",35.4634,-97.5151,-6,2024-02-25,48,29.7508,-95.3621,414.546451737578,3011.74692615873,-6,0,0,0.5,0.88974280887392,0,46.3247602957973,0.85,-18.95,"2023-24"
22300854,"2024-02-29","HOU","PHX","A","L",105,-5,98.5,104.5,-6,"PHX",33.4457,-112.0712,-7,2024-02-27,48,35.4634,-97.5151,841.069859120349,3117.67040669155,-6,1,-1,0.5,0.893580796784789,0.285714285714286,55.9765027499691,0.85,-6.85,"2023-24"
22300870,"2024-03-02","HOU","PHX","A","W",118,9,109.8,101.2,8.7,"PHX",33.4457,-112.0712,-7,2024-02-29,48,33.4457,-112.0712,0,2416.18640937334,-7,0,0,0.5,0.865279731834363,0,45.5093243944788,0.85,7.85,"2023-24"
22300891,"2024-03-05","HOU","HOUSAS","H","W",114,13,113.1,100,13.1,"HOU",29.7508,-95.3621,-6,2024-03-02,72,33.4457,-112.0712,1015.78052370702,2947.37480233985,-7,1,1,0,0.887343888920731,0.428571428571429,43.8638439164053,0.85,12.25,"2023-24"
22300897,"2024-03-06","HOU","HOULAC","H","L",116,-6,120.2,132,-11.7,"HOU",29.7508,-95.3621,-6,2024-03-05,24,29.7508,-95.3621,0,2588.4284334161,-6,0,0,1,0.872925046952691,0,62.430834898423,0.85,-12.55,"2023-24"
22300916,"2024-03-08","HOU","POR","A","W",123,16,124.9,109.2,15.8,"POR",45.5316,-122.6668,-8,2024-03-06,48,29.7508,-95.3621,1836.4815368962,4107.87837146114,-6,2,-1,0.5,0.924207767757595,0.571428571428571,66.5212113062056,0.85,14.95,"2023-24"
22300929,"2024-03-10","HOU","SAC","A","W",112,8,109.9,101.8,8.1,"SAC",38.5805,-121.4993,-8,2024-03-08,48,45.5316,-122.6668,484.522481968318,4592.40085342946,-8,0,0,0.5,0.936588870323308,0,47.8862956774436,0.85,7.25,"2023-24"
22300942,"2024-03-12","HOU","SAS","A","W",103,2,109.3,108.4,0.9,"SAS",29.427,-98.4375,-6,2024-03-10,48,38.5805,-121.4993,1460.62238675714,5638.47678844902,-8,2,1,0.5,0.959377289297403,0.714285714285714,72.4554334527706,0.85,0.05,"2023-24"
22300957,"2024-03-14","HOU","HOUWAS","H","W",135,16,124.4,109.8,14.5,"HOU",29.7508,-95.3621,-6,2024-03-12,48,29.427,-98.4375,186.331542104265,4983.73847143294,-6,0,0,0.5,0.945670029931806,0,48.1890009977269,0.85,13.65,"2023-24"
22300967,"2024-03-16","HOU","HOUCLE","H","W",117,14,114.4,103.2,11.2,"HOU",29.7508,-95.3621,-6,2024-03-14,48,29.7508,-95.3621,0,4983.73847143294,-6,0,0,0.5,0.945670029931806,0,48.1890009977269,0.85,10.35,"2023-24"
22300992,"2024-03-19","HOU","WAS","A","W",137,23,134.5,113.1,21.4,"WAS",38.8981,-77.021,-5,2024-03-16,72,29.7508,-95.3621,1220.45064914268,5188.4085968686,-6,1,1,0,0.950139376839352,0.428571428571429,45.957026847026,0.85,20.55,"2023-24"
22301006,"2024-03-21","HOU","HOUCHI","H","W",127,10,121.2,113.6,7.6,"HOU",29.7508,-95.3621,-6,2024-03-19,48,38.8981,-77.021,1220.45064914268,6408.85924601128,-5,1,-1,0.5,0.9735994346227,0.285714285714286,58.6437906778995,0.85,6.75,"2023-24"
22301024,"2024-03-23","HOU","HOUUTA","H","W",147,28,146.8,117.2,29.5,"HOU",29.7508,-95.3621,-6,2024-03-21,48,29.7508,-95.3621,0,4572.37770911508,-6,0,0,0.5,0.936103642992464,0,47.8701214330821,0.85,28.65,"2023-24"
22301038,"2024-03-25","HOU","HOUPOR","H","W",110,18,110,91.5,18.5,"HOU",29.7508,-95.3621,-6,2024-03-23,48,29.7508,-95.3621,0,4087.85522714677,-6,0,0,0.5,0.923665182027998,0,47.4555060675999,0.85,17.65,"2023-24"
22301057,"2024-03-27","HOU","OKC","A","W",132,6,115.7,111.9,3.7,"OKC",35.4634,-97.5151,-6,2024-03-25,48,29.7508,-95.3621,414.546451737578,3041.77929212721,-6,0,0,0.5,0.890844526370522,0,46.3614842123507,0.85,2.85,"2023-24"
22301072,"2024-03-29","HOU","UTA","A","W",101,1,102.7,101.7,1.1,"UTA",40.7683,-111.9011,-7,2024-03-27,48,35.4634,-97.5151,863.196266259148,3718.64401628209,-6,1,-1,0.5,0.91315378840061,0.285714285714286,56.6289358038299,0.85,0.25,"2023-24"
22301083,"2024-03-31","HOU","HOUDAL","H","L",107,-18,106.6,123.8,-17.2,"HOU",29.7508,-95.3621,-6,2024-03-29,48,40.7683,-111.9011,1201.92942622791,4920.57344251,-7,1,1,0.5,0.944253585263635,0.428571428571429,62.4275004611688,0.85,-18.05,"2023-24"
22301098,"2024-04-02","HOU","MIN","A","L",106,-7,104.8,114.5,-9.7,"MIN",44.9795,-93.276,-6,2024-03-31,48,29.7508,-95.3621,1059.50639252322,4759.62918589054,-6,0,0,0.5,0.940560661447162,0,48.0186887149054,0.85,-10.55,"2023-24"
22301113,"2024-04-04","HOU","HOUGSW","H","L",110,-23,110.9,133,-22.1,"HOU",29.7508,-95.3621,-6,2024-04-02,48,44.9795,-93.276,1059.50639252322,4598.68492927107,-6,0,0,0.5,0.936740718366592,0,47.8913572788864,0.85,-22.95,"2023-24"
22301120,"2024-04-05","HOU","HOUMIA","H","L",104,-15,106.1,119.9,-13.8,"HOU",29.7508,-95.3621,-6,2024-04-04,24,29.7508,-95.3621,0,4598.68492927107,-6,0,0,1,0.936740718366592,0,64.5580239455531,0.85,-14.65,"2023-24"
22301131,"2024-04-07","HOU","DAL","A","L",136,-11,117.9,126.9,-9.1,"DAL",32.7905,-96.8103,-6,2024-04-05,48,29.7508,-95.3621,227.015224148548,4825.70015341962,-6,0,0,0.5,0.94209156884881,0,48.069718961627,0.85,-9.95,"2023-24"
22301150,"2024-04-09","HOU","HOUORL","H","W",118,12,118.1,104.8,13.3,"HOU",29.7508,-95.3621,-6,2024-04-07,48,32.7905,-96.8103,227.015224148548,4638.16892583059,-6,0,0,0.5,0.937690086563953,0,47.9230028854651,0.85,12.45,"2023-24"
22301168,"2024-04-11","HOU","UTA","A","L",121,-3,122.6,124.1,-1.5,"UTA",40.7683,-111.9011,-7,2024-04-09,48,29.7508,-95.3621,1201.92942622791,4976.90208579935,-6,1,-1,0.5,0.945517596163309,0.285714285714286,57.7077293959198,0.85,-2.35,"2023-24"
22301183,"2024-04-12","HOU","POR","A","W",116,9,116.2,108.3,7.9,"POR",45.5316,-122.6668,-8,2024-04-11,24,40.7683,-111.9011,634.582909588459,4409.5555691599,-7,1,-1,1,0.932077181731333,0.285714285714286,73.9263822481873,0.85,7.05,"2023-24"
22301199,"2024-04-14","HOU","LAC","A","W",116,11,105.3,97.7,7.6,"LAC",34.043,-118.2673,-8,2024-04-12,48,45.5316,-122.6668,828.020463382259,4178.06964001894,-8,0,0,0.5,0.926089143256819,0,47.5363047752273,0.85,6.75,"2023-24"
22300064,"2023-10-25","IND","INDWAS","H","W",143,23,125.1,107.4,17.8,"IND",39.7639,-86.1555,-5,NA,NA,NA,NA,0,NA,NA,0,0,0,0,0,0,2.45731707317073,15.3426829268293,"2023-24"
22300091,"2023-10-28","IND","CLE","A","W",125,12,122,114.7,7.3,"CLE",41.4965,-81.6882,-5,2023-10-25,72,39.7639,-86.1555,263.314647279715,NA,-5,0,0,0,0,0,0,2.45731707317073,4.84268292682927,"2023-24"
22300102,"2023-10-30","IND","INDCHI","H","L",105,-7,100,108.1,-8.1,"IND",39.7639,-86.1555,-5,2023-10-28,48,41.4965,-81.6882,263.314647279715,NA,-5,0,0,0.5,0,0,16.6666666666667,2.45731707317073,-10.5573170731707,"2023-24"
22300118,"2023-11-01","IND","BOS","A","L",104,-51,96.9,141.8,-44.8,"BOS",42.3662,-71.0621,-5,2023-10-30,48,39.7639,-86.1555,806.298362239545,NA,-5,0,0,0.5,0,0,16.6666666666667,2.45731707317073,-47.2573170731707,"2023-24"
22300001,"2023-11-03","IND","INDCLE","H","W",121,5,111.5,112.6,-1.2,"IND",39.7639,-86.1555,-5,2023-11-01,48,42.3662,-71.0621,806.298362239545,NA,-5,0,0,0.5,0,0,16.6666666666667,2.45731707317073,-3.65731707317073,"2023-24"
22300133,"2023-11-04","IND","INDCHA","H","L",124,-1,119.2,126.1,-6.9,"IND",39.7639,-86.1555,-5,2023-11-03,24,39.7639,-86.1555,0,NA,-5,0,0,1,0,0,33.3333333333333,2.45731707317073,-9.35731707317073,"2023-24"
22300146,"2023-11-06","IND","INDSAS","H","W",152,41,136.8,104.5,32.3,"IND",39.7639,-86.1555,-5,2023-11-04,48,39.7639,-86.1555,0,2139.22601903852,-5,0,0,0.5,0.851763244080472,0,45.0587748026824,2.45731707317073,29.8426829268293,"2023-24"
22300158,"2023-11-08","IND","INDUTA","H","W",134,16,124.3,107.4,17,"IND",39.7639,-86.1555,-5,2023-11-06,48,39.7639,-86.1555,0,2139.22601903852,-5,0,0,0.5,0.851763244080472,0,45.0587748026824,2.45731707317073,14.5426829268293,"2023-24"
22300171,"2023-11-09","IND","INDMIL","H","W",126,2,120.2,115.4,4.8,"IND",39.7639,-86.1555,-5,2023-11-08,24,39.7639,-86.1555,0,1875.9113717588,-5,0,0,1,0.83718146528809,0,61.2393821762697,2.45731707317073,2.34268292682927,"2023-24"
22300180,"2023-11-12","IND","PHI","A","L",126,-11,125.5,133.3,-7.7,"PHI",39.9012,-75.172,-5,2023-11-09,72,39.7639,-86.1555,583.127891509002,2195.72461598809,-5,0,0,0,0.854657299084513,0,28.4885766361504,2.45731707317073,-10.1573170731707,"2023-24"
22300019,"2023-11-14","IND","PHI","A","W",132,6,121.6,112.1,9.5,"PHI",39.9012,-75.172,-5,2023-11-12,48,39.9012,-75.172,0,1389.42625374855,-5,0,0,0.5,0.803858383623502,0,43.4619461207834,2.45731707317073,7.04268292682927,"2023-24"
22300209,"2023-11-19","IND","INDORL","H","L",116,-12,102.1,113.8,-11.7,"IND",39.7639,-86.1555,-5,2023-11-14,120,39.9012,-75.172,583.127891509002,1166.255783018,-5,0,0,0,0.784426047523829,0,26.147534917461,2.45731707317073,-14.1573170731707,"2023-24"
22300039,"2023-11-21","IND","ATL","A","W",157,5,138.5,137.8,0.8,"ATL",33.7573,-84.3963,-5,2023-11-19,48,39.7639,-86.1555,426.738163666341,1592.99394668434,-5,0,0,0.5,0.819034226058747,0,43.9678075352916,2.45731707317073,-1.65731707317073,"2023-24"
22300230,"2023-11-22","IND","INDTOR","H","L",131,-1,121.3,120.9,0.4,"IND",39.7639,-86.1555,-5,2023-11-21,24,33.7573,-84.3963,426.738163666341,2019.73211035069,-5,0,0,1,0.845382065753977,0,61.5127355251325,2.45731707317073,-2.05731707317073,"2023-24"
22300047,"2023-11-24","IND","INDDET","H","W",136,23,127.6,112.4,15.3,"IND",39.7639,-86.1555,-5,2023-11-22,48,39.7639,-86.1555,0,2019.73211035069,-5,0,0,0.5,0.845382065753977,0,44.8460688584659,2.45731707317073,12.8426829268293,"2023-24"
22300254,"2023-11-27","IND","INDPOR","H","L",110,-4,101.3,107.9,-6.6,"IND",39.7639,-86.1555,-5,2023-11-24,72,39.7639,-86.1555,0,2019.73211035069,-5,0,0,0,0.845382065753977,0,28.1794021917992,2.45731707317073,-9.05731707317073,"2023-24"
22300267,"2023-11-30","IND","MIA","A","L",132,-10,117.8,129.3,-11.6,"MIA",25.7814,-80.187,-5,2023-11-27,72,39.7639,-86.1555,1026.91941262185,2463.52363146354,-5,0,0,0,0.867433869369246,0,28.9144623123082,2.45731707317073,-14.0573170731707,"2023-24"
22300284,"2023-12-02","IND","MIA","A","W",144,15,142.9,122.2,20.7,"MIA",25.7814,-80.187,-5,2023-11-30,48,25.7814,-80.187,0,2463.52363146354,-5,0,0,0.5,0.867433869369246,0,45.5811289789749,2.45731707317073,18.2426829268293,"2023-24"
22301202,"2023-12-04","IND","INDBOS","H","W",122,10,119.3,104.4,14.9,"IND",39.7639,-86.1555,-5,2023-12-02,48,25.7814,-80.187,1026.91941262185,2907.31515257639,-5,0,0,0.5,0.885824423873056,0,46.1941474624352,2.45731707317073,12.4426829268293,"2023-24"
22301229,"2023-12-07","IND","MIL","A","W",128,9,118.5,109.9,8.7,"MIL",43.045,-87.917,-6,2023-12-04,72,39.7639,-86.1555,244.650099469571,2725.22708837962,-5,1,-1,0,0.878643123036315,0.285714285714286,38.81191362502,2.45731707317073,6.24268292682927,"2023-24"
22300293,"2023-12-11","IND","DET","A","W",131,8,122,119.2,2.8,"DET",42.341,-83.0552,-5,2023-12-07,96,43.045,-87.917,251.888310882894,2550.37723559617,-6,1,1,0,0.871280773277093,0.428571428571429,43.328406728284,2.45731707317073,0.342682926829268,"2023-24"
22300315,"2023-12-13","IND","MIL","A","L",126,-14,108.5,122.7,-14.1,"MIL",43.045,-87.917,-6,2023-12-11,48,42.341,-83.0552,251.888310882894,2802.26554647907,-5,1,-1,0.5,0.881738256833707,0.285714285714286,55.5817514182664,2.45731707317073,-16.5573170731707,"2023-24"
22300328,"2023-12-15","IND","WAS","A","L",123,-14,106,119.7,-13.7,"WAS",38.8981,-77.021,-5,2023-12-13,48,43.045,-87.917,636.574551145391,3438.84009762446,-6,1,1,0.5,0.904467737986063,0.428571428571429,61.1013055519164,2.45731707317073,-16.1573170731707,"2023-24"
22300338,"2023-12-16","IND","MIN","A","L",109,-18,110.1,126.9,-16.9,"MIN",44.9795,-93.276,-6,2023-12-15,24,38.8981,-77.021,933.875616991245,3345.79630199385,-5,1,-1,1,0.901422024292069,0.285714285714286,72.9045436668785,2.45731707317073,-19.3573170731707,"2023-24"
22300350,"2023-12-18","IND","INDLAC","H","L",127,-24,121.8,143.6,-21.8,"IND",39.7639,-86.1555,-5,2023-12-16,48,44.9795,-93.276,512.017692233687,3857.81399422754,-6,1,1,0.5,0.917233623062735,0.428571428571429,61.5268350544721,2.45731707317073,-24.2573170731707,"2023-24"
22300365,"2023-12-20","IND","INDCHA","H","W",144,31,146.6,113.7,32.9,"IND",39.7639,-86.1555,-5,2023-12-18,48,39.7639,-86.1555,0,2830.89458160568,-5,0,0,0.5,0.882866839078779,0,46.095561302626,2.45731707317073,30.4426829268293,"2023-24"
22300377,"2023-12-21","IND","MEM","A","L",103,-13,103.2,110.2,-7.1,"MEM",35.1382,-90.0505,-6,2023-12-20,24,39.7639,-86.1555,384.771173161429,2971.01565529754,-5,1,-1,1,0.88823093080584,0.285714285714286,72.4648405506709,2.45731707317073,-9.55731707317073,"2023-24"
22300391,"2023-12-23","IND","INDORL","H","L",110,-7,114.9,121.8,-6.9,"IND",39.7639,-86.1555,-5,2023-12-21,48,35.1382,-90.0505,384.771173161429,3103.89851757608,-6,1,1,0.5,0.893089228619305,0.428571428571429,60.7220219063578,2.45731707317073,-9.35731707317073,"2023-24"
22300409,"2023-12-26","IND","HOU","A","W",123,6,121.5,113.9,7.5,"HOU",29.7508,-95.3621,-6,2023-12-23,72,39.7639,-86.1555,866.924228775926,3718.93443546911,-5,1,-1,0,0.913162460135751,0.285714285714286,39.9625581950012,2.45731707317073,5.04268292682927,"2023-24"
22300422,"2023-12-28","IND","CHI","A","W",120,16,116.9,102.3,14.6,"CHI",41.8807,-87.6742,-6,2023-12-26,48,29.7508,-95.3621,942.365685800696,4024.72557012441,-6,0,0,0.5,0.921936937739949,0,47.397897924665,2.45731707317073,12.1426829268293,"2023-24"
22300441,"2023-12-30","IND","INDNYK","H","W",140,14,135.6,119,16.6,"IND",39.7639,-86.1555,-5,2023-12-28,48,41.8807,-87.6742,166.601746714283,3257.45169984745,-6,1,1,0.5,0.89845072898675,0.428571428571429,60.9007385852726,2.45731707317073,14.1426829268293,"2023-24"
22300454,"2024-01-01","IND","MIL","A","W",122,9,114.3,105.2,9.1,"MIL",43.045,-87.917,-6,2023-12-30,48,39.7639,-86.1555,244.650099469571,2990.08410708333,-5,1,-1,0.5,0.888941283227481,0.285714285714286,55.8218522980589,2.45731707317073,6.64268292682927,"2023-24"
22300466,"2024-01-03","IND","INDMIL","H","W",142,12,130.3,119.2,11.1,"IND",39.7639,-86.1555,-5,2024-01-01,48,43.045,-87.917,244.650099469571,3234.73420655291,-6,1,1,0.5,0.897673647629043,0.428571428571429,60.8748358733491,2.45731707317073,8.64268292682927,"2023-24"
22300480,"2024-01-05","IND","INDATL","H","W",150,34,139.2,109.2,30,"IND",39.7639,-86.1555,-5,2024-01-03,48,39.7639,-86.1555,0,2849.96303339148,-5,0,0,0.5,0.883612221789871,0,46.1204073929957,2.45731707317073,27.5426829268293,"2023-24"
22300493,"2024-01-06","IND","INDBOS","H","L",101,-17,100.3,114.2,-13.8,"IND",39.7639,-86.1555,-5,2024-01-05,24,39.7639,-86.1555,0,2465.19186023005,-5,0,0,1,0.867509027281126,0,62.2503009093708,2.45731707317073,-16.2573170731707,"2023-24"
22300507,"2024-01-08","IND","INDBOS","H","W",133,2,127.1,125,2,"IND",39.7639,-86.1555,-5,2024-01-06,48,39.7639,-86.1555,0,1598.26763145412,-5,0,0,0.5,0.819401093434425,0,43.9800364478142,2.45731707317073,-0.457317073170732,"2023-24"
22300520,"2024-01-10","IND","INDWAS","H","W",112,8,109.2,101.8,7.4,"IND",39.7639,-86.1555,-5,2024-01-08,48,39.7639,-86.1555,0,655.901945653425,-5,0,0,0.5,0.720574235050643,0,40.6858078350214,2.45731707317073,4.94268292682927,"2023-24"
22300533,"2024-01-12","IND","ATL","A","W",126,18,124.4,105.8,18.6,"ATL",33.7573,-84.3963,-5,2024-01-10,48,39.7639,-86.1555,426.738163666341,916.038362605484,-5,0,0,0.5,0.757628995301753,0,41.9209665100584,2.45731707317073,16.1426829268293,"2023-24"
22300550,"2024-01-14","IND","DEN","A","L",109,-8,108.3,118,-9.8,"DEN",39.7487,-105.0077,-7,2024-01-12,48,33.7573,-84.3963,1211.76269094873,1883.15095408464,-5,2,-1,0.5,0.837609060215288,0.571428571428571,63.634587721462,2.45731707317073,-12.2573170731707,"2023-24"
22300564,"2024-01-15","IND","UTA","A","L",105,-27,102.9,130.2,-27.2,"UTA",40.7683,-111.9011,-7,2024-01-14,24,39.7487,-105.0077,370.547576134278,2009.04843074934,-7,0,0,1,0.844793273963393,0,61.4931091321131,2.45731707317073,-29.6573170731707,"2023-24"
22300583,"2024-01-18","IND","SAC","A","W",126,5,119.6,118.5,1.1,"SAC",38.5805,-121.4993,-8,2024-01-15,72,40.7683,-111.9011,532.618318901091,2541.66674965044,-7,1,-1,0,0.870900925889279,0.285714285714286,38.5538403867855,2.45731707317073,-1.35731707317073,"2023-24"
22300590,"2024-01-19","IND","POR","A","L",115,-3,104.5,116.4,-11.8,"POR",45.5316,-122.6668,-8,2024-01-18,24,38.5805,-121.4993,484.522481968318,3026.18923161875,-8,0,0,1,0.890273979478629,0,63.0091326492877,2.45731707317073,-14.2573170731707,"2023-24"
22300604,"2024-01-21","IND","PHX","A","L",110,-7,108.8,115.9,-7.2,"PHX",33.4457,-112.0712,-7,2024-01-19,48,45.5316,-122.6668,1007.38726543148,4033.57649705024,-8,1,1,0.5,0.922180868539422,0.428571428571429,61.6917432370283,2.45731707317073,-9.65731707317073,"2023-24"
22300614,"2024-01-23","IND","INDDEN","H","L",109,-5,109.8,118.2,-8.3,"IND",39.7639,-86.1555,-5,2024-01-21,48,33.4457,-112.0712,1497.86288610188,5531.43938315211,-7,2,1,0.5,0.957248904144638,0.714285714285714,72.3844872810117,2.45731707317073,-10.7573170731707,"2023-24"
22300627,"2024-01-25","IND","INDPHI","H","W",134,12,120.5,109,11.5,"IND",39.7639,-86.1555,-5,2024-01-23,48,39.7639,-86.1555,0,5104.70121948577,-5,0,0,0.5,0.948333153916663,0,48.2777717972221,2.45731707317073,9.04268292682927,"2023-24"
22300636,"2024-01-26","IND","INDPHX","H","W",133,2,123.6,119.2,4.4,"IND",39.7639,-86.1555,-5,2024-01-25,24,39.7639,-86.1555,0,3892.93852853705,-5,0,0,1,0.918240060197329,0,63.941335339911,2.45731707317073,1.94268292682927,"2023-24"
22300652,"2024-01-28","IND","INDMEM","H","W",116,6,120.8,115,5.8,"IND",39.7639,-86.1555,-5,2024-01-26,48,39.7639,-86.1555,0,3522.39095240277,-5,0,0,0.5,0.907133307188797,0,46.9044435729599,2.45731707317073,3.34268292682927,"2023-24"
22300670,"2024-01-30","IND","BOS","A","L",124,-5,119.7,126.9,-7.2,"BOS",42.3662,-71.0621,-5,2024-01-28,48,39.7639,-86.1555,806.298362239545,3796.07099574122,-5,0,0,0.5,0.915442065531163,0,47.1814021843721,2.45731707317073,-9.65731707317073,"2023-24"
22300685,"2024-02-01","IND","NYK","A","L",105,-4,102.2,109,-6.8,"NYK",40.7505,-73.9934,-5,2024-01-30,48,42.3662,-71.0621,188.420681353137,3499.96919512604,-5,0,0,0.5,0.906424230221267,0,46.8808076740422,2.45731707317073,-9.25731707317073,"2023-24"
22300691,"2024-02-02","IND","INDSAC","H","L",122,-11,111.4,120.6,-9.2,"IND",39.7639,-86.1555,-5,2024-02-01,24,40.7505,-73.9934,645.101494684543,3137.6834243791,-5,0,0,1,0.894291277629971,0,63.1430425876657,2.45731707317073,-11.6573170731707,"2023-24"
22300707,"2024-02-04","IND","CHA","A","W",115,16,115.1,100,15.1,"CHA",35.2251,-80.8392,-5,2024-02-02,48,39.7639,-86.1555,428.423571184155,2068.24410946138,-5,0,0,0.5,0.848017048548441,0,44.9339016182814,2.45731707317073,12.6426829268293,"2023-24"
22300719,"2024-02-06","IND","INDHOU","H","W",132,3,133.1,126.3,6.8,"IND",39.7639,-86.1555,-5,2024-02-04,48,35.2251,-80.8392,428.423571184155,2496.66768064553,-5,0,0,0.5,0.868917642650626,0,45.6305880883542,2.45731707317073,4.34268292682927,"2023-24"
22300733,"2024-02-08","IND","INDGSW","H","L",109,-22,109.1,123.9,-14.8,"IND",39.7639,-86.1555,-5,2024-02-06,48,39.7639,-86.1555,0,2496.66768064553,-5,0,0,0.5,0.868917642650626,0,45.6305880883542,2.45731707317073,-17.2573170731707,"2023-24"
22300755,"2024-02-10","IND","NYK","A","W",125,14,124.6,113.1,11.4,"NYK",40.7505,-73.9934,-5,2024-02-08,48,39.7639,-86.1555,645.101494684543,3141.76917533008,-5,0,0,0.5,0.89443576866163,0,46.481192288721,2.45731707317073,8.94268292682927,"2023-24"
22300761,"2024-02-12","IND","CHA","A","L",102,-9,103,107.7,-4.7,"CHA",35.2251,-80.8392,-5,2024-02-10,48,40.7505,-73.9934,533.845366214563,2869.3161793051,-5,0,0,0.5,0.884363652796616,0,46.1454550932205,2.45731707317073,-7.15731707317073,"2023-24"
22300782,"2024-02-14","IND","TOR","A","W",127,2,119.7,114.2,5.5,"TOR",43.6435,-79.379,-5,2024-02-12,48,35.2251,-80.8392,587.482078914637,3268.3775768666,-5,0,0,0.5,0.898822535465199,0,46.62741784884,2.45731707317073,3.04268292682927,"2023-24"
22300793,"2024-02-22","IND","INDDET","H","W",129,14,118,108.6,9.4,"IND",39.7639,-86.1555,-5,2024-02-14,192,43.6435,-79.379,440.75236982524,3064.02845200729,-5,0,0,0,0.891653732579914,0,29.7217910859971,2.45731707317073,6.94268292682927,"2023-24"
22300819,"2024-02-25","IND","INDDAL","H","W",133,22,121.5,106.5,15,"IND",39.7639,-86.1555,-5,2024-02-22,72,39.7639,-86.1555,0,2635.60488082314,-5,0,0,0,0.874930414045545,0,29.1643471348515,2.45731707317073,12.5426829268293,"2023-24"
22300829,"2024-02-26","IND","INDTOR","H","L",122,-8,113.9,125.6,-11.7,"IND",39.7639,-86.1555,-5,2024-02-25,24,39.7639,-86.1555,0,2207.18130963898,-5,0,0,1,0.855235065999547,0,61.8411688666516,2.45731707317073,-14.1573170731707,"2023-24"
22300843,"2024-02-28","IND","INDNOP","H","W",123,9,120.6,110.6,10.1,"IND",39.7639,-86.1555,-5,2024-02-26,48,39.7639,-86.1555,0,2207.18130963898,-5,0,0,0.5,0.855235065999547,0,45.1745021999849,2.45731707317073,7.64268292682927,"2023-24"
22300863,"2024-03-01","IND","NOP","A","L",102,-27,100.1,124.7,-24.6,"NOP",29.949,-90.0822,-6,2024-02-28,48,39.7639,-86.1555,714.341634945661,2276.4214499001,-5,1,-1,0.5,0.858664327887773,0.285714285714286,54.812620453402,2.45731707317073,-27.0573170731707,"2023-24"
22300877,"2024-03-03","IND","SAS","A","L",105,-12,104.7,117.8,-13,"SAS",29.427,-98.4375,-6,2024-03-01,48,29.949,-90.0822,503.264197230828,2245.84028091636,-6,0,0,0.5,0.85716277026567,0,45.2387590088557,2.45731707317073,-15.4573170731707,"2023-24"
22300892,"2024-03-05","IND","DAL","A","W",137,17,132.3,117.4,14.9,"DAL",32.7905,-96.8103,-6,2024-03-03,48,29.427,-98.4375,251.813489153389,1910.17169115512,-6,0,0,0.5,0.83919061723739,0,44.6396872412463,2.45731707317073,12.4426829268293,"2023-24"
22300903,"2024-03-07","IND","INDMIN","H","L",111,-2,110.9,108.3,2.6,"IND",39.7639,-86.1555,-5,2024-03-05,48,32.7905,-96.8103,764.314777780896,2233.73409911077,-6,1,1,0.5,0.856562693700685,0.428571428571429,59.5044707424038,2.45731707317073,0.142682926829268,"2023-24"
22300928,"2024-03-10","IND","ORL","A","W",111,14,110.4,96.3,14.2,"ORL",28.5392,-81.3839,-5,2024-03-07,72,39.7639,-86.1555,822.711579822832,3056.44567893361,-5,0,0,0,0.891378607393625,0,29.7126202464542,2.45731707317073,11.7426829268293,"2023-24"
22300941,"2024-03-12","IND","OKC","A","W",121,10,118.2,105.1,13.1,"OKC",35.4634,-97.5151,-6,2024-03-10,48,28.5392,-81.3839,1058.64956266465,4115.09524159826,-5,1,-1,0.5,0.924402681973758,0.285714285714286,57.0038989229348,2.45731707317073,10.6426829268293,"2023-24"
22300948,"2024-03-13","IND","INDCHI","H","L",129,-3,115.9,118.8,-3,"IND",39.7639,-86.1555,-5,2024-03-12,24,35.4634,-97.5151,689.150040883709,4804.24528248196,-6,1,1,1,0.941596755237043,0.428571428571429,79.0056061269491,2.45731707317073,-5.45731707317073,"2023-24"
22300968,"2024-03-16","IND","INDBKN","H","W",121,21,112,100.4,11.6,"IND",39.7639,-86.1555,-5,2024-03-13,72,39.7639,-86.1555,0,4089.9036475363,-5,0,0,0,0.923720811844149,0,30.7906937281383,2.45731707317073,9.14268292682927,"2023-24"
22300983,"2024-03-18","IND","INDCLE","H","L",103,-5,108.4,111,-2.6,"IND",39.7639,-86.1555,-5,2024-03-16,48,39.7639,-86.1555,0,3586.63945030548,-5,0,0,0.5,0.909140417712733,0,46.9713472570911,2.45731707317073,-5.05731707317073,"2023-24"
22300997,"2024-03-20","IND","DET","A","W",122,19,117.4,97,20.4,"DET",42.341,-83.0552,-5,2024-03-18,48,39.7639,-86.1555,240.65033250501,3575.4762936571,-5,0,0,0.5,0.908794276107047,0,46.9598092035682,2.45731707317073,17.9426829268293,"2023-24"
22301016,"2024-03-22","IND","GSW","A","W",123,12,117.1,107.7,9.4,"GSW",37.768,-122.3877,-8,2024-03-20,48,42.341,-83.0552,2087.48233919475,4898.64385507095,-5,3,-1,0.5,0.943757570172253,0.857142857142857,76.6966809105037,2.45731707317073,6.94268292682927,"2023-24"
22301032,"2024-03-24","IND","LAL","A","L",145,-5,126,136.5,-10.4,"LAL",34.043,-118.2673,-8,2024-03-22,48,37.768,-122.3877,345.872056985533,4421.80433223365,-8,0,0,0.5,0.932385213574292,0,47.7461737858097,2.45731707317073,-12.8573170731707,"2023-24"
22301043,"2024-03-25","IND","LAC","A","W",133,17,137.6,123.8,13.7,"LAC",34.043,-118.2673,-8,2024-03-24,24,34.043,-118.2673,0,3363.154769569,-8,0,0,1,0.901996613289669,0,63.3998871096556,2.45731707317073,11.2426829268293,"2023-24"
22301054,"2024-03-27","IND","CHI","A","L",99,-26,103,123.9,-20.9,"CHI",41.8807,-87.6742,-6,2024-03-25,48,34.043,-118.2673,1743.51774675865,4417.52247544394,-8,2,1,0.5,0.932277630548443,0.714285714285714,71.5521114944719,2.45731707317073,-23.3573170731707,"2023-24"
22301063,"2024-03-29","IND","INDLAL","H","W",109,19,109.9,90.1,19.9,"IND",39.7639,-86.1555,-5,2024-03-27,48,41.8807,-87.6742,166.601746714283,4584.12422215823,-6,1,1,0.5,0.93638855699195,0.428571428571429,62.1653328521126,2.45731707317073,17.4426829268293,"2023-24"
22301089,"2024-04-01","IND","INDBKN","H","W",133,22,124.9,108.5,16.4,"IND",39.7639,-86.1555,-5,2024-03-29,72,39.7639,-86.1555,0,4584.12422215823,-5,0,0,0,0.93638855699195,0,31.2129518997317,2.45731707317073,13.9426829268293,"2023-24"
22301106,"2024-04-03","IND","BKN","A","L",111,-4,113.5,118.7,-5.3,"BKN",40.6826,-73.9754,-5,2024-04-01,48,39.7639,-86.1555,645.889562345768,4989.36345199898,-5,0,0,0.5,0.945795295801386,0,48.1931765267129,2.45731707317073,-7.75731707317073,"2023-24"
22301116,"2024-04-05","IND","INDOKC","H","W",126,14,122,109.2,12.8,"IND",39.7639,-86.1555,-5,2024-04-03,48,40.6826,-73.9754,645.889562345768,3547.77067515,-5,0,0,0.5,0.907930504063544,0,46.9310168021181,2.45731707317073,10.3426829268293,"2023-24"
22301133,"2024-04-07","IND","INDMIA","H","W",117,2,119.1,118.5,0.6,"IND",39.7639,-86.1555,-5,2024-04-05,48,39.7639,-86.1555,0,3201.89861816447,-5,0,0,0.5,0.896540767561287,0,46.5513589187096,2.45731707317073,-1.85731707317073,"2023-24"
22301146,"2024-04-09","IND","TOR","A","W",140,17,129.5,114.4,15.1,"TOR",43.6435,-79.379,-5,2024-04-07,48,39.7639,-86.1555,440.75236982524,3642.65098798971,-5,0,0,0.5,0.910861094909475,0,47.0287031636491,2.45731707317073,12.6426829268293,"2023-24"
22301174,"2024-04-12","IND","CLE","A","L",120,-9,113.6,122.7,-9.2,"CLE",41.4965,-81.6882,-5,2024-04-09,72,43.6435,-79.379,189.436357987111,2088.56959921817,-5,0,0,0,0.84910273404735,0,28.303424468245,2.45731707317073,-11.6573170731707,"2023-24"
22301188,"2024-04-14","IND","INDATL","H","W",157,42,144.8,105.6,39.2,"IND",39.7639,-86.1555,-5,2024-04-12,48,41.4965,-81.6882,263.314647279715,2185.2824997836,-5,0,0,0.5,0.854128066963788,0,45.1376022321263,2.45731707317073,36.7426829268293,"2023-24"
22300074,"2023-10-25","LAC","LACPOR","H","W",123,12,121.7,107.3,14.5,"LAC",34.043,-118.2673,-8,NA,NA,NA,NA,0,NA,NA,0,0,0,0,0,0,3.81219512195122,10.6878048780488,"2023-24"
22300085,"2023-10-27","LAC","UTA","A","L",118,-2,118.8,116.9,1.9,"UTA",40.7683,-111.9011,-7,2023-10-25,48,34.043,-118.2673,581.662923597926,NA,-8,1,1,0.5,0,0.428571428571429,30.952380952381,3.81219512195122,-1.91219512195122,"2023-24"
22300099,"2023-10-29","LAC","LACSAS","H","W",123,40,114.7,78.3,36.4,"LAC",34.043,-118.2673,-8,2023-10-27,48,40.7683,-111.9011,581.662923597926,NA,-7,1,-1,0.5,0,0.285714285714286,26.1904761904762,3.81219512195122,32.5878048780488,"2023-24"
22300114,"2023-10-31","LAC","LACORL","H","W",118,16,111.2,97.6,13.6,"LAC",34.043,-118.2673,-8,2023-10-29,48,34.043,-118.2673,0,NA,-8,0,0,0.5,0,0,16.6666666666667,3.81219512195122,9.78780487804878,"2023-24"
22300127,"2023-11-01","LAC","LAL","A","L",125,-5,111.7,117.3,-5.6,"LAL",34.043,-118.2673,-8,2023-10-31,24,34.043,-118.2673,0,NA,-8,0,0,1,0,0,33.3333333333333,3.81219512195122,-9.41219512195122,"2023-24"
22300151,"2023-11-06","LAC","NYK","A","L",97,-14,102.1,113.4,-11.3,"NYK",40.7505,-73.9934,-5,2023-11-01,120,34.043,-118.2673,2450.29201506298,NA,-8,3,1,0,0,1,33.3333333333333,3.81219512195122,-15.1121951219512,"2023-24"
22300160,"2023-11-08","LAC","BKN","A","L",93,-7,91.4,102.3,-10.9,"BKN",40.6826,-73.9754,-5,2023-11-06,48,40.7505,-73.9934,4.79057381509804,3618.40843607393,-5,0,0,0.5,0.910119632092503,0,47.0039877364168,3.81219512195122,-14.7121951219512,"2023-24"
22300014,"2023-11-10","LAC","DAL","A","L",126,-18,127.5,139.2,-11.7,"DAL",32.7905,-96.8103,-6,2023-11-08,48,40.6826,-73.9754,1373.26391329348,4991.6723493674,-5,1,-1,0.5,0.945846673072723,0.285714285714286,57.7186986262336,3.81219512195122,-15.5121951219512,"2023-24"
22300179,"2023-11-12","LAC","LACMEM","H","L",101,-4,97.9,101.4,-3.4,"LAC",34.043,-118.2673,-8,2023-11-10,48,32.7905,-96.8103,1239.60029235243,5649.60971812191,-6,2,-1,0.5,0.959596338342317,0.571428571428571,67.7008303256963,3.81219512195122,-7.21219512195122,"2023-24"
22300024,"2023-11-14","LAC","DEN","A","L",108,-3,115.4,116.7,-1.3,"DEN",39.7487,-105.0077,-7,2023-11-12,48,34.043,-118.2673,831.691248536452,5899.63804306043,-8,1,1,0.5,0.964405364919315,0.428571428571429,63.0992264496914,3.81219512195122,-5.11219512195122,"2023-24"
22300037,"2023-11-17","LAC","LACHOU","H","W",106,6,103.7,98.2,5.5,"LAC",34.043,-118.2673,-8,2023-11-14,72,39.7487,-105.0077,831.691248536452,6731.32929159689,-7,1,-1,0,0.979051209241563,0.285714285714286,42.1588498318616,3.81219512195122,1.68780487804878,"2023-24"
22300223,"2023-11-20","LAC","SAS","A","W",124,25,120.4,99.8,20.5,"SAS",29.427,-98.4375,-6,2023-11-17,72,34.043,-118.2673,1207.25448627837,7938.58377787525,-8,2,1,0,0.997371152977602,0.714285714285714,57.0552289087772,3.81219512195122,16.6878048780488,"2023-24"
22300235,"2023-11-22","LAC","SAS","A","W",109,7,106.1,97,9,"SAS",29.427,-98.4375,-6,2023-11-20,48,29.427,-98.4375,0,5488.29176281228,-6,0,0,0.5,0.956379266599601,0,48.54597555332,3.81219512195122,5.18780487804878,"2023-24"
22300052,"2023-11-24","LAC","LACNOP","H","L",106,-10,103.4,112.8,-9.3,"LAC",34.043,-118.2673,-8,2023-11-22,48,29.427,-98.4375,1207.25448627837,6690.75567527554,-6,2,-1,0.5,0.978379796814471,0.571428571428571,68.3269456081014,3.81219512195122,-13.1121951219512,"2023-24"
22300244,"2023-11-25","LAC","LACDAL","H","W",107,19,109.6,91.5,18.1,"LAC",34.043,-118.2673,-8,2023-11-24,24,34.043,-118.2673,0,5317.49176198207,-8,0,0,1,0.952868383114362,0,65.0956127704787,3.81219512195122,14.2878048780488,"2023-24"
22300257,"2023-11-27","LAC","LACDEN","H","L",104,-9,107.3,116.1,-8.9,"LAC",34.043,-118.2673,-8,2023-11-25,48,34.043,-118.2673,0,4077.89146962964,-8,0,0,0.5,0.923394193983094,0,47.4464731327698,3.81219512195122,-12.7121951219512,"2023-24"
22300264,"2023-11-29","LAC","SAC","A","W",131,14,128.8,117.8,11,"SAC",38.5805,-121.4993,-8,2023-11-27,48,34.043,-118.2673,361.822076167738,3608.02229726092,-8,0,0,0.5,0.909800449333089,0,46.993348311103,3.81219512195122,7.18780487804878,"2023-24"
22300273,"2023-11-30","LAC","GSW","A","L",114,-6,118.1,126.8,-8.7,"GSW",37.768,-122.3877,-8,2023-11-29,24,38.5805,-121.4993,74.1095928928695,2850.44064161734,-8,0,0,1,0.883630827355102,0,62.7876942451701,3.81219512195122,-12.5121951219512,"2023-24"
22300280,"2023-12-02","LAC","LACGSW","H","W",113,1,110.6,106.1,4.5,"LAC",34.043,-118.2673,-8,2023-11-30,48,37.768,-122.3877,345.872056985533,1989.05821232451,-8,0,0,0.5,0.843683131762418,0,44.7894377254139,3.81219512195122,0.687804878048781,"2023-24"
22301215,"2023-12-06","LAC","LACDEN","H","W",111,9,115.6,103.1,12.6,"LAC",34.043,-118.2673,-8,2023-12-02,96,34.043,-118.2673,0,1989.05821232451,-8,0,0,0,0.843683131762418,0,28.1227710587473,3.81219512195122,8.78780487804878,"2023-24"
22301225,"2023-12-08","LAC","UTA","A","W",117,14,116.7,100.4,16.3,"UTA",40.7683,-111.9011,-7,2023-12-06,48,34.043,-118.2673,581.662923597926,1363.46664964407,-8,1,1,0.5,0.801765065532959,0.428571428571429,57.6778831368129,3.81219512195122,12.4878048780488,"2023-24"
22300304,"2023-12-11","LAC","LACPOR","H","W",132,5,133.8,124,9.8,"LAC",34.043,-118.2673,-8,2023-12-08,72,40.7683,-111.9011,581.662923597926,1945.12957324199,-7,1,-1,0,0.841203889319239,0.285714285714286,37.5639391677842,3.81219512195122,5.98780487804878,"2023-24"
22300309,"2023-12-12","LAC","LACSAC","H","W",119,20,114.2,95.6,18.6,"LAC",34.043,-118.2673,-8,2023-12-11,24,34.043,-118.2673,0,1945.12957324199,-8,0,0,1,0.841203889319239,0,61.373462977308,3.81219512195122,14.7878048780488,"2023-24"
22300325,"2023-12-14","LAC","LACGSW","H","W",121,8,123.2,116.1,7.2,"LAC",34.043,-118.2673,-8,2023-12-12,48,34.043,-118.2673,0,1583.30749707426,-8,0,0,0.5,0.818357208534781,0,43.9452402844927,3.81219512195122,3.38780487804878,"2023-24"
22300343,"2023-12-16","LAC","LACNYK","H","W",144,22,138.5,117.9,20.6,"LAC",34.043,-118.2673,-8,2023-12-14,48,34.043,-118.2673,0,1509.19790418139,-8,0,0,0.5,0.813036184027427,0,43.7678728009142,3.81219512195122,16.7878048780488,"2023-24"
22300350,"2023-12-18","LAC","IND","A","W",151,24,143.6,121.8,21.8,"IND",39.7639,-86.1555,-5,2023-12-16,48,34.043,-118.2673,1809.43977220923,2972.76561940508,-8,3,1,0.5,0.888296311458554,1,79.6098770486185,3.81219512195122,17.9878048780488,"2023-24"
22300372,"2023-12-20","LAC","DAL","A","W",120,9,126.3,113.4,12.9,"DAL",32.7905,-96.8103,-6,2023-12-18,48,39.7639,-86.1555,764.314777780896,3737.08039718598,-5,1,-1,0.5,0.913702948852009,0.285714285714286,56.6472411522098,3.81219512195122,9.08780487804878,"2023-24"
22300379,"2023-12-21","LAC","OKC","A","L",115,-19,112.4,132.8,-20.3,"OKC",35.4634,-97.5151,-6,2023-12-20,24,32.7905,-96.8103,189.238198321435,3344.65567190949,-6,0,0,1,0.901384163596364,0,63.3794721198788,3.81219512195122,-24.1121951219512,"2023-24"
22300389,"2023-12-23","LAC","LACBOS","H","L",108,-37,110.7,143.1,-32.5,"LAC",34.043,-118.2673,-8,2023-12-21,48,35.4634,-97.5151,1181.2925067479,3944.28525505946,-6,2,-1,0.5,0.919695100212926,0.571428571428571,66.3707890547166,3.81219512195122,-36.3121951219512,"2023-24"
22300414,"2023-12-26","LAC","LACCHA","H","W",113,9,115.3,100.9,14.4,"LAC",34.043,-118.2673,-8,2023-12-23,72,34.043,-118.2673,0,3944.28525505946,-8,0,0,0,0.919695100212926,0,30.6565033404309,3.81219512195122,10.5878048780488,"2023-24"
22300438,"2023-12-29","LAC","LACMEM","H","W",117,11,111.4,101.1,10.3,"LAC",34.043,-118.2673,-8,2023-12-26,72,34.043,-118.2673,0,3944.28525505946,-8,0,0,0,0.919695100212926,0,30.6565033404309,3.81219512195122,6.48780487804878,"2023-24"
22300458,"2024-01-01","LAC","LACMIA","H","W",121,17,124.5,106.4,18.2,"LAC",34.043,-118.2673,-8,2023-12-29,72,34.043,-118.2673,0,3944.28525505946,-8,0,0,0,0.919695100212926,0,30.6565033404309,3.81219512195122,14.3878048780488,"2023-24"
22300473,"2024-01-03","LAC","PHX","A","W",131,9,139.2,125.2,14,"PHX",33.4457,-112.0712,-7,2024-01-01,48,34.043,-118.2673,358.712741358694,2493.55822420893,-8,1,1,0.5,0.868779279854321,0.428571428571429,59.9116902808583,3.81219512195122,10.1878048780488,"2023-24"
22300486,"2024-01-05","LAC","NOP","A","W",111,16,115.9,97.8,18,"NOP",29.949,-90.0822,-6,2024-01-03,48,33.4457,-112.0712,1313.92595627272,3043.16940270075,-7,1,1,0.5,0.89089525799162,0.428571428571429,60.6488895521016,3.81219512195122,14.1878048780488,"2023-24"
22300505,"2024-01-07","LAC","LAL","A","L",103,-3,100.6,106,-5.3,"LAL",34.043,-118.2673,-8,2024-01-05,48,29.949,-90.0822,1672.04450838209,4525.9757127614,-6,2,-1,0.5,0.93497095265017,0.571428571428571,66.8799841359581,3.81219512195122,-9.11219512195122,"2023-24"
22300511,"2024-01-08","LAC","LACPHX","H","W",138,27,140.6,112.4,28.3,"LAC",34.043,-118.2673,-8,2024-01-07,24,34.043,-118.2673,0,3344.6832060135,-8,0,0,1,0.90138507768214,0,63.3795025894047,3.81219512195122,24.4878048780488,"2023-24"
22300526,"2024-01-10","LAC","LACTOR","H","W",126,6,133,120.1,12.9,"LAC",34.043,-118.2673,-8,2024-01-08,48,34.043,-118.2673,0,3344.6832060135,-8,0,0,0.5,0.90138507768214,0,46.712835922738,3.81219512195122,9.08780487804878,"2023-24"
22300537,"2024-01-12","LAC","MEM","A","W",128,9,129.6,120.3,9.2,"MEM",35.1382,-90.0505,-6,2024-01-10,48,34.043,-118.2673,1603.18014173441,4947.86334774791,-8,2,1,0.5,0.944867765432789,0.714285714285714,71.9717826572835,3.81219512195122,5.38780487804878,"2023-24"
22300553,"2024-01-14","LAC","MIN","A","L",105,-4,110.6,116.4,-5.8,"MIN",44.9795,-93.276,-6,2024-01-12,48,35.1382,-90.0505,701.661510171567,5649.52485791948,-6,0,0,0.5,0.959594670284714,0,48.6531556761571,3.81219512195122,-9.61219512195122,"2023-24"
22300568,"2024-01-16","LAC","LACOKC","H","W",128,11,134.6,123.4,11.1,"LAC",34.043,-118.2673,-8,2024-01-14,48,44.9795,-93.276,1524.12871872787,6814.94083528865,-6,2,-1,0.5,0.980422144466536,0.571428571428571,68.3950238631703,3.81219512195122,7.28780487804878,"2023-24"
22300600,"2024-01-21","LAC","LACBKN","H","W",125,11,124.4,109.6,14.8,"LAC",34.043,-118.2673,-8,2024-01-16,120,34.043,-118.2673,0,5501.01487901593,-8,0,0,0,0.95663640882054,0,31.887880294018,3.81219512195122,10.9878048780488,"2023-24"
22300618,"2024-01-23","LAC","LACLAL","H","W",127,11,124.2,111.9,12.3,"LAC",34.043,-118.2673,-8,2024-01-21,48,34.043,-118.2673,0,3828.97037063384,-8,0,0,0.5,0.916400281192975,0,47.2133427064325,3.81219512195122,8.48780487804878,"2023-24"
22300637,"2024-01-26","LAC","TOR","A","W",127,20,121.5,105.2,16.2,"TOR",43.6435,-79.379,-5,2024-01-23,72,34.043,-118.2673,2175.3933105197,6004.36368115354,-8,3,1,0,0.966359377259423,1,65.5453125753141,3.81219512195122,12.3878048780488,"2023-24"
22300646,"2024-01-27","LAC","BOS","A","W",115,19,111.7,96,15.8,"BOS",42.3662,-71.0621,-5,2024-01-26,24,43.6435,-79.379,429.683533438057,6434.0472145916,-5,0,0,1,0.974035038544064,0,65.8011679514688,3.81219512195122,11.9878048780488,"2023-24"
22300658,"2024-01-29","LAC","CLE","A","L",108,-10,108.7,118.7,-9.9,"CLE",41.4965,-81.6882,-5,2024-01-27,48,42.3662,-71.0621,549.745779182527,5380.61285203971,-5,0,0,0.5,0.954178833344405,0,48.4726277781468,3.81219512195122,-13.7121951219512,"2023-24"
22300676,"2024-01-31","LAC","WAS","A","W",125,16,125.4,104.2,21.2,"WAS",38.8981,-77.021,-5,2024-01-29,48,41.4965,-81.6882,305.063582319754,4984.0149241879,-5,0,0,0.5,0.945676189716515,0,48.1892063238838,3.81219512195122,17.3878048780488,"2023-24"
22300688,"2024-02-02","LAC","DET","A","W",136,11,134.2,120.7,13.5,"DET",42.341,-83.0552,-5,2024-01-31,48,38.8981,-77.021,396.173694071107,3856.05989953114,-5,0,0,0.5,0.917183122414945,0,47.2394374138315,3.81219512195122,9.68780487804878,"2023-24"
22300708,"2024-02-04","LAC","MIA","A","W",103,8,108.8,100.8,8,"MIA",25.7814,-80.187,-5,2024-02-02,48,42.341,-83.0552,1156.97987048181,5013.03977001295,-5,0,0,0.5,0.94632101376281,0,48.2107004587603,3.81219512195122,4.18780487804878,"2023-24"
22300716,"2024-02-05","LAC","ATL","A","W",149,5,145.2,137.3,7.9,"ATL",33.7573,-84.3963,-5,2024-02-04,24,25.7814,-80.187,606.660771618492,5619.70054163144,-5,0,0,1,0.959006870527545,0,65.3002290175848,3.81219512195122,4.08780487804878,"2023-24"
22300731,"2024-02-07","LAC","LACNOP","H","L",106,-11,105.5,114.7,-9.1,"LAC",34.043,-118.2673,-8,2024-02-05,48,33.7573,-84.3963,1935.70556662947,5380.01279774121,-5,3,-1,0.5,0.954166448192317,0.857142857142857,77.0436435111725,3.81219512195122,-12.9121951219512,"2023-24"
22300749,"2024-02-10","LAC","LACDET","H","W",112,6,107.2,100.9,6.4,"LAC",34.043,-118.2673,-8,2024-02-07,72,34.043,-118.2673,0,4950.32926430315,-8,0,0,0,0.944923095827501,0,31.4974365275834,3.81219512195122,2.58780487804878,"2023-24"
22300770,"2024-02-12","LAC","LACMIN","H","L",100,-21,101.6,123,-21.4,"LAC",34.043,-118.2673,-8,2024-02-10,48,34.043,-118.2673,0,4400.58348512062,-8,0,0,0.5,0.931851008517928,0,47.7283669505976,3.81219512195122,-25.2121951219512,"2023-24"
22300789,"2024-02-14","LAC","GSW","A","W",130,5,124.7,116.9,7.8,"GSW",37.768,-122.3877,-8,2024-02-12,48,34.043,-118.2673,345.872056985533,4441.3919597864,-8,0,0,0.5,0.932876034663959,0,47.7625344887986,3.81219512195122,3.98780487804878,"2023-24"
22300799,"2024-02-22","LAC","OKC","A","L",107,-22,105.2,123.5,-18.3,"OKC",35.4634,-97.5151,-6,2024-02-14,192,37.768,-122.3877,1385.98244506989,5431.20071078519,-8,2,1,0,0.955218034484876,0.714285714285714,55.6501249590197,3.81219512195122,-22.1121951219512,"2023-24"
22300807,"2024-02-23","LAC","MEM","A","W",101,6,102.6,97.9,4.7,"MEM",35.1382,-90.0505,-6,2024-02-22,24,35.4634,-97.5151,421.893724616216,4696.1145649196,-6,0,0,1,0.939068823246114,0,64.6356274415371,3.81219512195122,0.887804878048781,"2023-24"
22300827,"2024-02-25","LAC","LACSAC","H","L",107,-16,110.5,127.2,-16.7,"LAC",34.043,-118.2673,-8,2024-02-23,48,35.1382,-90.0505,1603.18014173441,5692.63393503551,-6,2,-1,0.5,0.96043883568179,0.571428571428571,67.7289135703454,3.81219512195122,-20.5121951219512,"2023-24"
22300848,"2024-02-28","LAC","LACLAL","H","L",112,-4,110.8,116.7,-5.9,"LAC",34.043,-118.2673,-8,2024-02-25,72,34.043,-118.2673,0,3756.92836840605,-8,0,0,0,0.914291136740827,0,30.4763712246942,3.81219512195122,-9.71219512195122,"2023-24"
22300865,"2024-03-01","LAC","LACWAS","H","W",140,25,133.3,108.9,24.4,"LAC",34.043,-118.2673,-8,2024-02-28,48,34.043,-118.2673,0,3756.92836840605,-8,0,0,0.5,0.914291136740827,0,47.1430378913609,3.81219512195122,20.5878048780488,"2023-24"
22300873,"2024-03-03","LAC","MIN","A","W",89,1,94.2,96.8,-2.6,"MIN",44.9795,-93.276,-6,2024-03-01,48,34.043,-118.2673,1524.12871872787,5281.05708713392,-8,2,1,0.5,0.952104868623986,0.714285714285714,72.2130194303233,3.81219512195122,-6.41219512195122,"2023-24"
22300880,"2024-03-04","LAC","MIL","A","L",106,-7,101.9,118.5,-16.6,"MIL",43.045,-87.917,-6,2024-03-03,24,44.9795,-93.276,298.207114718261,5233.39214486664,-6,0,0,1,0.951098025188788,0,65.0366008396263,3.81219512195122,-20.4121951219512,"2023-24"
22300897,"2024-03-06","LAC","HOU","A","W",122,6,132,120.2,11.7,"HOU",29.7508,-95.3621,-6,2024-03-04,48,43.045,-87.917,1007.63011583222,4855.03981562897,-6,0,0,0.5,0.942764680637528,0,48.0921560212509,3.81219512195122,7.88780487804878,"2023-24"
22300917,"2024-03-09","LAC","LACCHI","H","W",112,10,113.2,108.1,5.1,"LAC",34.043,-118.2673,-8,2024-03-06,72,29.7508,-95.3621,1374.37264852458,5807.51873953734,-6,2,-1,0,0.962657680509597,0.571428571428571,51.136208397939,3.81219512195122,1.28780487804878,"2023-24"
22300924,"2024-03-10","LAC","LACMIL","H","L",117,-7,115.4,125.4,-10,"LAC",34.043,-118.2673,-8,2024-03-09,24,34.043,-118.2673,0,4204.33859780293,-8,0,0,1,0.926785129851395,0,64.2261709950465,3.81219512195122,-13.8121951219512,"2023-24"
22300944,"2024-03-12","LAC","LACMIN","H","L",100,-18,107.5,128,-20.5,"LAC",34.043,-118.2673,-8,2024-03-10,48,34.043,-118.2673,0,4204.33859780293,-8,0,0,0.5,0.926785129851395,0,47.5595043283798,3.81219512195122,-24.3121951219512,"2023-24"
22300956,"2024-03-14","LAC","CHI","A","W",126,15,139.8,116.8,23,"CHI",41.8807,-87.6742,-6,2024-03-12,48,34.043,-118.2673,1743.51774675865,5947.85634456158,-8,2,1,0.5,0.965309313053843,0.714285714285714,72.6531675779852,3.81219512195122,19.1878048780488,"2023-24"
22300964,"2024-03-15","LAC","NOP","A","L",104,-8,109.1,116.9,-7.8,"NOP",29.949,-90.0822,-6,2024-03-14,24,41.8807,-87.6742,836.176134695504,5259.90376052922,-6,0,0,1,0.951659165486715,0,65.0553055162238,3.81219512195122,-11.6121951219512,"2023-24"
22300982,"2024-03-17","LAC","LACATL","H","L",93,-17,100.3,115.4,-15.2,"LAC",34.043,-118.2673,-8,2024-03-15,48,29.949,-90.0822,1672.04450838209,6633.74115419304,-6,2,-1,0.5,0.977429408348105,0.571428571428571,68.2952659925559,3.81219512195122,-19.0121951219512,"2023-24"
22301003,"2024-03-20","LAC","POR","A","W",116,13,120.1,106.6,13.5,"POR",45.5316,-122.6668,-8,2024-03-17,72,34.043,-118.2673,828.020463382259,6454.13150174308,-8,0,0,0,0.974381158677023,0,32.4793719559008,3.81219512195122,9.68780487804878,"2023-24"
22301017,"2024-03-22","LAC","POR","A","W",125,8,126.4,118.2,8.2,"POR",45.5316,-122.6668,-8,2024-03-20,48,45.5316,-122.6668,0,5079.7588532185,-8,0,0,0.5,0.947789222354171,0,48.259640745139,3.81219512195122,4.38780487804878,"2023-24"
22301028,"2024-03-24","LAC","LACPHI","H","L",107,-14,112.7,134.5,-21.8,"LAC",34.043,-118.2673,-8,2024-03-22,48,45.5316,-122.6668,828.020463382259,5907.77931660076,-8,0,0,0.5,0.964558506445704,0,48.8186168815235,3.81219512195122,-25.6121951219512,"2023-24"
22301043,"2024-03-25","LAC","LACIND","H","L",116,-17,123.8,137.6,-13.7,"LAC",34.043,-118.2673,-8,2024-03-24,24,34.043,-118.2673,0,5907.77931660076,-8,0,0,1,0.964558506445704,0,65.4852835481901,3.81219512195122,-17.5121951219512,"2023-24"
22301052,"2024-03-27","LAC","PHI","A","W",108,1,112.7,115.9,-3.1,"PHI",39.9012,-75.172,-5,2024-03-25,48,34.043,-118.2673,2392.28279510007,6556.54436494218,-8,3,1,0.5,0.976129498662329,1,82.537649955411,3.81219512195122,-6.91219512195122,"2023-24"
22301064,"2024-03-29","LAC","ORL","A","W",100,3,105,100.4,4.5,"ORL",28.5392,-81.3839,-5,2024-03-27,48,39.9012,-75.172,861.902919591315,6582.27114983799,-5,0,0,0.5,0.976564402038479,0,49.2188134012826,3.81219512195122,0.687804878048781,"2023-24"
22301079,"2024-03-31","LAC","CHA","A","W",130,12,139.8,121.9,18,"CHA",35.2251,-80.8392,-5,2024-03-29,48,28.5392,-81.3839,463.572297528528,5373.79893898443,-5,0,0,0.5,0.954038112558206,0,48.4679370852735,3.81219512195122,14.1878048780488,"2023-24"
22301101,"2024-04-02","LAC","SAC","A","L",95,-14,100.1,117.2,-17.1,"SAC",38.5805,-121.4993,-8,2024-03-31,48,35.2251,-80.8392,2242.65810535983,6788.43658096201,-5,3,-1,0.5,0.979989396961133,0.857142857142857,77.904408470133,3.81219512195122,-20.9121951219512,"2023-24"
22301114,"2024-04-04","LAC","LACDEN","H","W",102,2,98,98,0,"LAC",34.043,-118.2673,-8,2024-04-02,48,38.5805,-121.4993,361.822076167738,7150.25865712974,-8,0,0,0.5,0.985756227660887,0,49.5252075886962,3.81219512195122,-3.81219512195122,"2023-24"
22301126,"2024-04-05","LAC","LACUTA","H","W",131,29,123.7,97.4,26.3,"LAC",34.043,-118.2673,-8,2024-04-04,24,34.043,-118.2673,0,6322.23819374749,-8,0,0,1,0.972088223576447,0,65.7362741192149,3.81219512195122,22.4878048780488,"2023-24"
22301132,"2024-04-07","LAC","LACCLE","H","W",120,2,120.5,113.6,6.9,"LAC",34.043,-118.2673,-8,2024-04-05,48,34.043,-118.2673,0,6322.23819374749,-8,0,0,0.5,0.972088223576447,0,49.0696074525482,3.81219512195122,3.08780487804878,"2023-24"
22301156,"2024-04-09","LAC","PHX","A","W",105,13,102.1,90.8,11.3,"PHX",33.4457,-112.0712,-7,2024-04-07,48,34.043,-118.2673,358.712741358694,4288.66814000611,-8,1,1,0.5,0.928990387355209,0.428571428571429,61.9187271975546,3.81219512195122,7.48780487804878,"2023-24"
22301165,"2024-04-10","LAC","LACPHX","H","L",108,-16,104.4,117.4,-13,"LAC",34.043,-118.2673,-8,2024-04-09,24,33.4457,-112.0712,358.712741358694,3785.47796177349,-7,1,-1,1,0.91513176881489,0.285714285714286,73.3615351509725,3.81219512195122,-16.8121951219512,"2023-24"
22301184,"2024-04-12","LAC","LACUTA","H","L",109,-1,112,106.8,5.2,"LAC",34.043,-118.2673,-8,2024-04-10,48,34.043,-118.2673,0,3321.90566424496,-8,0,0,0.5,0.900626319085711,0,46.6875439695237,3.81219512195122,1.38780487804878,"2023-24"
22301199,"2024-04-14","LAC","LACHOU","H","L",105,-11,97.7,105.3,-7.6,"LAC",34.043,-118.2673,-8,2024-04-12,48,34.043,-118.2673,0,1079.24755888513,-8,0,0,0.5,0.775821934864103,0,42.5273978288034,3.81219512195122,-11.4121951219512,"2023-24"
22300061,"2023-10-24","LAL","DEN","A","L",107,-12,109.4,119.9,-10.5,"DEN",39.7487,-105.0077,-7,NA,NA,NA,NA,0,NA,NA,0,0,0,0,0,0,0.769512195121951,-11.269512195122,"2023-24"
22300076,"2023-10-26","LAL","LALPHX","H","W",100,5,95.5,90.4,5.1,"LAL",34.043,-118.2673,-8,2023-10-24,48,39.7487,-105.0077,831.691248536452,NA,-7,1,-1,0.5,0,0.285714285714286,26.1904761904762,0.769512195121951,4.33048780487805,"2023-24"
22300100,"2023-10-29","LAL","SAC","A","L",127,-5,108.6,111.3,-2.8,"SAC",38.5805,-121.4993,-8,2023-10-26,72,34.043,-118.2673,361.822076167738,NA,-8,0,0,0,0,0,0,0.769512195121951,-3.56951219512195,"2023-24"
22300111,"2023-10-30","LAL","LALORL","H","W",106,3,106.1,101.1,5,"LAL",34.043,-118.2673,-8,2023-10-29,24,38.5805,-121.4993,361.822076167738,NA,-8,0,0,1,0,0,33.3333333333333,0.769512195121951,4.23048780487805,"2023-24"
22300127,"2023-11-01","LAL","LALLAC","H","W",130,5,117.3,111.7,5.6,"LAL",34.043,-118.2673,-8,2023-10-30,48,34.043,-118.2673,0,NA,-8,0,0,0.5,0,0,16.6666666666667,0.769512195121951,4.83048780487805,"2023-24"
22300134,"2023-11-04","LAL","ORL","A","L",101,-19,100.8,112.8,-12.1,"ORL",28.5392,-81.3839,-5,2023-11-01,72,34.043,-118.2673,2201.08065337913,NA,-8,3,1,0,0,1,33.3333333333333,0.769512195121951,-12.869512195122,"2023-24"
22300150,"2023-11-06","LAL","MIA","A","L",107,-1,107.9,105.8,2.1,"MIA",25.7814,-80.187,-5,2023-11-04,48,28.5392,-81.3839,204.482996041861,3960.89905029292,-5,0,0,0.5,0.920161841971222,0,47.3387280657074,0.769512195121951,1.33048780487805,"2023-24"
22300163,"2023-11-08","LAL","HOU","A","L",94,-34,94.4,127.5,-33.1,"HOU",29.7508,-95.3621,-6,2023-11-06,48,25.7814,-80.187,967.649903474838,4928.54895376776,-5,1,-1,0.5,0.944433431742493,0.285714285714286,57.6715905818926,0.769512195121951,-33.869512195122,"2023-24"
22300015,"2023-11-10","LAL","PHX","A","W",122,3,120.8,116.8,4,"PHX",33.4457,-112.0712,-7,2023-11-08,48,29.7508,-95.3621,1015.78052370702,5112.63822893833,-6,1,-1,0.5,0.948505683346436,0.285714285714286,57.807332302024,0.769512195121951,3.23048780487805,"2023-24"
22300187,"2023-11-12","LAL","LALPOR","H","W",116,6,113.4,104.8,8.6,"LAL",34.043,-118.2673,-8,2023-11-10,48,33.4457,-112.0712,358.712741358694,5109.52889412928,-7,1,-1,0.5,0.948438126621164,0.285714285714286,57.8050804111817,0.769512195121951,7.83048780487805,"2023-24"
22300026,"2023-11-14","LAL","LALMEM","H","W",134,27,133.3,99.7,33.5,"LAL",34.043,-118.2673,-8,2023-11-12,48,34.043,-118.2673,0,4747.70681796154,-8,0,0,0.5,0.940282150941493,0,48.0094050313831,0.769512195121951,32.7304878048781,"2023-24"
22300198,"2023-11-15","LAL","LALSAC","H","L",110,-15,102.5,115.2,-12.8,"LAL",34.043,-118.2673,-8,2023-11-14,24,34.043,-118.2673,0,4747.70681796154,-8,0,0,1,0.940282150941493,0,64.6760716980498,0.769512195121951,-13.569512195122,"2023-24"
22300036,"2023-11-17","LAL","POR","A","W",107,12,109.5,98,11.5,"POR",45.5316,-122.6668,-8,2023-11-15,48,34.043,-118.2673,828.020463382259,3374.64662796467,-8,0,0,0.5,0.90237538070867,0,46.7458460236223,0.769512195121951,10.730487804878,"2023-24"
22300216,"2023-11-19","LAL","LALHOU","H","W",105,1,101.2,103.6,-2.4,"LAL",34.043,-118.2673,-8,2023-11-17,48,45.5316,-122.6668,828.020463382259,3998.18409530507,-8,0,0,0.5,0.921202228486327,0,47.3734076162109,0.769512195121951,-3.16951219512195,"2023-24"
22300042,"2023-11-21","LAL","LALUTA","H","W",131,32,126.1,93.4,32.7,"LAL",34.043,-118.2673,-8,2023-11-19,48,34.043,-118.2673,0,3030.53419183023,-8,0,0,0.5,0.890433286081881,0,46.3477762027294,0.769512195121951,31.9304878048781,"2023-24"
22300238,"2023-11-22","LAL","LALDAL","H","L",101,-3,104.8,108.3,-3.5,"LAL",34.043,-118.2673,-8,2023-11-21,24,34.043,-118.2673,0,2014.75366812321,-8,0,0,1,0.845108085482071,0,61.5036028494023,0.769512195121951,-4.26951219512195,"2023-24"
22300242,"2023-11-25","LAL","CLE","A","W",121,6,111.8,106.4,5.4,"CLE",41.4965,-81.6882,-5,2023-11-22,72,34.043,-118.2673,2048.96005259996,3705.00097936447,-8,3,1,0,0.912745651006341,1,63.758188366878,0.769512195121951,4.63048780487805,"2023-24"
22300255,"2023-11-27","LAL","PHI","A","L",94,-44,94.3,143.1,-48.8,"PHI",39.9012,-75.172,-5,2023-11-25,48,41.4965,-81.6882,358.987541037916,4063.98852040239,-5,0,0,0.5,0.923014961944545,0,47.4338320648182,0.769512195121951,-49.5695121951219,"2023-24"
22300258,"2023-11-29","LAL","DET","A","W",133,26,122.3,99.9,22.5,"DET",42.341,-83.0552,-5,2023-11-27,48,39.9012,-75.172,443.869081020868,4507.85760142326,-5,0,0,0.5,0.93452552792318,0,47.8175175974393,0.769512195121951,21.730487804878,"2023-24"
22300271,"2023-11-30","LAL","OKC","A","L",110,-23,107.8,127.1,-19.3,"OKC",35.4634,-97.5151,-6,2023-11-29,24,42.341,-83.0552,910.366930695913,4590.20406873691,-5,1,-1,1,0.936535738337334,0.285714285714286,74.0750008017207,0.769512195121951,-20.069512195122,"2023-24"
22300291,"2023-12-02","LAL","LALHOU","H","W",107,10,103,94.2,8.8,"LAL",34.043,-118.2673,-8,2023-11-30,48,35.4634,-97.5151,1181.2925067479,4943.47611210255,-6,2,-1,0.5,0.944769256161501,0.571428571428571,67.2065942530024,0.769512195121951,8.03048780487805,"2023-24"
22301203,"2023-12-05","LAL","LALPHX","H","W",106,3,103.9,104.8,-0.9,"LAL",34.043,-118.2673,-8,2023-12-02,72,34.043,-118.2673,0,4943.47611210255,-8,0,0,0,0.944769256161501,0,31.4923085387167,0.769512195121951,-1.66951219512195,"2023-24"
22301230,"2023-12-07","LAL","LALNOP","H","W",133,44,129.4,85.7,43.7,"LAL",34.043,-118.2673,-8,2023-12-05,48,34.043,-118.2673,0,4943.47611210255,-8,0,0,0.5,0.944769256161501,0,48.1589752053834,0.769512195121951,42.9304878048781,"2023-24"
22300306,"2023-12-12","LAL","DAL","A","L",125,-2,120.3,132,-11.7,"DAL",32.7905,-96.8103,-6,2023-12-07,120,34.043,-118.2673,1239.60029235243,4134.11635185503,-8,2,1,0,0.924914773907591,0.714285714285714,54.6400162731102,0.769512195121951,-12.469512195122,"2023-24"
22300316,"2023-12-13","LAL","SAS","A","W",122,3,111.4,107.3,4.2,"SAS",29.427,-98.4375,-6,2023-12-12,24,32.7905,-96.8103,251.813489153389,4026.9422999705,-6,0,0,1,0.921998080929665,0,64.0666026976555,0.769512195121951,3.43048780487805,"2023-24"
22300331,"2023-12-15","LAL","SAS","A","L",115,-14,117,124.8,-7.8,"SAS",29.427,-98.4375,-6,2023-12-13,48,29.427,-98.4375,0,3583.07321894963,-6,0,0,0.5,0.909029955002224,0,46.9676651667408,0.769512195121951,-8.56951219512195,"2023-24"
22300359,"2023-12-18","LAL","LALNYK","H","L",109,-5,103.1,110.6,-7.4,"LAL",34.043,-118.2673,-8,2023-12-15,72,29.427,-98.4375,1207.25448627837,3879.96077453209,-6,2,-1,0,0.917869264918952,0.571428571428571,49.6432612115841,0.769512195121951,-8.16951219512195,"2023-24"
22300370,"2023-12-20","LAL","CHI","A","L",108,-16,101.3,121.8,-20.4,"CHI",41.8807,-87.6742,-6,2023-12-18,48,34.043,-118.2673,1743.51774675865,4442.18601454284,-8,2,1,0.5,0.932895886185416,0.714285714285714,71.5727200157043,0.769512195121951,-21.1695121951219,"2023-24"
22300380,"2023-12-21","LAL","MIN","A","L",111,-7,106.2,114.6,-8.4,"MIN",44.9795,-93.276,-6,2023-12-20,24,41.8807,-87.6742,353.590586589299,4795.77660113214,-6,0,0,1,0.941400833672448,0,64.7133611224149,0.769512195121951,-9.16951219512195,"2023-24"
22300397,"2023-12-23","LAL","OKC","A","W",129,9,127.6,118.4,9.2,"OKC",35.4634,-97.5151,-6,2023-12-21,48,44.9795,-93.276,695.004173203653,5490.78077433579,-6,0,0,0.5,0.956429617956827,0,48.5476539318942,0.769512195121951,8.43048780487805,"2023-24"
22300403,"2023-12-25","LAL","LALBOS","H","L",115,-11,117.1,125.6,-8.5,"LAL",34.043,-118.2673,-8,2023-12-23,48,35.4634,-97.5151,1181.2925067479,5432.47298873126,-6,2,-1,0.5,0.95524404532438,0.571428571428571,67.555753891765,0.769512195121951,-9.26951219512195,"2023-24"
22300428,"2023-12-28","LAL","LALCHA","H","W",133,21,121.8,103.4,18.4,"LAL",34.043,-118.2673,-8,2023-12-25,72,34.043,-118.2673,0,5180.65949957787,-8,0,0,0,0.949973396466578,0,31.6657798822193,0.769512195121951,17.630487804878,"2023-24"
22300443,"2023-12-30","LAL","MIN","A","L",106,-2,101.8,109.6,-7.7,"MIN",44.9795,-93.276,-6,2023-12-28,48,34.043,-118.2673,1524.12871872787,6704.78821830574,-8,2,1,0.5,0.978612466809198,0.714285714285714,73.0966060364971,0.769512195121951,-8.46951219512195,"2023-24"
22300446,"2023-12-31","LAL","NOP","A","L",109,-20,106.9,129.2,-22.3,"NOP",29.949,-90.0822,-6,2023-12-30,24,44.9795,-93.276,1054.12329912482,6551.65703115219,-6,0,0,1,0.97604668696522,0,65.8682228988407,0.769512195121951,-23.069512195122,"2023-24"
22300475,"2024-01-03","LAL","LALMIA","H","L",96,-14,90.1,106.3,-16.2,"LAL",34.043,-118.2673,-8,2023-12-31,72,29.949,-90.0822,1672.04450838209,6480.18379277563,-6,2,-1,0,0.974828526705145,0.571428571428571,51.5419032711239,0.769512195121951,-16.969512195122,"2023-24"
22300491,"2024-01-05","LAL","LALMEM","H","L",113,-14,109.8,122.4,-12.5,"LAL",34.043,-118.2673,-8,2024-01-03,48,34.043,-118.2673,0,6126.59320618633,-8,0,0,0.5,0.968597341740679,0,48.9532447246893,0.769512195121951,-13.269512195122,"2023-24"
22300505,"2024-01-07","LAL","LALLAC","H","W",106,3,106,100.6,5.3,"LAL",34.043,-118.2673,-8,2024-01-05,48,34.043,-118.2673,0,5431.58903298268,-8,0,0,0.5,0.955225974108544,0,48.5075324702848,0.769512195121951,4.53048780487805,"2023-24"
22300516,"2024-01-09","LAL","LALTOR","H","W",132,1,123.5,122.8,0.8,"LAL",34.043,-118.2673,-8,2024-01-07,48,34.043,-118.2673,0,4250.29652623478,-8,0,0,0.5,0.927992376906199,0,47.5997458968733,0.769512195121951,0.0304878048780488,"2023-24"
22300531,"2024-01-11","LAL","LALPHX","H","L",109,-18,106.9,123.2,-16.3,"LAL",34.043,-118.2673,-8,2024-01-09,48,34.043,-118.2673,0,4250.29652623478,-8,0,0,0.5,0.927992376906199,0,47.5997458968733,0.769512195121951,-17.069512195122,"2023-24"
22300549,"2024-01-13","LAL","UTA","A","L",125,-7,116.2,123.2,-7,"UTA",40.7683,-111.9011,-7,2024-01-11,48,34.043,-118.2673,581.662923597926,3307.83073110483,-8,1,1,0.5,0.900154854838139,0.428571428571429,60.9575427803189,0.769512195121951,-7.76951219512195,"2023-24"
22300565,"2024-01-15","LAL","LALOKC","H","W",112,7,111,106.2,4.7,"LAL",34.043,-118.2673,-8,2024-01-13,48,40.7683,-111.9011,581.662923597926,2835.37035557794,-7,1,-1,0.5,0.883042246160282,0.285714285714286,55.6252177291523,0.769512195121951,3.93048780487805,"2023-24"
22300577,"2024-01-17","LAL","LALDAL","H","W",127,17,122.6,106.9,15.8,"LAL",34.043,-118.2673,-8,2024-01-15,48,34.043,-118.2673,0,1163.32584719585,-8,0,0,0.5,0.784146898098376,0,42.8048966032792,0.769512195121951,15.030487804878,"2023-24"
22300591,"2024-01-19","LAL","LALBKN","H","L",112,-18,107.1,124.8,-17.7,"LAL",34.043,-118.2673,-8,2024-01-17,48,34.043,-118.2673,0,1163.32584719585,-8,0,0,0.5,0.784146898098376,0,42.8048966032792,0.769512195121951,-18.469512195122,"2023-24"
22300605,"2024-01-21","LAL","LALPOR","H","W",134,24,130.4,107,23.4,"LAL",34.043,-118.2673,-8,2024-01-19,48,34.043,-118.2673,0,1163.32584719585,-8,0,0,0.5,0.784146898098376,0,42.8048966032792,0.769512195121951,22.630487804878,"2023-24"
22300618,"2024-01-23","LAL","LAC","A","L",116,-11,111.9,124.2,-12.3,"LAC",34.043,-118.2673,-8,2024-01-21,48,34.043,-118.2673,0,1163.32584719585,-8,0,0,0.5,0.784146898098376,0,42.8048966032792,0.769512195121951,-13.069512195122,"2023-24"
22300633,"2024-01-25","LAL","LALCHI","H","W",141,9,134.5,124.8,9.7,"LAL",34.043,-118.2673,-8,2024-01-23,48,34.043,-118.2673,0,1163.32584719585,-8,0,0,0.5,0.784146898098376,0,42.8048966032792,0.769512195121951,8.93048780487805,"2023-24"
22300650,"2024-01-27","LAL","GSW","A","W",145,1,109.1,109.1,0,"GSW",37.768,-122.3877,-8,2024-01-25,48,34.043,-118.2673,345.872056985533,927.534980583459,-8,0,0,0.5,0.759012795652402,0,41.9670931884134,0.769512195121951,-0.769512195121951,"2023-24"
22300662,"2024-01-29","LAL","HOU","A","L",119,-16,107.8,122.7,-15,"HOU",29.7508,-95.3621,-6,2024-01-27,48,37.768,-122.3877,1643.07531015725,1988.94736714278,-8,2,1,0.5,0.84367694501813,0.714285714285714,68.5987553101281,0.769512195121951,-15.769512195122,"2023-24"
22300669,"2024-01-30","LAL","ATL","A","L",122,-16,113,126.7,-13.7,"ATL",33.7573,-84.3963,-5,2024-01-29,24,29.7508,-95.3621,701.483997318208,2690.43136446099,-6,1,1,1,0.877216368529772,0.428571428571429,76.8595932367067,0.769512195121951,-14.469512195122,"2023-24"
22300684,"2024-02-01","LAL","BOS","A","W",114,9,117,103.9,13.1,"BOS",42.3662,-71.0621,-5,2024-01-30,48,33.7573,-84.3963,937.145034673311,3627.5763991343,-5,0,0,0.5,0.910400618193162,0,47.0133539397721,0.769512195121951,12.330487804878,"2023-24"
22300701,"2024-02-03","LAL","NYK","A","W",113,8,120.4,109.8,10.5,"NYK",40.7505,-73.9934,-5,2024-02-01,48,42.3662,-71.0621,188.420681353137,3815.99708048744,-5,0,0,0.5,0.91602341226413,0,47.2007804088043,0.769512195121951,9.73048780487805,"2023-24"
22300713,"2024-02-05","LAL","CHA","A","W",124,6,115.5,111.2,4.3,"CHA",35.2251,-80.8392,-5,2024-02-03,48,40.7505,-73.9934,533.845366214563,4349.842446702,-5,0,0,0.5,0.930563159950207,0,47.6854386650069,0.769512195121951,3.53048780487805,"2023-24"
22300740,"2024-02-08","LAL","LALDEN","H","L",106,-8,110.8,113.9,-3.1,"LAL",34.043,-118.2673,-8,2024-02-05,72,35.2251,-80.8392,2119.08467098401,6468.92711768601,-5,3,-1,0,0.974635448948221,0.857142857142857,61.0592768697026,0.769512195121951,-3.86951219512195,"2023-24"
22300747,"2024-02-09","LAL","LALNOP","H","W",139,17,132.3,119.5,12.8,"LAL",34.043,-118.2673,-8,2024-02-08,24,34.043,-118.2673,0,6123.05506070048,-8,0,0,1,0.968533189739883,0,65.6177729913294,0.769512195121951,12.030487804878,"2023-24"
22300776,"2024-02-13","LAL","LALDET","H","W",125,14,117.7,102.3,15.4,"LAL",34.043,-118.2673,-8,2024-02-09,96,34.043,-118.2673,0,4479.97975054323,-8,0,0,0,0.933836656965496,0,31.1278885655165,0.769512195121951,14.630487804878,"2023-24"
22300788,"2024-02-14","LAL","UTA","A","W",138,16,129.5,116.5,13,"UTA",40.7683,-111.9011,-7,2024-02-13,24,34.043,-118.2673,581.662923597926,4360.15867682295,-8,1,1,1,0.930826206329668,0.428571428571429,78.6465878300366,0.769512195121951,12.230487804878,"2023-24"
22300802,"2024-02-22","LAL","GSW","A","L",110,-18,112,119.4,-7.5,"GSW",37.768,-122.3877,-8,2024-02-14,192,40.7683,-111.9011,598.218575101357,4021.232217251,-7,1,-1,0,0.921840513589368,0.285714285714286,40.2518266434551,0.769512195121951,-8.26951219512195,"2023-24"
22300813,"2024-02-23","LAL","LALSAS","H","W",123,5,116.1,113.3,2.8,"LAL",34.043,-118.2673,-8,2024-02-22,24,37.768,-122.3877,345.872056985533,4178.68359288339,-8,0,0,1,0.926105459589571,0,64.2035153196524,0.769512195121951,2.03048780487805,"2023-24"
22300818,"2024-02-25","LAL","PHX","A","L",113,-10,110.2,120.2,-9.9,"PHX",33.4457,-112.0712,-7,2024-02-23,48,34.043,-118.2673,358.712741358694,4003.55096802752,-8,1,1,0.5,0.921351184377384,0.428571428571429,61.6640870982937,0.769512195121951,-10.669512195122,"2023-24"
22300848,"2024-02-28","LAL","LAC","A","W",116,4,116.7,110.8,5.9,"LAC",34.043,-118.2673,-8,2024-02-25,72,33.4457,-112.0712,358.712741358694,2243.1790384022,-7,1,-1,0,0.857031136105349,0.285714285714286,38.0915140606545,0.769512195121951,5.13048780487805,"2023-24"
22300856,"2024-02-29","LAL","LALWAS","H","W",134,3,116,116.7,-0.7,"LAL",34.043,-118.2673,-8,2024-02-28,24,34.043,-118.2673,0,2243.1790384022,-8,0,0,1,0.857031136105349,0,61.9010378701783,0.769512195121951,-1.46951219512195,"2023-24"
22300869,"2024-03-02","LAL","LALDEN","H","L",114,-10,120.2,131.8,-11.6,"LAL",34.043,-118.2673,-8,2024-02-29,48,34.043,-118.2673,0,2243.1790384022,-8,0,0,0.5,0.857031136105349,0,45.2343712035116,0.769512195121951,-12.369512195122,"2023-24"
22300884,"2024-03-04","LAL","LALOKC","H","W",116,12,116,106.1,9.9,"LAL",34.043,-118.2673,-8,2024-03-02,48,34.043,-118.2673,0,1661.51611480428,-8,0,0,0.5,0.823709120463793,0,44.1236373487931,0.769512195121951,9.13048780487805,"2023-24"
22300901,"2024-03-06","LAL","LALSAC","H","L",120,-10,116.5,121.2,-4.7,"LAL",34.043,-118.2673,-8,2024-03-04,48,34.043,-118.2673,0,1063.29753970292,-8,0,0,0.5,0.774169733177363,0,42.4723244392454,0.769512195121951,-5.46951219512195,"2023-24"
22300915,"2024-03-08","LAL","LALMIL","H","W",123,1,123.8,119,4.7,"LAL",34.043,-118.2673,-8,2024-03-06,48,34.043,-118.2673,0,717.425482717387,-8,0,0,0.5,0.730518075788167,0,41.0172691929389,0.769512195121951,3.93048780487805,"2023-24"
22300932,"2024-03-10","LAL","LALMIN","H","W",120,11,116.8,105.1,11.7,"LAL",34.043,-118.2673,-8,2024-03-08,48,34.043,-118.2673,0,358.712741358693,-8,0,0,0.5,0.653684313165542,0,38.4561437721847,0.769512195121951,10.930487804878,"2023-24"
22300954,"2024-03-13","LAL","SAC","A","L",107,-13,113,122.1,-9.1,"SAC",38.5805,-121.4993,-8,2024-03-10,72,34.043,-118.2673,361.822076167738,361.822076167738,-8,0,0,0,0.654640274698773,0,21.8213424899591,0.769512195121951,-9.86951219512195,"2023-24"
22300973,"2024-03-16","LAL","LALGSW","H","L",121,-7,118.7,132.5,-13.8,"LAL",34.043,-118.2673,-8,2024-03-13,72,38.5805,-121.4993,361.822076167738,723.644152335476,-8,0,0,0,0.731475362237863,0,24.3825120745954,0.769512195121951,-14.569512195122,"2023-24"
22300990,"2024-03-18","LAL","LALATL","H","W",136,31,131,103.3,27.7,"LAL",34.043,-118.2673,-8,2024-03-16,48,34.043,-118.2673,0,723.644152335476,-8,0,0,0.5,0.731475362237863,0,41.0491787412621,0.769512195121951,26.930487804878,"2023-24"
22301018,"2024-03-22","LAL","LALPHI","H","W",101,7,103.6,91.7,11.9,"LAL",34.043,-118.2673,-8,2024-03-18,96,34.043,-118.2673,0,723.644152335476,-8,0,0,0,0.731475362237863,0,24.3825120745954,0.769512195121951,11.130487804878,"2023-24"
22301032,"2024-03-24","LAL","LALIND","H","W",150,5,136.5,126,10.4,"LAL",34.043,-118.2673,-8,2024-03-22,48,34.043,-118.2673,0,723.644152335476,-8,0,0,0.5,0.731475362237863,0,41.0491787412621,0.769512195121951,9.63048780487805,"2023-24"
22301045,"2024-03-26","LAL","MIL","A","W",128,4,103.2,98.8,4.3,"MIL",43.045,-87.917,-6,2024-03-24,48,34.043,-118.2673,1744.3716724956,2468.01582483108,-8,2,1,0.5,0.867636138209142,0.714285714285714,69.3973950831619,0.769512195121951,3.53048780487805,"2023-24"
22301055,"2024-03-27","LAL","MEM","A","W",136,12,125.5,116.6,8.9,"MEM",35.1382,-90.0505,-6,2024-03-26,24,43.045,-87.917,558.729415797015,3026.74524062809,-6,0,0,1,0.890294378127842,0,63.0098126042614,0.769512195121951,8.13048780487805,"2023-24"
22301063,"2024-03-29","LAL","IND","A","L",90,-19,90.1,109.9,-19.9,"IND",39.7639,-86.1555,-5,2024-03-27,48,35.1382,-90.0505,384.771173161429,3049.69433762178,-6,1,1,0.5,0.891133074159496,0.428571428571429,60.6568167576975,0.769512195121951,-20.6695121951219,"2023-24"
22301078,"2024-03-31","LAL","BKN","A","W",116,12,115.2,99.7,15.6,"BKN",40.6826,-73.9754,-5,2024-03-29,48,39.7639,-86.1555,645.889562345768,3333.76182379981,-5,0,0,0.5,0.901021914656601,0,46.7007304885534,0.769512195121951,14.830487804878,"2023-24"
22301094,"2024-04-02","LAL","TOR","A","W",128,17,118.2,100.7,17.5,"TOR",43.6435,-79.379,-5,2024-03-31,48,40.6826,-73.9754,344.413109831946,3678.17493363176,-5,0,0,0.5,0.911938737930246,0,47.0646245976749,0.769512195121951,16.730487804878,"2023-24"
22301103,"2024-04-03","LAL","WAS","A","W",125,5,113.9,110.4,3.5,"WAS",38.8981,-77.021,-5,2024-04-02,24,43.6435,-79.379,350.346567363286,4028.52150099504,-5,0,0,1,0.922041618890734,0,64.0680539630245,0.769512195121951,2.73048780487805,"2023-24"
22301127,"2024-04-06","LAL","LALCLE","H","W",116,19,114.8,93.9,20.9,"LAL",34.043,-118.2673,-8,2024-04-03,72,38.8981,-77.021,2299.07294719351,6327.59444818855,-5,3,-1,0,0.97218226881534,0.857142857142857,60.9775041986066,0.769512195121951,20.130487804878,"2023-24"
22301143,"2024-04-07","LAL","LALMIN","H","L",117,-10,113.5,119.6,-6.1,"LAL",34.043,-118.2673,-8,2024-04-06,24,34.043,-118.2673,0,4583.22277569295,-8,0,0,1,0.936366718101966,0,64.5455572700655,0.769512195121951,-6.86951219512195,"2023-24"
22301155,"2024-04-09","LAL","LALGSW","H","L",120,-14,114.8,133.7,-18.9,"LAL",34.043,-118.2673,-8,2024-04-07,48,34.043,-118.2673,0,4024.49335989593,-8,0,0,0.5,0.921930530828276,0,47.3976843609425,0.769512195121951,-19.6695121951219,"2023-24"
22301177,"2024-04-12","LAL","MEM","A","W",123,3,117.2,116.2,1,"MEM",35.1382,-90.0505,-6,2024-04-09,72,34.043,-118.2673,1603.18014173441,5242.90232846891,-8,2,1,0,0.951299642328151,0.714285714285714,55.5195118871288,0.769512195121951,0.230487804878049,"2023-24"
22301195,"2024-04-14","LAL","NOP","A","W",124,16,120.5,106.8,13.7,"NOP",29.949,-90.0822,-6,2024-04-12,48,35.1382,-90.0505,358.946368923759,4955.95913504691,-6,0,0,0.5,0.945049316025991,0,48.1683105341997,0.769512195121951,12.930487804878,"2023-24"
22300071,"2023-10-25","MEM","MEMNOP","H","L",104,-7,99.2,106,-6.8,"MEM",35.1382,-90.0505,-6,NA,NA,NA,NA,0,NA,NA,0,0,0,0,0,0,-7.61707317073171,0.817073170731708,"2023-24"
22300078,"2023-10-27","MEM","MEMDEN","H","L",104,-4,101.4,99.2,2.2,"MEM",35.1382,-90.0505,-6,2023-10-25,48,35.1382,-90.0505,0,NA,-6,0,0,0.5,0,0,16.6666666666667,-7.61707317073171,9.81707317073171,"2023-24"
22300089,"2023-10-28","MEM","WAS","A","L",106,-7,99.1,109,-9.9,"WAS",38.8981,-77.021,-5,2023-10-27,24,35.1382,-90.0505,764.304255994484,NA,-6,1,1,1,0,0.428571428571429,47.6190476190476,-7.61707317073171,-2.28292682926829,"2023-24"
22300106,"2023-10-30","MEM","MEMDAL","H","L",110,-15,107,120.7,-13.7,"MEM",35.1382,-90.0505,-6,2023-10-28,48,38.8981,-77.021,764.304255994484,NA,-5,1,-1,0.5,0,0.285714285714286,26.1904761904762,-7.61707317073171,-6.08292682926829,"2023-24"
22300125,"2023-11-01","MEM","UTA","A","L",109,-24,97.3,122.5,-25.3,"UTA",40.7683,-111.9011,-7,2023-10-30,48,35.1382,-90.0505,1249.88289430879,NA,-6,1,-1,0.5,0,0.285714285714286,26.1904761904762,-7.61707317073171,-17.6829268292683,"2023-24"
22300007,"2023-11-03","MEM","POR","A","L",113,-2,101.1,103.8,-2.6,"POR",45.5316,-122.6668,-8,2023-11-01,48,40.7683,-111.9011,634.582909588459,NA,-7,1,-1,0.5,0,0.285714285714286,26.1904761904762,-7.61707317073171,5.01707317073171,"2023-24"
22300144,"2023-11-05","MEM","POR","A","W",112,12,110.1,100.4,9.7,"POR",45.5316,-122.6668,-8,2023-11-03,48,45.5316,-122.6668,0,3413.07431588622,-8,0,0,0.5,0.903632643301162,0,46.7877547767054,-7.61707317073171,17.3170731707317,"2023-24"
22300164,"2023-11-08","MEM","MEMMIA","H","L",102,-6,98.7,106.8,-8.1,"MEM",35.1382,-90.0505,-6,2023-11-05,72,45.5316,-122.6668,1847.91560981004,5260.98992569626,-8,2,1,0,0.951682094729717,0.714285714285714,55.5322603005144,-7.61707317073171,-0.482926829268292,"2023-24"
22300012,"2023-11-10","MEM","MEMUTA","H","L",121,-6,116.7,124.8,-8.1,"MEM",35.1382,-90.0505,-6,2023-11-08,48,35.1382,-90.0505,0,5260.98992569626,-6,0,0,0.5,0.951682094729717,0,48.3894031576572,-7.61707317073171,-0.482926829268292,"2023-24"
22300179,"2023-11-12","MEM","LAC","A","W",105,4,101.4,97.9,3.4,"LAC",34.043,-118.2673,-8,2023-11-10,48,35.1382,-90.0505,1603.18014173441,6099.86581143618,-6,2,-1,0.5,0.968111813367358,0.571428571428571,67.9846794931976,-7.61707317073171,11.0170731707317,"2023-24"
22300026,"2023-11-14","MEM","LAL","A","L",107,-27,99.7,133.3,-33.5,"LAL",34.043,-118.2673,-8,2023-11-12,48,34.043,-118.2673,0,5335.5615554417,-8,0,0,0.5,0.953245110337805,0,48.4415036779268,-7.61707317073171,-25.8829268292683,"2023-24"
22300206,"2023-11-18","MEM","SAS","A","W",120,12,115.6,110.8,4.7,"SAS",29.427,-98.4375,-6,2023-11-14,96,34.043,-118.2673,1207.25448627837,5292.93314741128,-8,2,1,0,0.95235431693156,0.714285714285714,55.5546677072425,-7.61707317073171,12.3170731707317,"2023-24"
22300213,"2023-11-19","MEM","MEMBOS","H","L",100,-2,103.7,106.3,-2.5,"MEM",35.1382,-90.0505,-6,2023-11-18,24,29.427,-98.4375,629.329052623429,5287.67929044625,-6,0,0,1,0.952244032447344,0,65.0748010815781,-7.61707317073171,5.11707317073171,"2023-24"
22300231,"2023-11-22","MEM","HOU","A","L",91,-20,93.4,109,-15.6,"HOU",29.7508,-95.3621,-6,2023-11-19,72,35.1382,-90.0505,484.59213074051,5772.27142118676,-6,0,0,0,0.96198162749007,0,32.066054249669,-7.61707317073171,-7.98292682926829,"2023-24"
22300044,"2023-11-24","MEM","MEMPHX","H","L",89,-21,95.3,116.6,-21.3,"MEM",35.1382,-90.0505,-6,2023-11-22,48,29.7508,-95.3621,484.59213074051,4408.94794211722,-6,0,0,0.5,0.932061878866413,0,47.7353959622138,-7.61707317073171,-13.6829268292683,"2023-24"
22300249,"2023-11-26","MEM","MEMMIN","H","L",97,-22,94.3,117.7,-23.4,"MEM",35.1382,-90.0505,-6,2023-11-24,48,35.1382,-90.0505,0,4408.94794211722,-6,0,0,0.5,0.932061878866413,0,47.7353959622138,-7.61707317073171,-15.7829268292683,"2023-24"
22300261,"2023-11-29","MEM","MEMUTA","H","W",105,14,109.9,89.8,20.1,"MEM",35.1382,-90.0505,-6,2023-11-26,72,35.1382,-90.0505,0,2805.76780038281,-6,0,0,0,0.881876936014909,0,29.3958978671636,-7.61707317073171,27.7170731707317,"2023-24"
22300277,"2023-12-01","MEM","DAL","A","W",108,14,111.5,93.8,17.7,"DAL",32.7905,-96.8103,-6,2023-11-29,48,35.1382,-90.0505,420.309408356037,3226.07720873885,-6,0,0,0.5,0.897376087244474,0,46.5792029081491,-7.61707317073171,25.3170731707317,"2023-24"
22300288,"2023-12-02","MEM","PHX","A","L",109,-7,103.3,108.5,-5.2,"PHX",33.4457,-112.0712,-7,2023-12-01,24,32.7905,-96.8103,884.489245760011,2903.3119682205,-6,1,-1,1,0.885671434162602,0.285714285714286,72.3795239958962,-7.61707317073171,2.41707317073171,"2023-24"
22301206,"2023-12-06","MEM","DET","A","W",116,14,113.5,98.1,15.4,"DET",42.341,-83.0552,-5,2023-12-02,96,33.4457,-112.0712,1688.95176157033,3962.9346771674,-7,2,1,0,0.920218895466427,0.714285714285714,54.483486991738,-7.61707317073171,23.0170731707317,"2023-24"
22301221,"2023-12-08","MEM","MEMMIN","H","L",103,-24,106.9,130.3,-23.4,"MEM",35.1382,-90.0505,-6,2023-12-06,48,42.341,-83.0552,624.541700748394,4102.88424717528,-5,1,-1,0.5,0.924072685236743,0.285714285714286,56.992899031701,-7.61707317073171,-15.7829268292683,"2023-24"
22300299,"2023-12-11","MEM","MEMDAL","H","L",113,-7,108.6,118.4,-9.8,"MEM",35.1382,-90.0505,-6,2023-12-08,72,35.1382,-90.0505,0,3618.29211643477,-6,0,0,0,0.910116062476811,0,30.3372020825604,-7.61707317073171,-2.18292682926829,"2023-24"
22300314,"2023-12-13","MEM","HOU","A","L",104,-13,101,110.1,-9.1,"HOU",29.7508,-95.3621,-6,2023-12-11,48,35.1382,-90.0505,484.59213074051,4102.88424717528,-6,0,0,0.5,0.924072685236743,0,47.4690895078914,-7.61707317073171,-1.48292682926829,"2023-24"
22300332,"2023-12-15","MEM","MEMHOU","H","L",96,-7,92.7,105,-12.4,"MEM",35.1382,-90.0505,-6,2023-12-13,48,29.7508,-95.3621,484.59213074051,4587.47637791579,-6,0,0,0.5,0.936469730330525,0,47.8823243443508,-7.61707317073171,-4.78292682926829,"2023-24"
22300355,"2023-12-18","MEM","OKC","A","L",97,-19,88.8,111.4,-22.6,"OKC",35.4634,-97.5151,-6,2023-12-15,72,35.1382,-90.0505,421.893724616216,4589.06069417597,-6,0,0,0,0.936508074333047,0,31.2169358111016,-7.61707317073171,-14.9829268292683,"2023-24"
22300360,"2023-12-19","MEM","NOP","A","W",115,2,115.3,118.3,-3,"NOP",29.949,-90.0822,-6,2023-12-18,24,35.4634,-97.5151,576.417654431289,4280.98910284725,-6,0,0,1,0.928791379089046,0,64.2930459696349,-7.61707317073171,4.61707317073171,"2023-24"
22300377,"2023-12-21","MEM","MEMIND","H","W",116,13,110.2,103.2,7.1,"MEM",35.1382,-90.0505,-6,2023-12-19,48,29.949,-90.0822,358.946368923759,2950.98371020068,-6,0,0,0.5,0.887479759827821,0,46.249325327594,-7.61707317073171,14.7170731707317,"2023-24"
22300393,"2023-12-23","MEM","ATL","A","W",125,6,120.6,115.8,4.8,"ATL",33.7573,-84.3963,-5,2023-12-21,48,35.1382,-90.0505,336.31145405421,2662.75346350649,-6,1,1,0.5,0.876068237166885,0.428571428571429,60.1546555246105,-7.61707317073171,12.4170731707317,"2023-24"
22300410,"2023-12-26","MEM","NOP","A","W",116,1,101.7,98.7,3,"NOP",29.949,-90.0822,-6,2023-12-23,72,33.7573,-84.3963,425.299982894986,3088.05344640148,-5,1,-1,0,0.892520956517316,0.285714285714286,39.2745080743867,-7.61707317073171,10.6170731707317,"2023-24"
22300425,"2023-12-28","MEM","DEN","A","L",105,-37,105,139,-34,"DEN",39.7487,-105.0077,-7,2023-12-26,48,29.949,-90.0822,1082.45093405792,3685.91224971889,-6,1,-1,0.5,0.912172074425937,0.285714285714286,56.5962120046741,-7.61707317073171,-26.3829268292683,"2023-24"
22300438,"2023-12-29","MEM","LAC","A","L",106,-11,101.1,111.4,-10.3,"LAC",34.043,-118.2673,-8,2023-12-28,24,39.7487,-105.0077,831.691248536452,4033.01136751483,-7,1,-1,1,0.92216530961753,0.285714285714286,73.5959865110605,-7.61707317073171,-2.68292682926829,"2023-24"
22300449,"2023-12-31","MEM","MEMSAC","H","L",92,-31,90.8,118.9,-28.1,"MEM",35.1382,-90.0505,-6,2023-12-29,48,34.043,-118.2673,1603.18014173441,5214.29778463302,-8,2,1,0.5,0.950692113817207,0.714285714285714,72.1659276034307,-7.61707317073171,-20.4829268292683,"2023-24"
22300460,"2024-01-02","MEM","MEMSAS","H","W",106,8,108.2,93.2,14.9,"MEM",35.1382,-90.0505,-6,2023-12-31,48,35.1382,-90.0505,0,4637.88013020173,-6,0,0,0.5,0.937683172028968,0,47.9227724009656,-7.61707317073171,22.5170731707317,"2023-24"
22300470,"2024-01-03","MEM","MEMTOR","H","L",111,-5,107.4,113.9,-6.5,"MEM",35.1382,-90.0505,-6,2024-01-02,24,35.1382,-90.0505,0,4278.93376127797,-6,0,0,1,0.928738052754795,0,64.2912684251598,-7.61707317073171,1.11707317073171,"2023-24"
22300491,"2024-01-05","MEM","LAL","A","W",127,14,122.4,109.8,12.5,"LAL",34.043,-118.2673,-8,2024-01-03,48,35.1382,-90.0505,1603.18014173441,5545.80244895817,-6,2,-1,0.5,0.957536886831034,0.571428571428571,67.6321819419869,-7.61707317073171,20.1170731707317,"2023-24"
22300503,"2024-01-07","MEM","PHX","A","W",121,6,109.4,106.8,2.6,"PHX",33.4457,-112.0712,-7,2024-01-05,48,34.043,-118.2673,358.712741358694,5479.21520742188,-8,1,1,0.5,0.956195459162267,0.428571428571429,62.8255629244565,-7.61707317073171,10.2170731707317,"2023-24"
22300515,"2024-01-09","MEM","DAL","A","W",120,17,120.9,104.2,16.8,"DAL",32.7905,-96.8103,-6,2024-01-07,48,33.4457,-112.0712,884.489245760011,5281.25351912397,-7,1,1,0.5,0.952108999099786,0.428571428571429,62.6893475890405,-7.61707317073171,24.4170731707317,"2023-24"
22300537,"2024-01-12","MEM","MEMLAC","H","L",119,-9,120.3,129.6,-9.2,"MEM",35.1382,-90.0505,-6,2024-01-09,72,32.7905,-96.8103,420.309408356037,4869.87167894356,-6,0,0,0,0.943103407870152,0,31.4367802623384,-7.61707317073171,-1.58292682926829,"2023-24"
22300544,"2024-01-13","MEM","MEMNYK","H","L",94,-12,97.3,106.7,-9.4,"MEM",35.1382,-90.0505,-6,2024-01-12,24,35.1382,-90.0505,0,3266.69153720915,-6,0,0,1,0.898765240858097,0,63.2921746952699,-7.61707317073171,-1.78292682926829,"2023-24"
22300560,"2024-01-15","MEM","MEMGSW","H","W",116,9,109.8,100.6,9.3,"MEM",35.1382,-90.0505,-6,2024-01-13,48,35.1382,-90.0505,0,3266.69153720915,-6,0,0,0.5,0.898765240858097,0,46.6255080286032,-7.61707317073171,16.9170731707317,"2023-24"
22300582,"2024-01-18","MEM","MIN","A","L",103,-15,103.5,117.7,-14.2,"MIN",44.9795,-93.276,-6,2024-01-15,72,35.1382,-90.0505,701.661510171567,3968.35304738072,-6,0,0,0,0.920370616070865,0,30.6790205356955,-7.61707317073171,-6.58292682926829,"2023-24"
22300597,"2024-01-20","MEM","CHI","A","L",96,-29,97.8,126,-28.1,"CHI",41.8807,-87.6742,-6,2024-01-18,48,44.9795,-93.276,353.590586589299,2718.76349223561,-6,0,0,0.5,0.878379473775301,0,45.9459824591767,-7.61707317073171,-20.4829268292683,"2023-24"
22300609,"2024-01-22","MEM","TOR","A","W",108,8,111,106.2,4.8,"TOR",43.6435,-79.379,-5,2024-01-20,48,41.8807,-87.6742,438.33409593099,2798.3848468079,-6,1,1,0.5,0.881584389790876,0.428571428571429,60.3385272787435,-7.61707317073171,12.4170731707317,"2023-24"
22300621,"2024-01-24","MEM","MIA","A","W",105,9,105.7,97,8.7,"MIA",25.7814,-80.187,-5,2024-01-22,48,43.6435,-79.379,1236.37439242936,3150.26999347725,-5,0,0,0.5,0.894735795824764,0,46.4911931941588,-7.61707317073171,16.3170731707317,"2023-24"
22300638,"2024-01-26","MEM","MEMORL","H","W",107,1,106.2,110.7,-4.5,"MEM",35.1382,-90.0505,-6,2024-01-24,48,25.7814,-80.187,873.480874428402,3603.44145954962,-5,1,-1,0.5,0.909659380804197,0.285714285714286,56.5124555506161,-7.61707317073171,3.11707317073171,"2023-24"
22300652,"2024-01-28","MEM","IND","A","L",110,-6,115,120.8,-5.8,"IND",39.7639,-86.1555,-5,2024-01-26,48,35.1382,-90.0505,384.771173161429,3988.21263271105,-6,1,1,0.5,0.92092494213573,0.428571428571429,61.6498790235719,-7.61707317073171,1.81707317073171,"2023-24"
22300663,"2024-01-29","MEM","MEMSAC","H","L",94,-9,96.6,106.8,-10.3,"MEM",35.1382,-90.0505,-6,2024-01-28,24,39.7639,-86.1555,384.771173161429,4372.98380587248,-5,1,-1,1,0.931152359113418,0.285714285714286,73.8955548275901,-7.61707317073171,-2.68292682926829,"2023-24"
22300687,"2024-02-01","MEM","MEMCLE","H","L",101,-7,97.6,110.3,-12.7,"MEM",35.1382,-90.0505,-6,2024-01-29,72,35.1382,-90.0505,0,3671.32229570091,-6,0,0,0,0.911731670811337,0,30.3910556937112,-7.61707317073171,-5.08292682926829,"2023-24"
22300693,"2024-02-02","MEM","MEMGSW","H","L",101,-20,98.5,120.2,-21.7,"MEM",35.1382,-90.0505,-6,2024-02-01,24,35.1382,-90.0505,0,3317.73170911161,-6,0,0,1,0.900486713851728,0,63.3495571283909,-7.61707317073171,-14.0829268292683,"2023-24"
22300706,"2024-02-04","MEM","BOS","A","L",91,-40,89.8,129.8,-40,"BOS",42.3662,-71.0621,-5,2024-02-02,48,35.1382,-90.0505,1136.35211023172,4015.74972341234,-6,1,1,0.5,0.921689015835592,0.428571428571429,61.6753481469007,-7.61707317073171,-32.3829268292683,"2023-24"
22300722,"2024-02-06","MEM","NYK","A","L",113,-10,116.4,127.1,-10.6,"NYK",40.7505,-73.9934,-5,2024-02-04,48,42.3662,-71.0621,188.420681353137,2967.79601233612,-5,0,0,0.5,0.888110540643911,0,46.270351354797,-7.61707317073171,-2.98292682926829,"2023-24"
22300737,"2024-02-08","MEM","MEMCHI","H","L",110,-8,112.6,123.3,-10.8,"MEM",35.1382,-90.0505,-6,2024-02-06,48,40.7505,-73.9934,956.167828785305,3050.48296669302,-5,1,-1,0.5,0.891161783088391,0.285714285714286,55.8958689600892,-7.61707317073171,-3.18292682926829,"2023-24"
22300751,"2024-02-10","MEM","CHA","A","L",106,-9,107.6,116.1,-8.5,"CHA",35.2251,-80.8392,-5,2024-02-08,48,35.1382,-90.0505,520.612740271535,3186.32453380313,-6,1,1,0.5,0.895999369887406,0.428571428571429,60.8190266152945,-7.61707317073171,-0.882926829268293,"2023-24"
22300766,"2024-02-12","MEM","MEMNOP","H","L",87,-9,87.4,100.5,-13,"MEM",35.1382,-90.0505,-6,2024-02-10,48,35.2251,-80.8392,520.612740271535,3322.16610091323,-5,1,-1,0.5,0.900635024032719,0.285714285714286,56.2116436582335,-7.61707317073171,-5.38292682926829,"2023-24"
22300783,"2024-02-14","MEM","MEMHOU","H","W",121,8,121,111.5,9.4,"MEM",35.1382,-90.0505,-6,2024-02-12,48,35.1382,-90.0505,0,3322.16610091323,-6,0,0,0.5,0.900635024032719,0,46.687834134424,-7.61707317073171,17.0170731707317,"2023-24"
22300790,"2024-02-15","MEM","MEMMIL","H","W",113,3,112.6,108.1,4.5,"MEM",35.1382,-90.0505,-6,2024-02-14,24,35.1382,-90.0505,0,3322.16610091323,-6,0,0,1,0.900635024032719,0,63.3545008010906,-7.61707317073171,12.1170731707317,"2023-24"
22300807,"2024-02-23","MEM","MEMLAC","H","L",95,-6,97.9,102.6,-4.7,"MEM",35.1382,-90.0505,-6,2024-02-15,192,35.1382,-90.0505,0,2185.81399068151,-6,0,0,0,0.854155065225359,0,28.471835507512,-7.61707317073171,2.91707317073171,"2023-24"
22300830,"2024-02-26","MEM","MEMBKN","H","L",86,-25,92,117.9,-25.8,"MEM",35.1382,-90.0505,-6,2024-02-23,72,35.1382,-90.0505,0,1997.39330932838,-6,0,0,0,0.844147364752923,0,28.1382454917641,-7.61707317073171,-18.1829268292683,"2023-24"
22300845,"2024-02-28","MEM","MIN","A","L",101,-9,101.2,112.6,-11.4,"MIN",44.9795,-93.276,-6,2024-02-26,48,35.1382,-90.0505,701.661510171567,1742.88699071464,-6,0,0,0.5,0.829016554484827,0,44.3005518161609,-7.61707317073171,-3.78292682926829,"2023-24"
22300861,"2024-03-01","MEM","MEMPOR","H","L",92,-30,88.7,125.7,-37,"MEM",35.1382,-90.0505,-6,2024-02-28,48,44.9795,-93.276,701.661510171567,1923.93576061467,-6,0,0,0.5,0.839987669837567,0,44.6662556612522,-7.61707317073171,-29.3829268292683,"2023-24"
22300868,"2024-03-02","MEM","MEMPOR","H","L",100,-7,88.9,95.1,-6.2,"MEM",35.1382,-90.0505,-6,2024-03-01,24,35.1382,-90.0505,0,1403.32302034313,-6,0,0,1,0.804962979754735,0,60.1654326584911,-7.61707317073171,1.41707317073171,"2023-24"
22300879,"2024-03-04","MEM","BKN","A","W",106,4,110.8,109.4,1.3,"BKN",40.6826,-73.9754,-5,2024-03-02,48,35.1382,-90.0505,955.560237494234,2358.88325783737,-6,1,1,0.5,0.86261491850743,0.428571428571429,59.7062115692953,-7.61707317073171,8.91707317073171,"2023-24"
22300896,"2024-03-06","MEM","PHI","A","W",115,6,113.7,103.6,10.2,"PHI",39.9012,-75.172,-5,2024-03-04,48,40.6826,-73.9754,83.10840164052,2441.99165947789,-5,0,0,0.5,0.866459207538866,0,45.5486402512955,-7.61707317073171,17.8170731707317,"2023-24"
22300913,"2024-03-08","MEM","MEMATL","H","L",92,-7,102,104.7,-2.7,"MEM",35.1382,-90.0505,-6,2024-03-06,48,39.9012,-75.172,878.855318622655,3320.84697810054,-5,1,-1,0.5,0.900590926080377,0.285714285714286,56.2101737264888,-7.61707317073171,4.91707317073171,"2023-24"
22300931,"2024-03-10","MEM","OKC","A","L",93,-31,95,127.6,-32.6,"OKC",35.4634,-97.5151,-6,2024-03-08,48,35.1382,-90.0505,421.893724616216,3742.74070271676,-6,0,0,0.5,0.913871007809278,0,47.1290335936426,-7.61707317073171,-24.9829268292683,"2023-24"
22300940,"2024-03-12","MEM","MEMWAS","H","W",109,12,104.6,98.9,5.6,"MEM",35.1382,-90.0505,-6,2024-03-10,48,35.4634,-97.5151,421.893724616216,3462.97291716141,-6,0,0,0.5,0.905244252971005,0,46.8414750990335,-7.61707317073171,13.2170731707317,"2023-24"
22300950,"2024-03-13","MEM","MEMCHA","H","L",98,-12,100.2,108.1,-8,"MEM",35.1382,-90.0505,-6,2024-03-12,24,35.1382,-90.0505,0,2761.31140698984,-6,0,0,1,0.880103607961874,0,62.6701202653958,-7.61707317073171,-0.382926829268293,"2023-24"
22300972,"2024-03-16","MEM","MEMOKC","H","L",112,-6,112.6,117.7,-5.1,"MEM",35.1382,-90.0505,-6,2024-03-13,72,35.1382,-90.0505,0,2761.31140698984,-6,0,0,0,0.880103607961874,0,29.3367869320625,-7.61707317073171,2.51707317073171,"2023-24"
22300989,"2024-03-18","MEM","SAC","A","L",111,-10,100.7,108,-7.2,"SAC",38.5805,-121.4993,-8,2024-03-16,48,35.1382,-90.0505,1748.09294929907,3553.84411879467,-6,2,-1,0.5,0.908120430200958,0.571428571428571,65.9849667209843,-7.61707317073171,0.417073170731707,"2023-24"
22301001,"2024-03-20","MEM","GSW","A","L",116,-21,116.1,141.8,-25.7,"GSW",37.768,-122.3877,-8,2024-03-18,48,38.5805,-121.4993,74.1095928928695,3544.84531004702,-8,0,0,0.5,0.907838907277583,0,46.9279635759194,-7.61707317073171,-18.0829268292683,"2023-24"
22301015,"2024-03-22","MEM","SAS","A","W",99,2,94.6,91.4,3.2,"SAS",29.427,-98.4375,-6,2024-03-20,48,37.768,-122.3877,1490.16576488834,4156.15575631271,-8,2,1,0.5,0.925505187517172,0.714285714285714,71.3263633934295,-7.61707317073171,10.8170731707317,"2023-24"
22301040,"2024-03-25","MEM","DEN","A","L",103,-25,97.3,129.4,-32.1,"DEN",39.7487,-105.0077,-7,2024-03-22,72,29.427,-98.4375,805.452416446439,4539.71444814293,-6,1,-1,0,0.935307525783761,0.285714285714286,40.7007270499349,-7.61707317073171,-24.4829268292683,"2023-24"
22301055,"2024-03-27","MEM","MEMLAL","H","L",124,-12,116.6,125.5,-8.9,"MEM",35.1382,-90.0505,-6,2024-03-25,48,39.7487,-105.0077,879.784409719152,4997.60513324587,-7,1,1,0.5,0.945978579690761,0.428571428571429,62.4850002754063,-7.61707317073171,-1.28292682926829,"2023-24"
22301075,"2024-03-30","MEM","ORL","A","L",88,-30,88.5,117.9,-29.4,"ORL",28.5392,-81.3839,-5,2024-03-27,72,35.1382,-90.0505,683.345477500167,5680.95061074603,-6,1,1,0,0.960210684938146,0.428571428571429,46.2927371169858,-7.61707317073171,-21.7829268292683,"2023-24"
22301088,"2024-04-01","MEM","DET","A","W",110,2,111,115.3,-4.3,"DET",42.341,-83.0552,-5,2024-03-30,48,28.5392,-81.3839,959.261066494143,6640.21167724018,-5,0,0,0.5,0.977537677004993,0,49.2512559001664,-7.61707317073171,3.31707317073171,"2023-24"
22301107,"2024-04-03","MEM","MIL","A","W",111,10,117.5,102.8,14.7,"MIL",43.045,-87.917,-6,2024-04-01,48,42.341,-83.0552,251.888310882894,5144.007038824,-5,1,-1,0.5,0.949184947052276,0.285714285714286,57.829974425552,-7.61707317073171,22.3170731707317,"2023-24"
22301121,"2024-04-05","MEM","MEMDET","H","W",108,18,104.8,92.3,12.6,"MEM",35.1382,-90.0505,-6,2024-04-03,48,43.045,-87.917,558.729415797015,5628.62686172815,-6,0,0,0.5,0.959183123485178,0,48.6394374495059,-7.61707317073171,20.2170731707317,"2023-24"
22301129,"2024-04-06","MEM","MEMPHI","H","L",96,-20,95.8,117,-21.3,"MEM",35.1382,-90.0505,-6,2024-04-05,24,35.1382,-90.0505,0,4138.46109683981,-6,0,0,1,0.925031413913337,0,64.1677137971112,-7.61707317073171,-13.6829268292683,"2023-24"
22301151,"2024-04-09","MEM","MEMSAS","H","L",87,-15,87.1,104.6,-17.5,"MEM",35.1382,-90.0505,-6,2024-04-06,72,35.1382,-90.0505,0,3333.00868039337,-6,0,0,0,0.900996826951547,0,30.0332275650516,-7.61707317073171,-9.88292682926829,"2023-24"
22301158,"2024-04-10","MEM","CLE","A","L",98,-12,99.6,111.4,-11.7,"CLE",41.4965,-81.6882,-5,2024-04-09,24,35.1382,-90.0505,631.382149146821,3084.60641982104,-6,1,1,1,0.892396945387197,0.428571428571429,77.3656124652875,-7.61707317073171,-4.08292682926829,"2023-24"
22301177,"2024-04-12","MEM","MEMLAL","H","L",120,-3,116.2,117.2,-1,"MEM",35.1382,-90.0505,-6,2024-04-10,48,41.4965,-81.6882,631.382149146821,3032.64309146769,-5,1,-1,0.5,0.890510525938175,0.285714285714286,55.8741603884153,-7.61707317073171,6.61707317073171,"2023-24"
22301193,"2024-04-14","MEM","MEMDEN","H","L",111,-15,105.8,123,-17.2,"MEM",35.1382,-90.0505,-6,2024-04-12,48,35.1382,-90.0505,0,2073.38202497355,-6,0,0,0.5,0.848292494024951,0,44.943083134165,-7.61707317073171,-9.58292682926829,"2023-24"
22300068,"2023-10-25","MIA","MIADET","H","W",103,1,109.1,103.4,5.6,"MIA",25.7814,-80.187,-5,NA,NA,NA,NA,0,NA,NA,0,0,0,0,0,0,1.94634146341463,3.65365853658537,"2023-24"
22300080,"2023-10-27","MIA","BOS","A","L",111,-8,110.9,116.3,-5.4,"BOS",42.3662,-71.0621,-5,2023-10-25,48,25.7814,-80.187,1258.82404618239,NA,-5,0,0,0.5,0,0,16.6666666666667,1.94634146341463,-7.34634146341463,"2023-24"
22300093,"2023-10-28","MIA","MIN","A","L",90,-16,90.8,107.6,-16.8,"MIN",44.9795,-93.276,-6,2023-10-27,24,42.3662,-71.0621,1122.33164617088,NA,-5,1,-1,1,0,0.285714285714286,42.8571428571429,1.94634146341463,-18.7463414634146,"2023-24"
22300107,"2023-10-30","MIA","MIL","A","L",114,-8,110.9,114.9,-4,"MIL",43.045,-87.917,-6,2023-10-28,48,44.9795,-93.276,298.207114718261,NA,-6,0,0,0.5,0,0,16.6666666666667,1.94634146341463,-5.94634146341463,"2023-24"
22300119,"2023-11-01","MIA","MIABKN","H","L",105,-4,99.1,104.4,-5.2,"MIA",25.7814,-80.187,-5,2023-10-30,48,43.045,-87.917,1271.56932426741,NA,-6,1,1,0.5,0,0.428571428571429,30.952380952381,1.94634146341463,-7.14634146341463,"2023-24"
22300003,"2023-11-03","MIA","MIAWAS","H","W",121,7,120.8,109.1,11.7,"MIA",25.7814,-80.187,-5,2023-11-01,48,25.7814,-80.187,0,NA,-5,0,0,0.5,0,0,16.6666666666667,1.94634146341463,9.75365853658537,"2023-24"
22300150,"2023-11-06","MIA","MIALAL","H","W",108,1,105.8,107.9,-2.1,"MIA",25.7814,-80.187,-5,2023-11-03,72,25.7814,-80.187,0,3950.93213133894,-5,0,0,0,0.919882070515937,0,30.6627356838646,1.94634146341463,-4.04634146341463,"2023-24"
22300164,"2023-11-08","MIA","MEM","A","W",108,6,106.8,98.7,8.1,"MEM",35.1382,-90.0505,-6,2023-11-06,48,25.7814,-80.187,873.480874428402,4824.41300576734,-5,1,-1,0.5,0.942061945442608,0.285714285714286,57.5925410385631,1.94634146341463,6.15365853658537,"2023-24"
22300175,"2023-11-11","MIA","ATL","A","W",117,8,113.6,106.9,6.6,"ATL",33.7573,-84.3963,-5,2023-11-08,72,35.1382,-90.0505,336.31145405421,3901.90041363916,-6,1,1,0,0.9184953950075,0.428571428571429,44.9022274526309,1.94634146341463,4.65365853658537,"2023-24"
22300184,"2023-11-12","MIA","SAS","A","W",118,5,120.2,110.5,9.7,"SAS",29.427,-98.4375,-6,2023-11-11,24,33.7573,-84.3963,878.924909930529,3658.49367739881,-5,1,-1,1,0.911342985795883,0.285714285714286,73.2352423836723,1.94634146341463,7.75365853658537,"2023-24"
22300017,"2023-11-14","MIA","CHA","A","W",111,6,118.9,109.7,9.2,"CHA",35.2251,-80.8392,-5,2023-11-12,48,29.427,-98.4375,1102.06672120228,4462.35328388283,-6,1,1,0.5,0.933398886062968,0.428571428571429,62.0656771544799,1.94634146341463,7.25365853658537,"2023-24"
22300200,"2023-11-16","MIA","MIABKN","H","W",122,7,130.4,112.9,17.5,"MIA",25.7814,-80.187,-5,2023-11-14,48,35.2251,-80.8392,654.379273453008,3845.16323306843,-5,0,0,0.5,0.916868890351955,0,47.2289630117318,1.94634146341463,15.5536585365854,"2023-24"
22300204,"2023-11-18","MIA","CHI","A","L",97,-5,99.9,110.4,-10.6,"CHI",41.8807,-87.6742,-6,2023-11-16,48,25.7814,-80.187,1192.57569343884,5037.73892650727,-5,1,-1,0.5,0.946866804173232,0.285714285714286,57.7527029962506,1.94634146341463,-12.5463414634146,"2023-24"
22300220,"2023-11-20","MIA","CHI","A","W",118,18,125.8,108.6,17.2,"CHI",41.8807,-87.6742,-6,2023-11-18,48,41.8807,-87.6742,0,5037.73892650727,-6,0,0,0.5,0.946866804173232,0,48.2288934724411,1.94634146341463,15.2536585365854,"2023-24"
22300229,"2023-11-22","MIA","CLE","A","W",129,33,130,100.9,29.1,"CLE",41.4965,-81.6882,-5,2023-11-20,48,41.8807,-87.6742,310.281541020419,4474.53959309929,-6,1,1,0.5,0.93370172921461,0.428571428571429,62.0757719262013,1.94634146341463,27.1536585365854,"2023-24"
22300045,"2023-11-24","MIA","NYK","A","L",98,-2,100.8,98.1,2.7,"NYK",40.7505,-73.9934,-5,2023-11-22,48,41.4965,-81.6882,404.113541493158,4542.34168053823,-5,0,0,0.5,0.935371772024514,0,47.8457257341505,1.94634146341463,0.753658536585366,"2023-24"
22300240,"2023-11-25","MIA","BKN","A","L",97,-15,99.3,120.3,-21,"BKN",40.6826,-73.9754,-5,2023-11-24,24,40.7505,-73.9934,4.79057381509804,3668.2073444228,-5,0,0,1,0.911637418121157,0,63.7212472707052,1.94634146341463,-22.9463414634146,"2023-24"
22300056,"2023-11-28","MIA","MIAMIL","H","L",124,-7,122.5,129.9,-7.4,"MIA",25.7814,-80.187,-5,2023-11-25,72,40.6826,-73.9754,1090.80579591557,3656.94641913608,-5,0,0,0,0.911296014486333,0,30.3765338162111,1.94634146341463,-9.34634146341463,"2023-24"
22300267,"2023-11-30","MIA","MIAIND","H","W",142,10,129.3,117.8,11.6,"MIA",25.7814,-80.187,-5,2023-11-28,48,25.7814,-80.187,0,3002.56714568308,-5,0,0,0.5,0.889403862369006,0,46.3134620789669,1.94634146341463,9.65365853658537,"2023-24"
22300284,"2023-12-02","MIA","MIAIND","H","L",129,-15,122.2,142.9,-20.7,"MIA",25.7814,-80.187,-5,2023-11-30,48,25.7814,-80.187,0,1809.99145224424,-5,0,0,0.5,0.833210350089085,0,44.4403450029695,1.94634146341463,-22.6463414634146,"2023-24"
22301207,"2023-12-06","MIA","TOR","A","W",112,9,116.2,103.5,12.7,"TOR",43.6435,-79.379,-5,2023-12-02,96,25.7814,-80.187,1236.37439242936,3046.3658446736,-5,0,0,0,0.891011823249892,0,29.7003941083297,1.94634146341463,10.7536585365854,"2023-24"
22301220,"2023-12-08","MIA","MIACLE","H","L",99,-12,95.6,111.6,-16.1,"MIA",25.7814,-80.187,-5,2023-12-06,48,43.6435,-79.379,1236.37439242936,3972.45869608254,-5,0,0,0.5,0.920485441104935,0,47.3495147034978,1.94634146341463,-18.0463414634146,"2023-24"
22300292,"2023-12-11","MIA","CHA","A","W",116,2,122.2,115.5,6.6,"CHA",35.2251,-80.8392,-5,2023-12-08,72,25.7814,-80.187,654.379273453008,4222.72442804239,-5,0,0,0,0.927269674342773,0,30.9089891447591,1.94634146341463,4.65365853658537,"2023-24"
22300312,"2023-12-13","MIA","MIACHA","H","W",115,11,114.6,105.2,9.4,"MIA",25.7814,-80.187,-5,2023-12-11,48,35.2251,-80.8392,654.379273453008,4872.3131276803,-5,0,0,0.5,0.943159066323502,0,48.1053022107834,1.94634146341463,7.45365853658537,"2023-24"
22300320,"2023-12-14","MIA","MIACHI","H","L",116,-8,117.9,123.8,-5.9,"MIA",25.7814,-80.187,-5,2023-12-13,24,25.7814,-80.187,0,3781.50733176474,-5,0,0,1,0.915015235305311,0,63.8338411768437,1.94634146341463,-7.84634146341463,"2023-24"
22300337,"2023-12-16","MIA","MIACHI","H","W",118,2,122.9,123.7,-0.8,"MIA",25.7814,-80.187,-5,2023-12-14,48,25.7814,-80.187,0,3781.50733176474,-5,0,0,0.5,0.915015235305311,0,47.167174510177,1.94634146341463,-2.74634146341463,"2023-24"
22300353,"2023-12-18","MIA","MIAMIN","H","L",108,-4,107,117.4,-10.4,"MIA",25.7814,-80.187,-5,2023-12-16,48,25.7814,-80.187,0,3781.50733176474,-5,0,0,0.5,0.915015235305311,0,47.167174510177,1.94634146341463,-12.3463414634146,"2023-24"
22300366,"2023-12-20","MIA","ORL","A","W",115,9,121.6,112.3,9.3,"ORL",28.5392,-81.3839,-5,2023-12-18,48,25.7814,-80.187,204.482996041861,2749.61593537724,-5,0,0,0.5,0.879632343002697,0,45.9877447667566,1.94634146341463,7.35365853658537,"2023-24"
22300384,"2023-12-22","MIA","MIAATL","H","W",122,9,117.1,108.5,8.6,"MIA",25.7814,-80.187,-5,2023-12-20,48,28.5392,-81.3839,204.482996041861,1717.72453898974,-5,0,0,0.5,0.827402248503553,0,44.2467416167851,1.94634146341463,6.65365853658537,"2023-24"
22300404,"2023-12-25","MIA","MIAPHI","H","W",119,6,118.5,104.6,13.9,"MIA",25.7814,-80.187,-5,2023-12-22,72,25.7814,-80.187,0,1063.34526553673,-5,0,0,0,0.774174713755531,0,25.805823791851,1.94634146341463,11.9536585365854,"2023-24"
22300426,"2023-12-28","MIA","GSW","A","W",114,12,113.2,102,11.2,"GSW",37.768,-122.3877,-8,2023-12-25,72,25.7814,-80.187,2591.70184099209,3000.66783307581,-5,3,-1,0,0.88933360441685,0.857142857142857,58.2158820519903,1.94634146341463,9.25365853658537,"2023-24"
22300439,"2023-12-30","MIA","UTA","A","L",109,-8,105.2,110,-4.8,"UTA",40.7683,-111.9011,-7,2023-12-28,48,37.768,-122.3877,598.218575101357,3598.88640817716,-8,1,1,0.5,0.909518928491379,0.428571428571429,61.2696785687602,1.94634146341463,-6.74634146341463,"2023-24"
22300458,"2024-01-01","MIA","LAC","A","L",104,-17,106.4,124.5,-18.2,"LAC",34.043,-118.2673,-8,2023-12-30,48,40.7683,-111.9011,581.662923597926,4180.54933177509,-7,1,-1,0.5,0.92615502852329,0.285714285714286,57.0623104745859,1.94634146341463,-20.1463414634146,"2023-24"
22300475,"2024-01-03","MIA","LAL","A","W",110,14,106.3,90.1,16.2,"LAL",34.043,-118.2673,-8,2024-01-01,48,34.043,-118.2673,0,4180.54933177509,-8,0,0,0.5,0.92615502852329,0,47.5385009507763,1.94634146341463,14.2536585365854,"2023-24"
22300489,"2024-01-05","MIA","PHX","A","L",97,-16,99.3,117.1,-17.8,"PHX",33.4457,-112.0712,-7,2024-01-03,48,34.043,-118.2673,358.712741358694,4334.77907709192,-8,1,1,0.5,0.93017794716294,0.428571428571429,61.958312524479,1.94634146341463,-19.7463414634146,"2023-24"
22300509,"2024-01-08","MIA","MIAHOU","H","W",120,7,123.6,112.6,11,"MIA",25.7814,-80.187,-5,2024-01-05,72,33.4457,-112.0712,1980.62418251761,6110.92026356768,-7,2,1,0,0.96831288537734,0.714285714285714,56.0866199887685,1.94634146341463,9.05365853658537,"2023-24"
22300522,"2024-01-10","MIA","MIAOKC","H","L",120,-8,116.1,125.4,-9.3,"MIA",25.7814,-80.187,-5,2024-01-08,48,25.7814,-80.187,0,6110.92026356768,-5,0,0,0.5,0.96831288537734,0,48.9437628459113,1.94634146341463,-11.2463414634146,"2023-24"
22300535,"2024-01-12","MIA","MIAORL","H","W",99,3,102.3,102.3,-0.1,"MIA",25.7814,-80.187,-5,2024-01-10,48,25.7814,-80.187,0,3519.21842257559,-5,0,0,0.5,0.907033252024935,0,46.9011084008312,1.94634146341463,-2.04634146341463,"2023-24"
22300551,"2024-01-14","MIA","MIACHA","H","W",104,17,106.1,87.3,18.7,"MIA",25.7814,-80.187,-5,2024-01-12,48,25.7814,-80.187,0,2920.99984747423,-5,0,0,0.5,0.886345826151238,0,46.2115275383746,1.94634146341463,16.7536585365854,"2023-24"
22300562,"2024-01-15","MIA","BKN","A","W",96,1,91.4,90.4,1,"BKN",40.6826,-73.9754,-5,2024-01-14,24,25.7814,-80.187,1090.80579591557,3430.14271979187,-5,0,0,1,0.904186548722872,0,63.4728849574291,1.94634146341463,-0.946341463414634,"2023-24"
22300574,"2024-01-17","MIA","TOR","A","L",97,-24,99.7,127.5,-27.8,"TOR",43.6435,-79.379,-5,2024-01-15,48,40.6826,-73.9754,344.413109831946,3774.55582962382,-5,0,0,0.5,0.914810921697128,0,47.1603640565709,1.94634146341463,-29.7463414634146,"2023-24"
22300587,"2024-01-19","MIA","MIAATL","H","L",108,-1,111.7,108.5,3.2,"MIA",25.7814,-80.187,-5,2024-01-17,48,43.6435,-79.379,1236.37439242936,4652.21748069449,-5,0,0,0.5,0.938025927590741,0,47.934197586358,1.94634146341463,1.25365853658537,"2023-24"
22300601,"2024-01-21","MIA","ORL","A","L",87,-18,92.6,113.7,-21.1,"ORL",28.5392,-81.3839,-5,2024-01-19,48,25.7814,-80.187,204.482996041861,2876.07629421873,-5,0,0,0.5,0.884624936576958,0,46.1541645525653,1.94634146341463,-23.0463414634146,"2023-24"
22300621,"2024-01-24","MIA","MIAMEM","H","L",96,-9,97,105.7,-8.7,"MIA",25.7814,-80.187,-5,2024-01-21,72,28.5392,-81.3839,204.482996041861,3080.55929026059,-5,0,0,0,0.892251167859976,0,29.7417055953325,1.94634146341463,-10.6463414634146,"2023-24"
22300630,"2024-01-25","MIA","MIABOS","H","L",110,-33,117.4,152.5,-35.1,"MIA",25.7814,-80.187,-5,2024-01-24,24,25.7814,-80.187,0,3080.55929026059,-5,0,0,1,0.892251167859976,0,63.0750389286659,1.94634146341463,-37.0463414634146,"2023-24"
22300643,"2024-01-27","MIA","NYK","A","L",109,-16,114.7,132.4,-17.7,"NYK",40.7505,-73.9934,-5,2024-01-25,48,25.7814,-80.187,1094.8551797563,4175.41447001689,-5,0,0,0.5,0.926018552188112,0,47.5339517396037,1.94634146341463,-19.6463414634146,"2023-24"
22300661,"2024-01-29","MIA","MIAPHX","H","L",105,-13,105,118.6,-13.6,"MIA",25.7814,-80.187,-5,2024-01-27,48,40.7505,-73.9934,1094.8551797563,4179.46385385762,-5,0,0,0.5,0.926126192247246,0,47.5375397415749,1.94634146341463,-15.5463414634146,"2023-24"
22300678,"2024-01-31","MIA","MIASAC","H","W",115,9,118.4,108.3,10.2,"MIA",25.7814,-80.187,-5,2024-01-29,48,25.7814,-80.187,0,3835.05074402568,-5,0,0,0.5,0.916576474479667,0,47.2192158159889,1.94634146341463,8.25365853658537,"2023-24"
22300689,"2024-02-02","MIA","WAS","A","W",110,8,108.5,99.8,8.7,"WAS",38.8981,-77.021,-5,2024-01-31,48,25.7814,-80.187,925.78854484727,3524.46489644359,-5,0,0,0.5,0.907198666496663,0,46.9066222165554,1.94634146341463,6.75365853658537,"2023-24"
22300708,"2024-02-04","MIA","MIALAC","H","L",95,-8,100.8,108.8,-8,"MIA",25.7814,-80.187,-5,2024-02-02,48,38.8981,-77.021,925.78854484727,4245.770445249,-5,0,0,0.5,0.927874064240537,0,47.5958021413512,1.94634146341463,-9.94634146341463,"2023-24"
22300721,"2024-02-06","MIA","MIAORL","H","W",121,26,124.8,95.7,29.1,"MIA",25.7814,-80.187,-5,2024-02-04,48,25.7814,-80.187,0,4041.28744920714,-5,0,0,0.5,0.922392945944224,0,47.4130981981408,1.94634146341463,27.1536585365854,"2023-24"
22300730,"2024-02-07","MIA","MIASAS","H","W",116,12,112.5,97.7,14.8,"MIA",25.7814,-80.187,-5,2024-02-06,24,25.7814,-80.187,0,4041.28744920714,-5,0,0,1,0.922392945944224,0,64.0797648648075,1.94634146341463,12.8536585365854,"2023-24"
22300759,"2024-02-11","MIA","MIABOS","H","L",106,-4,109.7,117.7,-7.9,"MIA",25.7814,-80.187,-5,2024-02-07,96,25.7814,-80.187,0,2946.43226945084,-5,0,0,0,0.887308376336185,0,29.5769458778728,1.94634146341463,-9.84634146341463,"2023-24"
22300773,"2024-02-13","MIA","MIL","A","W",123,26,120.7,96.2,24.5,"MIL",43.045,-87.917,-6,2024-02-11,48,25.7814,-80.187,1271.56932426741,3123.14641396195,-5,1,-1,0.5,0.893775652237224,0.285714285714286,55.982997931717,1.94634146341463,22.5536585365854,"2023-24"
22300779,"2024-02-14","MIA","PHI","A","W",109,5,111.7,102.9,8.8,"PHI",39.9012,-75.172,-5,2024-02-13,24,43.045,-87.917,694.5833858058,3817.72979976775,-6,1,1,1,0.916073821121885,0.428571428571429,78.1548416564438,1.94634146341463,6.85365853658537,"2023-24"
22300810,"2024-02-23","MIA","NOP","A","W",106,11,108.2,92.5,15.7,"NOP",29.949,-90.0822,-6,2024-02-14,216,39.9012,-75.172,1087.74209097133,3979.68334589181,-5,1,-1,0,0.92068720925184,0.285714285714286,40.2133831655375,1.94634146341463,13.7536585365854,"2023-24"
22300831,"2024-02-26","MIA","SAC","A","W",121,11,122.2,116.7,5.5,"SAC",38.5805,-121.4993,-8,2024-02-23,72,29.949,-90.0822,1881.83669148846,4935.731492533,-6,2,-1,0,0.94459514797925,0.571428571428571,50.5341239802607,1.94634146341463,3.55365853658537,"2023-24"
22300842,"2024-02-27","MIA","POR","A","W",106,10,111.1,98.6,12.5,"POR",45.5316,-122.6668,-8,2024-02-26,24,38.5805,-121.4993,484.522481968318,5420.25397450132,-8,0,0,1,0.954993984028581,0,65.166466134286,1.94634146341463,10.5536585365854,"2023-24"
22300855,"2024-02-29","MIA","DEN","A","L",97,-6,97.4,103.8,-6.4,"DEN",39.7487,-105.0077,-7,2024-02-27,48,45.5316,-122.6668,980.83797616504,6401.09195066636,-8,1,1,0.5,0.973464760664764,0.428571428571429,63.4012063078731,1.94634146341463,-8.34634146341463,"2023-24"
22300867,"2024-03-02","MIA","MIAUTA","H","W",126,6,129.9,123.2,6.7,"MIA",25.7814,-80.187,-5,2024-02-29,48,39.7487,-105.0077,1727.64941181798,8128.74136248434,-7,2,1,0.5,1,0.714285714285714,73.8095238095238,1.94634146341463,4.75365853658537,"2023-24"
22300888,"2024-03-05","MIA","MIADET","H","W",118,8,122.8,110.4,12.4,"MIA",25.7814,-80.187,-5,2024-03-02,72,25.7814,-80.187,0,6857.17203821693,-5,0,0,0,0.981108208574839,0,32.7036069524946,1.94634146341463,10.4536585365854,"2023-24"
22300904,"2024-03-07","MIA","DAL","A","L",108,-6,108.6,117.4,-8.8,"DAL",32.7905,-96.8103,-6,2024-03-05,48,25.7814,-80.187,1112.06754534975,7274.65619776088,-5,1,-1,0.5,0.987671709842,0.285714285714286,59.1128665185428,1.94634146341463,-10.7463414634146,"2023-24"
22300914,"2024-03-08","MIA","OKC","A","L",100,-7,106.5,113,-6.5,"OKC",35.4634,-97.5151,-6,2024-03-07,24,32.7905,-96.8103,189.238198321435,6376.15230511098,-6,0,0,1,0.973031235128289,0,65.7677078376096,1.94634146341463,-8.44634146341463,"2023-24"
22300926,"2024-03-10","MIA","MIAWAS","H","L",108,-2,108.1,110.4,-2.3,"MIA",25.7814,-80.187,-5,2024-03-08,48,35.4634,-97.5151,1226.81432825588,5721.12994187839,-6,1,1,0.5,0.960993345140028,0.428571428571429,62.9854924570486,1.94634146341463,-4.24634146341463,"2023-24"
22300949,"2024-03-13","MIA","MIADEN","H","L",88,-12,99,110.2,-11.3,"MIA",25.7814,-80.187,-5,2024-03-10,72,25.7814,-80.187,0,5236.60745991008,-5,0,0,0,0.951166231247738,0,31.7055410415913,1.94634146341463,-13.2463414634146,"2023-24"
22300962,"2024-03-15","MIA","DET","A","W",108,13,108.8,95.4,13.4,"DET",42.341,-83.0552,-5,2024-03-13,48,25.7814,-80.187,1156.97987048181,5412.74935422684,-5,0,0,0.5,0.954840122950977,0,48.4946707650326,1.94634146341463,11.4536585365854,"2023-24"
22300977,"2024-03-17","MIA","DET","A","W",104,3,109.4,107.3,2.2,"DET",42.341,-83.0552,-5,2024-03-15,48,42.341,-83.0552,0,3685.09994240887,-5,0,0,0.5,0.912147600455093,0,47.0715866818364,1.94634146341463,0.253658536585366,"2023-24"
22300985,"2024-03-18","MIA","PHI","A","L",91,-7,91.8,102.9,-11.1,"PHI",39.9012,-75.172,-5,2024-03-17,24,42.341,-83.0552,443.869081020868,4128.96902342974,-5,0,0,1,0.924776428859543,0,64.1592142953181,1.94634146341463,-13.0463414634146,"2023-24"
22300996,"2024-03-20","MIA","CLE","A","W",107,3,115.9,114.7,1.2,"CLE",41.4965,-81.6882,-5,2024-03-18,48,39.9012,-75.172,358.987541037916,3375.8890191179,-5,0,0,0.5,0.902416252201134,0,46.7472084067045,1.94634146341463,-0.746341463414634,"2023-24"
22301013,"2024-03-22","MIA","MIANOP","H","L",88,-23,96.1,125.7,-29.7,"MIA",25.7814,-80.187,-5,2024-03-20,48,41.4965,-81.6882,1090.40955753847,4277.06037833494,-5,0,0,0.5,0.928689425067976,0,47.6229808355992,1.94634146341463,-31.6463414634146,"2023-24"
22301029,"2024-03-24","MIA","MIACLE","H","W",121,37,125.9,89.6,36.3,"MIA",25.7814,-80.187,-5,2024-03-22,48,25.7814,-80.187,0,3050.24605007906,-5,0,0,0.5,0.891153159253001,0,46.3717719751,1.94634146341463,34.3536585365854,"2023-24"
22301044,"2024-03-26","MIA","MIAGSW","H","L",92,-21,96.1,119.7,-23.6,"MIA",25.7814,-80.187,-5,2024-03-24,48,25.7814,-80.187,0,3050.24605007906,-5,0,0,0.5,0.891153159253001,0,46.3717719751,1.94634146341463,-25.5463414634146,"2023-24"
22301068,"2024-03-29","MIA","MIAPOR","H","W",142,60,138,77.5,60.5,"MIA",25.7814,-80.187,-5,2024-03-26,72,25.7814,-80.187,0,1893.26617959725,-5,0,0,0,0.838203757194164,0,27.9401252398055,1.94634146341463,58.5536585365854,"2023-24"
22301081,"2024-03-31","MIA","WAS","A","W",119,12,116.9,100.7,16.2,"WAS",38.8981,-77.021,-5,2024-03-29,48,25.7814,-80.187,925.78854484727,2819.05472444452,-5,0,0,0.5,0.88240149106187,0,46.0800497020623,1.94634146341463,14.2536585365854,"2023-24"
22301096,"2024-04-02","MIA","MIANYK","H","W",109,10,115.7,107.3,8.3,"MIA",25.7814,-80.187,-5,2024-03-31,48,38.8981,-77.021,925.78854484727,3300.97418827093,-5,0,0,0.5,0.899924456132616,0,46.6641485377539,1.94634146341463,6.35365853658537,"2023-24"
22301111,"2024-04-04","MIA","MIAPHI","H","L",105,-4,102.9,109.2,-6.3,"MIA",25.7814,-80.187,-5,2024-04-02,48,25.7814,-80.187,0,2941.98664723301,-5,0,0,0.5,0.887140721733163,0,46.2380240577721,1.94634146341463,-8.24634146341463,"2023-24"
22301120,"2024-04-05","MIA","HOU","A","W",119,15,119.9,106.1,13.8,"HOU",29.7508,-95.3621,-6,2024-04-04,24,25.7814,-80.187,967.649903474838,2819.22699316938,-5,1,-1,1,0.882408275824684,0.285714285714286,72.270752051299,1.94634146341463,11.8536585365854,"2023-24"
22301133,"2024-04-07","MIA","IND","A","L",115,-2,118.5,119.1,-0.6,"IND",39.7639,-86.1555,-5,2024-04-05,48,29.7508,-95.3621,866.924228775926,3686.1512219453,-6,1,1,0.5,0.912179273383038,0.428571428571429,61.3583567318155,1.94634146341463,-2.54634146341463,"2023-24"
22301147,"2024-04-09","MIA","ATL","A","W",117,6,106.1,93.9,12.2,"ATL",33.7573,-84.3963,-5,2024-04-07,48,39.7639,-86.1555,426.738163666341,4112.88938561164,-5,0,0,0.5,0.924343142201539,0,47.4781047400513,1.94634146341463,10.2536585365854,"2023-24"
22301161,"2024-04-10","MIA","MIADAL","H","L",92,-19,99.2,121,-21.8,"MIA",25.7814,-80.187,-5,2024-04-09,24,33.7573,-84.3963,606.660771618492,4719.55015723014,-5,0,0,1,0.939621616370715,0,64.6540538790238,1.94634146341463,-23.7463414634146,"2023-24"
22301176,"2024-04-12","MIA","MIATOR","H","W",125,22,128.7,106.5,22.2,"MIA",25.7814,-80.187,-5,2024-04-10,48,25.7814,-80.187,0,3793.76161238287,-5,0,0,0.5,0.915374491714582,0,47.1791497238194,1.94634146341463,20.2536585365854,"2023-24"
22301189,"2024-04-14","MIA","MIATOR","H","W",118,15,116.4,97.9,18.5,"MIA",25.7814,-80.187,-5,2024-04-12,48,25.7814,-80.187,0,2867.9730675356,-5,0,0,0.5,0.884311667194667,0,46.1437222398222,1.94634146341463,16.5536585365854,"2023-24"
22300075,"2023-10-26","MIL","MILPHI","H","W",118,1,114.7,113.2,1.5,"MIL",43.045,-87.917,-6,NA,NA,NA,NA,0,NA,NA,0,0,0,0,0,0,3.21829268292683,-1.71829268292683,"2023-24"
22300097,"2023-10-29","MIL","MILATL","H","L",110,-17,104,119,-15.1,"MIL",43.045,-87.917,-6,2023-10-26,72,43.045,-87.917,0,NA,-6,0,0,0,0,0,0,3.21829268292683,-18.3182926829268,"2023-24"
22300107,"2023-10-30","MIL","MILMIA","H","W",122,8,114.9,110.9,4,"MIL",43.045,-87.917,-6,2023-10-29,24,43.045,-87.917,0,NA,-6,0,0,1,0,0,33.3333333333333,3.21829268292683,0.781707317073171,"2023-24"
22300116,"2023-11-01","MIL","TOR","A","L",111,-19,113.6,129.8,-16.2,"TOR",43.6435,-79.379,-5,2023-10-30,48,43.045,-87.917,431.292807997474,NA,-6,1,1,0.5,0,0.428571428571429,30.952380952381,3.21829268292683,-19.4182926829268,"2023-24"
22300002,"2023-11-03","MIL","MILNYK","H","W",110,5,108.6,102.9,5.6,"MIL",43.045,-87.917,-6,2023-11-01,48,43.6435,-79.379,431.292807997474,NA,-5,1,-1,0.5,0,0.285714285714286,26.1904761904762,3.21829268292683,2.38170731707317,"2023-24"
22300149,"2023-11-06","MIL","BKN","A","W",129,4,123.4,120.5,2.9,"BKN",40.6826,-73.9754,-5,2023-11-03,72,43.045,-87.917,735.600571281191,NA,-6,1,1,0,0,0.428571428571429,14.2857142857143,3.21829268292683,-0.318292682926829,"2023-24"
22300165,"2023-11-08","MIL","MILDET","H","W",120,2,110,104.4,5.6,"MIL",43.045,-87.917,-6,2023-11-06,48,40.6826,-73.9754,735.600571281191,2333.78675855733,-5,1,-1,0.5,0.861427397671549,0.285714285714286,54.9047227795278,3.21829268292683,2.38170731707317,"2023-24"
22300171,"2023-11-09","MIL","IND","A","L",124,-2,115.4,120.2,-4.8,"IND",39.7639,-86.1555,-5,2023-11-08,24,43.045,-87.917,244.650099469571,2578.4368580269,-6,1,1,1,0.872495640739851,0.428571428571429,76.7022356437093,3.21829268292683,-8.01829268292683,"2023-24"
22300173,"2023-11-11","MIL","ORL","A","L",97,-15,95.1,111.6,-16.5,"ORL",28.5392,-81.3839,-5,2023-11-09,48,39.7639,-86.1555,822.711579822832,3401.14843784973,-5,0,0,0.5,0.903243977741123,0,46.7747992580374,3.21829268292683,-19.7182926829268,"2023-24"
22300190,"2023-11-13","MIL","MILCHI","H","W",118,9,112.5,109.8,2.7,"MIL",43.045,-87.917,-6,2023-11-11,48,28.5392,-81.3839,1067.35169924242,4468.50013709215,-5,1,-1,0.5,0.93355174531493,0.285714285714286,57.3088677009738,3.21829268292683,-0.518292682926829,"2023-24"
22300195,"2023-11-15","MIL","TOR","A","W",128,16,130.3,114.7,15.6,"TOR",43.6435,-79.379,-5,2023-11-13,48,43.045,-87.917,431.292807997474,4468.50013709215,-6,1,1,0.5,0.93355174531493,0.428571428571429,62.0707724628786,3.21829268292683,12.3817073170732,"2023-24"
22300027,"2023-11-17","MIL","CHA","A","W",130,31,125.3,95.5,29.9,"CHA",35.2251,-80.8392,-5,2023-11-15,48,43.6435,-79.379,587.482078914637,4624.68940800931,-5,0,0,0.5,0.937366891359777,0,47.9122297119926,3.21829268292683,26.6817073170732,"2023-24"
22300205,"2023-11-18","MIL","MILDAL","H","W",132,7,126,115.3,10.6,"MIL",43.045,-87.917,-6,2023-11-17,24,35.2251,-80.8392,660.339159868779,4549.4279965969,-5,1,-1,1,0.935544875458399,0.285714285714286,74.0419720390895,3.21829268292683,7.38170731707317,"2023-24"
22300219,"2023-11-20","MIL","WAS","A","W",142,13,134.8,125.4,9.4,"WAS",38.8981,-77.021,-5,2023-11-18,48,43.045,-87.917,636.574551145391,4450.4019764611,-6,1,1,0.5,0.933101078803358,0.428571428571429,62.0557502458262,3.21829268292683,6.18170731707317,"2023-24"
22300228,"2023-11-22","MIL","BOS","A","L",116,-3,111,116.1,-5.1,"BOS",42.3662,-71.0621,-5,2023-11-20,48,38.8981,-77.021,394.034709905986,4599.78658689752,-5,0,0,0.5,0.936767317383734,0,47.8922439127911,3.21829268292683,-8.31829268292683,"2023-24"
22300049,"2023-11-24","MIL","MILWAS","H","W",131,3,124.1,120.5,3.7,"MIL",43.045,-87.917,-6,2023-11-22,48,42.3662,-71.0621,856.579559187163,4633.65456626185,-5,1,-1,0.5,0.93758195153936,0.285714285714286,57.4432079084549,3.21829268292683,0.481707317073171,"2023-24"
22300245,"2023-11-26","MIL","MILPOR","H","W",108,6,105.8,93.8,12,"MIL",43.045,-87.917,-6,2023-11-24,48,43.045,-87.917,0,3566.30286701943,-6,0,0,0.5,0.908509021388229,0,46.950300712941,3.21829268292683,8.78170731707317,"2023-24"
22300056,"2023-11-28","MIL","MIA","A","W",131,7,129.9,122.5,7.4,"MIA",25.7814,-80.187,-5,2023-11-26,48,43.045,-87.917,1271.56932426741,4406.57938328936,-6,1,1,0.5,0.932002207442807,0.428571428571429,62.0191212004745,3.21829268292683,4.18170731707317,"2023-24"
22300269,"2023-11-30","MIL","CHI","A","L",113,-7,97.6,104.6,-7,"CHI",41.8807,-87.6742,-6,2023-11-28,48,25.7814,-80.187,1192.57569343884,5011.67299781356,-5,1,-1,0.5,0.946290733015275,0.285714285714286,57.7335006243187,3.21829268292683,-10.2182926829268,"2023-24"
22300286,"2023-12-02","MIL","MILATL","H","W",132,11,127.4,113.9,13.5,"MIL",43.045,-87.917,-6,2023-11-30,48,41.8807,-87.6742,81.4830103720468,4432.81684831683,-6,0,0,0.5,0.932661428878253,0,47.7553809626084,3.21829268292683,10.2817073170732,"2023-24"
22301201,"2023-12-05","MIL","MILNYK","H","W",146,24,146.9,114.5,32.4,"MIL",43.045,-87.917,-6,2023-12-02,72,43.045,-87.917,0,3796.24229717144,-6,0,0,0,0.91544707626699,0,30.514902542233,3.21829268292683,29.1817073170732,"2023-24"
22301229,"2023-12-07","MIL","MILIND","H","L",119,-9,109.9,118.5,-8.7,"MIL",43.045,-87.917,-6,2023-12-05,48,43.045,-87.917,0,3402.20758726545,-6,0,0,0.5,0.903278550609372,0,46.7759516869791,3.21829268292683,-11.9182926829268,"2023-24"
22300300,"2023-12-11","MIL","MILCHI","H","W",133,4,124,114.2,9.8,"MIL",43.045,-87.917,-6,2023-12-07,96,43.045,-87.917,0,2545.62802807829,-6,0,0,0,0.871073830620572,0,29.035794354019,3.21829268292683,6.58170731707317,"2023-24"
22300315,"2023-12-13","MIL","MILIND","H","W",140,14,122.7,108.5,14.1,"MIL",43.045,-87.917,-6,2023-12-11,48,43.045,-87.917,0,2545.62802807829,-6,0,0,0.5,0.871073830620572,0,45.7024610206857,3.21829268292683,10.8817073170732,"2023-24"
22300334,"2023-12-16","MIL","MILDET","H","W",146,32,133.8,108.1,25.7,"MIL",43.045,-87.917,-6,2023-12-13,72,43.045,-87.917,0,1274.05870381088,-6,0,0,0,0.794237657008034,0,26.4745885669344,3.21829268292683,22.4817073170732,"2023-24"
22300346,"2023-12-17","MIL","MILHOU","H","W",128,9,121.8,121.1,0.7,"MIL",43.045,-87.917,-6,2023-12-16,24,43.045,-87.917,0,81.4830103720466,-6,0,0,1,0.490109180877527,0,49.6703060292509,3.21829268292683,-2.51829268292683,"2023-24"
22300361,"2023-12-19","MIL","MILSAS","H","W",132,13,120.1,105.1,15,"MIL",43.045,-87.917,-6,2023-12-17,48,43.045,-87.917,0,-2.70006239588838e-13,-6,0,0,0.5,-2.99897490642045e-14,0,16.6666666666657,3.21829268292683,11.7817073170732,"2023-24"
22300378,"2023-12-21","MIL","MILORL","H","W",118,4,108.9,110.6,-1.7,"MIL",43.045,-87.917,-6,2023-12-19,48,43.045,-87.917,0,-2.70006239588838e-13,-6,0,0,0.5,-2.99897490642045e-14,0,16.6666666666657,3.21829268292683,-4.91829268292683,"2023-24"
22300388,"2023-12-23","MIL","NYK","A","W",130,19,126.1,108.6,17.5,"NYK",40.7505,-73.9934,-5,2023-12-21,48,43.045,-87.917,733.306248994209,733.306248994209,-6,1,1,0.5,0.732946543641265,0.428571428571429,55.3839324070898,3.21829268292683,14.2817073170732,"2023-24"
22300401,"2023-12-25","MIL","NYK","A","L",122,-7,122.5,119,3.6,"NYK",40.7505,-73.9934,-5,2023-12-23,48,40.7505,-73.9934,0,733.306248994209,-5,0,0,0.5,0.732946543641265,0,41.0982181213755,3.21829268292683,0.381707317073171,"2023-24"
22300417,"2023-12-27","MIL","BKN","A","W",144,22,142.4,115.4,27,"BKN",40.6826,-73.9754,-5,2023-12-25,48,40.7505,-73.9934,4.79057381509804,738.096822809307,-5,0,0,0.5,0.733668808562833,0,41.1222936187611,3.21829268292683,23.7817073170732,"2023-24"
22300433,"2023-12-29","MIL","CLE","A","W",119,8,116.3,102.8,13.5,"CLE",41.4965,-81.6882,-5,2023-12-27,48,40.6826,-73.9754,405.872143513255,1143.96896632256,-5,0,0,0.5,0.78228483155997,0,42.7428277186657,3.21829268292683,10.2817073170732,"2023-24"
22300454,"2024-01-01","MIL","MILIND","H","L",113,-9,105.2,114.3,-9.1,"MIL",43.045,-87.917,-6,2023-12-29,72,41.4965,-81.6882,336.231611669537,1480.2005779921,-5,1,-1,0,0.810882776060255,0.285714285714286,36.5532353924847,3.21829268292683,-12.3182926829268,"2023-24"
22300466,"2024-01-03","MIL","IND","A","L",130,-12,119.2,130.3,-11.1,"IND",39.7639,-86.1555,-5,2024-01-01,48,43.045,-87.917,244.650099469571,1724.85067746167,-6,1,1,0.5,0.827861814863781,0.428571428571429,58.5477747811737,3.21829268292683,-14.3182926829268,"2023-24"
22300477,"2024-01-04","MIL","SAS","A","W",125,4,117.5,115.8,1.7,"SAS",29.427,-98.4375,-6,2024-01-03,24,39.7639,-86.1555,998.241556557734,2723.0922340194,-5,1,-1,1,0.878556111796938,0.285714285714286,72.1423465837075,3.21829268292683,-1.51829268292683,"2023-24"
22300496,"2024-01-06","MIL","HOU","A","L",108,-4,106.4,111.9,-5.5,"HOU",29.7508,-95.3621,-6,2024-01-04,48,29.427,-98.4375,186.331542104265,2176.11752712946,-6,0,0,0.5,0.853661476552761,0,45.1220492184254,3.21829268292683,-8.71829268292683,"2023-24"
22300510,"2024-01-08","MIL","MILUTA","H","L",116,-16,115.6,131.1,-15.5,"MIL",43.045,-87.917,-6,2024-01-06,48,29.7508,-95.3621,1007.63011583222,3183.74764296168,-6,0,0,0.5,0.895909535132691,0,46.5303178377563,3.21829268292683,-18.7182926829268,"2023-24"
22300528,"2024-01-11","MIL","MILBOS","H","W",135,33,137.7,97.9,39.8,"MIL",43.045,-87.917,-6,2024-01-08,72,43.045,-87.917,0,3178.95706914658,-6,0,0,0,0.895742334319267,0,29.8580778106422,3.21829268292683,36.5817073170732,"2023-24"
22300545,"2024-01-13","MIL","MILGSW","H","W",129,11,129.7,117.8,11.9,"MIL",43.045,-87.917,-6,2024-01-11,48,43.045,-87.917,0,2773.08492563333,-6,0,0,0.5,0.880576006761449,0,46.0192002253816,3.21829268292683,8.68170731707317,"2023-24"
22300552,"2024-01-14","MIL","MILSAC","H","W",143,1,123.2,124.8,-1.6,"MIL",43.045,-87.917,-6,2024-01-13,24,43.045,-87.917,0,2436.85331396379,-6,0,0,1,0.866225346713709,0,62.2075115571236,3.21829268292683,-4.81829268292683,"2023-24"
22300572,"2024-01-17","MIL","CLE","A","L",95,-40,94.6,133.2,-38.6,"CLE",41.4965,-81.6882,-5,2024-01-14,72,43.045,-87.917,336.231611669537,2528.43482616375,-6,1,1,0,0.870321410396418,0.428571428571429,43.2964279655949,3.21829268292683,-41.8182926829268,"2023-24"
22300592,"2024-01-20","MIL","DET","A","W",141,6,129.9,124.9,5,"DET",42.341,-83.0552,-5,2024-01-17,72,41.4965,-81.6882,91.4453758859851,1621.63864549201,-5,0,0,0,0.821012485785369,0,27.3670828595123,3.21829268292683,1.78170731707317,"2023-24"
22300606,"2024-01-22","MIL","DET","A","W",122,9,113,106.8,6.2,"DET",42.341,-83.0552,-5,2024-01-20,48,42.341,-83.0552,0,1435.30710338774,-5,0,0,0.5,0.80746428444251,0,43.5821428147503,3.21829268292683,2.98170731707317,"2023-24"
22300624,"2024-01-24","MIL","MILCLE","H","W",126,10,120.8,110.9,9.9,"MIL",43.045,-87.917,-6,2024-01-22,48,42.341,-83.0552,251.888310882894,679.565298438415,-5,1,-1,0.5,0.724504913095586,0.285714285714286,50.340639960329,3.21829268292683,6.68170731707317,"2023-24"
22300639,"2024-01-26","MIL","MILCLE","H","L",100,-12,96.6,108.1,-11.5,"MIL",43.045,-87.917,-6,2024-01-24,48,43.045,-87.917,0,679.565298438415,-6,0,0,0.5,0.724504913095586,0,40.8168304365195,3.21829268292683,-14.7182926829268,"2023-24"
22300648,"2024-01-27","MIL","MILNOP","H","W",141,24,134.3,109.5,24.8,"MIL",43.045,-87.917,-6,2024-01-26,24,43.045,-87.917,0,679.565298438415,-6,0,0,1,0.724504913095586,0,57.4834971031862,3.21829268292683,21.5817073170732,"2023-24"
22300667,"2024-01-29","MIL","DEN","A","L",107,-6,105.9,112.4,-6.4,"DEN",39.7487,-105.0077,-7,2024-01-27,48,43.045,-87.917,913.85727182461,1593.42257026303,-6,1,-1,0.5,0.819064088825179,0.285714285714286,53.4926124846488,3.21829268292683,-9.61829268292683,"2023-24"
22300683,"2024-01-31","MIL","POR","A","L",116,-3,112.7,121.5,-8.8,"POR",45.5316,-122.6668,-8,2024-01-29,48,39.7487,-105.0077,980.83797616504,2238.02893475853,-7,1,-1,0.5,0.856775950424503,0.285714285714286,54.7496745379596,3.21829268292683,-12.0182926829268,"2023-24"
22300702,"2024-02-03","MIL","DAL","A","W",129,12,121.7,112.4,9.3,"DAL",32.7905,-96.8103,-6,2024-01-31,72,45.5316,-122.6668,1631.84630163447,3778.42986050701,-8,2,1,0,0.914924830817359,0.714285714285714,54.3070181701024,3.21829268292683,6.08170731707317,"2023-24"
22300711,"2024-02-04","MIL","UTA","A","L",108,-15,108,118.8,-10.8,"UTA",40.7683,-111.9011,-7,2024-02-03,24,32.7905,-96.8103,999.519352579207,4777.94921308622,-6,1,-1,1,0.940987266989653,0.285714285714286,74.2233850901313,3.21829268292683,-14.0182926829268,"2023-24"
22300725,"2024-02-06","MIL","PHX","A","L",106,-8,101.9,108.7,-6.8,"PHX",33.4457,-112.0712,-7,2024-02-04,48,40.7683,-111.9011,506.597396462442,5032.65829866577,-7,0,0,0.5,0.946754753723746,0,48.2251584574582,3.21829268292683,-10.0182926829268,"2023-24"
22300738,"2024-02-08","MIL","MILMIN","H","L",105,-24,115.3,143.3,-27.9,"MIL",43.045,-87.917,-6,2024-02-06,48,33.4457,-112.0712,1463.29964062771,6495.95793929348,-7,1,1,0.5,0.975098525980595,0.428571428571429,63.4556651517341,3.21829268292683,-31.1182926829268,"2023-24"
22300745,"2024-02-09","MIL","MILCHA","H","W",120,36,118.2,85.1,33.1,"MIL",43.045,-87.917,-6,2024-02-08,24,43.045,-87.917,0,6495.95793929348,-6,0,0,1,0.975098525980595,0,65.8366175326865,3.21829268292683,29.8817073170732,"2023-24"
22300767,"2024-02-12","MIL","MILDEN","H","W",112,17,116.8,92.7,24.1,"MIL",43.045,-87.917,-6,2024-02-09,72,43.045,-87.917,0,5582.10066746887,-6,0,0,0,0.958261363649578,0,31.9420454549859,3.21829268292683,20.8817073170732,"2023-24"
22300773,"2024-02-13","MIL","MILMIA","H","L",97,-26,96.2,120.7,-24.5,"MIL",43.045,-87.917,-6,2024-02-12,24,43.045,-87.917,0,4601.26269130383,-6,0,0,1,0.936802947263762,0,64.5600982421254,3.21829268292683,-27.7182926829268,"2023-24"
22300790,"2024-02-15","MIL","MEM","A","L",110,-3,108.1,112.6,-4.5,"MEM",35.1382,-90.0505,-6,2024-02-13,48,43.045,-87.917,558.729415797015,3528.14580546637,-6,0,0,0.5,0.907314573878853,0,46.9104857959618,3.21829268292683,-7.71829268292683,"2023-24"
22300808,"2024-02-23","MIL","MIN","A","W",112,5,115.5,105.2,10.3,"MIN",44.9795,-93.276,-6,2024-02-15,192,35.1382,-90.0505,701.661510171567,3230.28796305873,-6,0,0,0,0.89752091986681,0,29.9173639955603,3.21829268292683,7.08170731707317,"2023-24"
22300817,"2024-02-25","MIL","PHI","A","W",119,21,120.3,99.2,21.1,"PHI",39.9012,-75.172,-5,2024-02-23,48,44.9795,-93.276,986.019597811286,3709.71016440758,-6,1,1,0.5,0.91288669788393,0.428571428571429,61.3819375485119,3.21829268292683,17.8817073170732,"2023-24"
22300840,"2024-02-27","MIL","MILCHA","H","W",123,38,128.2,88.1,40.1,"MIL",43.045,-87.917,-6,2024-02-25,48,39.9012,-75.172,694.5833858058,2940.99390958567,-5,1,-1,0.5,0.887103248730777,0.285714285714286,55.7605844815021,3.21829268292683,36.8817073170732,"2023-24"
22300849,"2024-02-29","MIL","CHA","A","W",111,12,117.1,104.4,12.7,"CHA",35.2251,-80.8392,-5,2024-02-27,48,43.045,-87.917,660.339159868779,3601.33306945445,-6,1,1,0.5,0.909594391921301,0.428571428571429,61.2721940164243,3.21829268292683,9.48170731707317,"2023-24"
22300864,"2024-03-01","MIL","CHI","A","W",113,16,117.6,98.9,18.7,"CHI",41.8807,-87.6742,-6,2024-02-29,24,35.2251,-80.8392,590.030336327785,4191.36340578223,-5,1,-1,1,0.92644190185351,0.285714285714286,73.7385395855932,3.21829268292683,15.4817073170732,"2023-24"
22300880,"2024-03-04","MIL","MILLAC","H","W",113,7,118.5,101.9,16.6,"MIL",43.045,-87.917,-6,2024-03-01,72,41.8807,-87.6742,81.4830103720468,4272.84641615428,-6,0,0,0,0.928579964742056,0,30.9526654914019,3.21829268292683,13.3817073170732,"2023-24"
22300899,"2024-03-06","MIL","GSW","A","L",90,-35,86,122.5,-36.4,"GSW",37.768,-122.3877,-8,2024-03-04,48,43.045,-87.917,1838.43376888327,5552.55076924054,-6,2,-1,0.5,0.957671934772507,0.571428571428571,67.6366835400359,3.21829268292683,-39.6182926829268,"2023-24"
22300915,"2024-03-08","MIL","LAL","A","L",122,-1,119,123.8,-4.7,"LAL",34.043,-118.2673,-8,2024-03-06,48,37.768,-122.3877,345.872056985533,5196.7613160545,-8,0,0,0.5,0.950318009047095,0,48.3439336349032,3.21829268292683,-7.91829268292683,"2023-24"
22300924,"2024-03-10","MIL","LAC","A","W",124,7,125.4,115.4,10,"LAC",34.043,-118.2673,-8,2024-03-08,48,34.043,-118.2673,0,4210.74171824322,-8,0,0,0.5,0.926954119191658,0,47.5651373063886,3.21829268292683,6.78170731707317,"2023-24"
22300945,"2024-03-12","MIL","SAC","A","L",94,-35,93.6,126.4,-32.8,"SAC",38.5805,-121.4993,-8,2024-03-10,48,34.043,-118.2673,361.822076167738,3877.98040860516,-8,0,0,0.5,0.917812573666398,0,47.2604191222133,3.21829268292683,-36.0182926829268,"2023-24"
22300958,"2024-03-14","MIL","MILPHI","H","W",114,9,124.5,113.9,10.6,"MIL",43.045,-87.917,-6,2024-03-12,48,38.5805,-121.4993,1772.80946687631,4990.45071561269,-8,2,1,0.5,0.945819492404597,0.714285714285714,72.003506889677,3.21829268292683,7.38170731707317,"2023-24"
22300976,"2024-03-17","MIL","MILPHX","H","W",140,11,138.4,128.2,10.2,"MIL",43.045,-87.917,-6,2024-03-14,72,43.045,-87.917,0,4400.42037928491,-6,0,0,0,0.931846892591203,0,31.0615630863734,3.21829268292683,6.98170731707317,"2023-24"
22300998,"2024-03-20","MIL","BOS","A","L",119,-3,123.8,127.4,-3.6,"BOS",42.3662,-71.0621,-5,2024-03-17,72,43.045,-87.917,856.579559187163,5175.51692810002,-6,1,1,0,0.949863109016507,0.428571428571429,45.9478179195978,3.21829268292683,-6.81829268292683,"2023-24"
22301007,"2024-03-21","MIL","MILBKN","H","W",115,7,119,110.2,8.9,"MIL",43.045,-87.917,-6,2024-03-20,24,42.3662,-71.0621,856.579559187163,4193.66271840391,-5,1,-1,1,0.92650280210212,0.285714285714286,73.7405695938802,3.21829268292683,5.68170731707317,"2023-24"
22301030,"2024-03-24","MIL","MILOKC","H","W",118,25,117.8,92.4,25.4,"MIL",43.045,-87.917,-6,2024-03-21,72,43.045,-87.917,0,3847.79066141838,-6,0,0,0,0.916944740058276,0,30.5648246686092,3.21829268292683,22.1817073170732,"2023-24"
22301045,"2024-03-26","MIL","MILLAL","H","L",124,-4,98.8,103.2,-4.3,"MIL",43.045,-87.917,-6,2024-03-24,48,43.045,-87.917,0,3847.79066141838,-6,0,0,0.5,0.916944740058276,0,47.2314913352759,3.21829268292683,-7.51829268292683,"2023-24"
22301061,"2024-03-28","MIL","NOP","A","L",100,-7,100.6,104.9,-4.3,"NOP",29.949,-90.0822,-6,2024-03-26,48,43.045,-87.917,913.736138998303,4399.70472424894,-6,0,0,0.5,0.931828831448547,0,47.7276277149515,3.21829268292683,-7.51829268292683,"2023-24"
22301076,"2024-03-30","MIL","ATL","A","W",122,9,122.7,110.9,11.9,"ATL",33.7573,-84.3963,-5,2024-03-28,48,29.949,-90.0822,425.299982894986,3052.19524026761,-6,1,1,0.5,0.89122409045791,0.428571428571429,60.6598506343113,3.21829268292683,8.68170731707317,"2023-24"
22301095,"2024-04-02","MIL","WAS","A","L",113,-4,107.7,109.9,-2.2,"WAS",38.8981,-77.021,-5,2024-03-30,72,33.7573,-84.3963,543.130987927522,3595.32622819514,-5,0,0,0,0.909409028659279,0,30.3136342886426,3.21829268292683,-5.41829268292683,"2023-24"
22301107,"2024-04-03","MIL","MILMEM","H","L",101,-10,102.8,117.5,-14.7,"MIL",43.045,-87.917,-6,2024-04-02,24,38.8981,-77.021,636.574551145391,3375.32122015336,-5,1,-1,1,0.902397574932982,0.285714285714286,72.9370620215756,3.21829268292683,-17.9182926829268,"2023-24"
22301122,"2024-04-05","MIL","MILTOR","H","L",111,-6,106.5,113.8,-7.3,"MIL",43.045,-87.917,-6,2024-04-03,48,43.045,-87.917,0,2518.7416609662,-6,0,0,0.5,0.869894954008765,0,45.6631651336255,3.21829268292683,-10.5182926829268,"2023-24"
22301139,"2024-04-07","MIL","MILNYK","H","L",109,-13,115.9,127.5,-11.6,"MIL",43.045,-87.917,-6,2024-04-05,48,43.045,-87.917,0,2518.7416609662,-6,0,0,0.5,0.869894954008765,0,45.6631651336255,3.21829268292683,-14.8182926829268,"2023-24"
22301148,"2024-04-09","MIL","MILBOS","H","W",104,13,115.7,97.8,17.9,"MIL",43.045,-87.917,-6,2024-04-07,48,43.045,-87.917,0,2518.7416609662,-6,0,0,0.5,0.869894954008765,0,45.6631651336255,3.21829268292683,14.6817073170732,"2023-24"
22301162,"2024-04-10","MIL","MILORL","H","W",117,18,119.6,99.9,19.8,"MIL",43.045,-87.917,-6,2024-04-09,24,43.045,-87.917,0,1605.0055219679,-6,0,0,1,0.819868062993421,0,60.6622687664474,3.21829268292683,16.5817073170732,"2023-24"
22301179,"2024-04-12","MIL","OKC","A","L",107,-18,105.2,125.3,-20.1,"OKC",35.4634,-97.5151,-6,2024-04-10,48,43.045,-87.917,733.423262131711,1913.12880120462,-6,0,0,0.5,0.839362341256538,0,44.6454113752179,3.21829268292683,-23.3182926829268,"2023-24"
22301191,"2024-04-14","MIL","ORL","A","L",88,-25,92.5,112.6,-20.1,"ORL",28.5392,-81.3839,-5,2024-04-12,48,35.4634,-97.5151,1058.64956266465,2428.64737594175,-6,1,1,0.5,0.865850846862654,0.428571428571429,59.8140758478027,3.21829268292683,-23.3182926829268,"2023-24"
22300069,"2023-10-25","MIN","TOR","A","L",94,-3,87.3,94.1,-6.8,"TOR",43.6435,-79.379,-5,NA,NA,NA,NA,0,NA,NA,0,0,0,0,0,0,6.87926829268293,-13.6792682926829,"2023-24"
22300093,"2023-10-28","MIN","MINMIA","H","W",106,16,107.6,90.8,16.8,"MIN",44.9795,-93.276,-6,2023-10-25,72,43.6435,-79.379,693.140593045716,NA,-5,1,-1,0,0,0.285714285714286,9.52380952380952,6.87926829268293,9.92073170731707,"2023-24"
22300104,"2023-10-30","MIN","ATL","A","L",113,-14,112.3,125.8,-13.5,"ATL",33.7573,-84.3963,-5,2023-10-28,48,44.9795,-93.276,908.665912127366,NA,-6,1,1,0.5,0,0.428571428571429,30.952380952381,6.87926829268293,-20.3792682926829,"2023-24"
22300123,"2023-11-01","MIN","MINDEN","H","W",110,21,109,85.2,23.8,"MIN",44.9795,-93.276,-6,2023-10-30,48,33.7573,-84.3963,908.665912127366,NA,-5,1,-1,0.5,0,0.285714285714286,26.1904761904762,6.87926829268293,16.9207317073171,"2023-24"
22300138,"2023-11-04","MIN","MINUTA","H","W",123,28,127.3,95.5,31.8,"MIN",44.9795,-93.276,-6,2023-11-01,72,44.9795,-93.276,0,NA,-6,0,0,0,0,0,0,6.87926829268293,24.9207317073171,"2023-24"
22300154,"2023-11-06","MIN","MINBOS","H","W",114,5,100,95.6,4.4,"MIN",44.9795,-93.276,-6,2023-11-04,48,44.9795,-93.276,0,NA,-6,0,0,0.5,0,0,16.6666666666667,6.87926829268293,-2.47926829268293,"2023-24"
22300166,"2023-11-08","MIN","MINNOP","H","W",122,21,119,92.9,26,"MIN",44.9795,-93.276,-6,2023-11-06,48,44.9795,-93.276,0,2510.47241730045,-6,0,0,0.5,0.869529845116397,0,45.6509948372132,6.87926829268293,19.1207317073171,"2023-24"
22300013,"2023-11-10","MIN","SAS","A","W",117,7,112.6,102.5,10.2,"SAS",29.427,-98.4375,-6,2023-11-08,48,44.9795,-93.276,1112.10988032526,3622.58229762571,-6,0,0,0.5,0.910247643650971,0,47.0082547883657,6.87926829268293,3.32073170731707,"2023-24"
22300186,"2023-11-12","MIN","GSW","A","W",116,6,115.8,106.5,9.3,"GSW",37.768,-122.3877,-8,2023-11-10,48,29.427,-98.4375,1490.16576488834,4419.60746946833,-6,2,-1,0.5,0.932330029709202,0.571428571428571,66.7919533712591,6.87926829268293,2.42073170731707,"2023-24"
22300025,"2023-11-14","MIN","GSW","A","W",104,3,102.7,99,3.7,"GSW",37.768,-122.3877,-8,2023-11-12,48,37.768,-122.3877,0,3510.94155734096,-8,0,0,0.5,0.906771791355141,0,46.8923930451714,6.87926829268293,-3.17926829268293,"2023-24"
22300197,"2023-11-15","MIN","PHX","A","L",115,-18,121.9,139.1,-17.2,"PHX",33.4457,-112.0712,-7,2023-11-14,24,37.768,-122.3877,652.136750728936,3254.41239594253,-8,1,1,1,0.89834708013543,0.428571428571429,77.5639502902286,6.87926829268293,-24.0792682926829,"2023-24"
22300203,"2023-11-18","MIN","NOP","A","W",121,1,119.9,119.9,0.1,"NOP",29.949,-90.0822,-6,2023-11-15,72,33.4457,-112.0712,1313.92595627272,4568.33835221525,-7,1,1,0,0.936005498473627,0.428571428571429,45.4858975681685,6.87926829268293,-6.77926829268293,"2023-24"
22300221,"2023-11-20","MIN","MINNYK","H","W",117,17,115.7,100,15.7,"MIN",44.9795,-93.276,-6,2023-11-18,48,29.949,-90.0822,1054.12329912482,5622.46165134007,-6,0,0,0.5,0.959061419377312,0,48.6353806459104,6.87926829268293,8.82073170731707,"2023-24"
22300232,"2023-11-22","MIN","MINPHI","H","W",112,13,109.2,99.8,9.4,"MIN",44.9795,-93.276,-6,2023-11-20,48,44.9795,-93.276,0,5622.46165134007,-6,0,0,0.5,0.959061419377312,0,48.6353806459104,6.87926829268293,2.52073170731707,"2023-24"
22300050,"2023-11-24","MIN","MINSAC","H","L",111,-13,108,119.4,-11.4,"MIN",44.9795,-93.276,-6,2023-11-22,48,44.9795,-93.276,0,4510.35177101481,-6,0,0,0.5,0.934586951966349,0,47.819565065545,6.87926829268293,-18.2792682926829,"2023-24"
22300249,"2023-11-26","MIN","MEM","A","W",119,22,117.7,94.3,23.4,"MEM",35.1382,-90.0505,-6,2023-11-24,48,44.9795,-93.276,701.661510171567,3721.84751629804,-6,0,0,0.5,0.913249405471439,0,47.1083135157146,6.87926829268293,16.5207317073171,"2023-24"
22300058,"2023-11-28","MIN","MINOKC","H","W",106,3,103.8,101.9,2,"MIN",44.9795,-93.276,-6,2023-11-26,48,35.1382,-90.0505,701.661510171567,4423.50902646961,-6,0,0,0.5,0.932428015579505,0,47.7476005193168,6.87926829268293,-4.87926829268293,"2023-24"
22300270,"2023-11-30","MIN","MINUTA","H","W",101,11,104.4,89,15.5,"MIN",44.9795,-93.276,-6,2023-11-28,48,44.9795,-93.276,0,3771.37227574067,-6,0,0,0.5,0.914717227325489,0,47.1572409108496,6.87926829268293,8.62073170731707,"2023-24"
22300281,"2023-12-02","MIN","CHA","A","W",123,6,125.3,120.2,5.1,"CHA",35.2251,-80.8392,-5,2023-11-30,48,44.9795,-93.276,940.342795083531,3397.78911455148,-6,1,1,0.5,0.90313425110196,0.428571428571429,61.056855989113,6.87926829268293,-1.77926829268293,"2023-24"
22301210,"2023-12-06","MIN","MINSAS","H","W",102,8,102.8,88.2,14.6,"MIN",44.9795,-93.276,-6,2023-12-02,96,35.2251,-80.8392,940.342795083531,3284.00861051019,-5,1,-1,0,0.899352303221176,0.285714285714286,39.5022196311821,6.87926829268293,7.72073170731707,"2023-24"
22301221,"2023-12-08","MIN","MEM","A","W",127,24,130.3,106.9,23.4,"MEM",35.1382,-90.0505,-6,2023-12-06,48,44.9795,-93.276,701.661510171567,3985.67012068176,-6,0,0,0.5,0.920854129086272,0,47.3618043028757,6.87926829268293,16.5207317073171,"2023-24"
22300301,"2023-12-11","MIN","NOP","A","L",107,-14,104.5,116.8,-12.3,"NOP",29.949,-90.0822,-6,2023-12-08,72,35.1382,-90.0505,358.946368923759,4344.61648960552,-6,0,0,0,0.93042966880195,0,31.0143222933983,6.87926829268293,-19.1792682926829,"2023-24"
22300321,"2023-12-14","MIN","DAL","A","W",119,18,114.4,98.1,16.3,"DAL",32.7905,-96.8103,-6,2023-12-11,72,29.949,-90.0822,443.181141038864,4086.13612047282,-6,0,0,0,0.923618474010237,0,30.7872824670079,6.87926829268293,9.42073170731707,"2023-24"
22300338,"2023-12-16","MIN","MININD","H","W",127,18,126.9,110.1,16.9,"MIN",44.9795,-93.276,-6,2023-12-14,48,32.7905,-96.8103,864.096486935815,4248.57109723707,-6,0,0,0.5,0.927947288708853,0,47.5982429569618,6.87926829268293,10.0207317073171,"2023-24"
22300353,"2023-12-18","MIN","MIA","A","W",112,4,117.4,107,10.4,"MIA",25.7814,-80.187,-5,2023-12-16,48,44.9795,-93.276,1514.81351653468,5763.38461377175,-6,1,1,0.5,0.961810524620065,0.428571428571429,63.0127317730498,6.87926829268293,3.52073170731707,"2023-24"
22300367,"2023-12-20","MIN","PHI","A","L",113,-14,110.2,123.2,-13,"PHI",39.9012,-75.172,-5,2023-12-18,48,25.7814,-80.187,1018.75373005738,5841.7955487456,-5,0,0,0.5,0.963311195794816,0,48.7770398598272,6.87926829268293,-19.8792682926829,"2023-24"
22300380,"2023-12-21","MIN","MINLAL","H","W",118,7,114.6,106.2,8.4,"MIN",44.9795,-93.276,-6,2023-12-20,24,39.9012,-75.172,986.019597811286,5887.47235147335,-5,1,-1,1,0.964176127796343,0.285714285714286,74.9963471170209,6.87926829268293,1.52073170731707,"2023-24"
22300400,"2023-12-23","MIN","SAC","A","W",110,12,112.1,100.8,11.3,"SAC",38.5805,-121.4993,-8,2023-12-21,48,44.9795,-93.276,1512.79994884015,6698.61079014194,-6,2,-1,0.5,0.978510100506764,0.571428571428571,68.3312890645112,6.87926829268293,4.42073170731707,"2023-24"
22300411,"2023-12-26","MIN","OKC","A","L",106,-23,102.8,128.9,-26.1,"OKC",35.4634,-97.5151,-6,2023-12-23,72,38.5805,-121.4993,1338.05980683269,7677.72422805087,-8,2,1,0,0.993660569784135,0.714285714285714,56.9315428023283,6.87926829268293,-32.9792682926829,"2023-24"
22300423,"2023-12-28","MIN","MINDAL","H","W",118,8,112.4,106.4,6,"MIN",44.9795,-93.276,-6,2023-12-26,48,35.4634,-97.5151,695.004173203653,7929.54726021566,-6,0,0,0.5,0.99724466487935,0,49.9081554959783,6.87926829268293,-0.879268292682926,"2023-24"
22300443,"2023-12-30","MIN","MINLAL","H","W",108,2,109.6,101.8,7.7,"MIN",44.9795,-93.276,-6,2023-12-28,48,44.9795,-93.276,0,7065.45077327985,-6,0,0,0.5,0.984431151714427,0,49.4810383904809,6.87926829268293,0.820731707317074,"2023-24"
22300451,"2024-01-01","MIN","NYK","A","L",106,-6,107.3,111.6,-4.3,"NYK",40.7505,-73.9934,-5,2023-12-30,48,44.9795,-93.276,1017.62277013977,6568.26002688494,-6,1,1,0.5,0.976327759510739,0.428571428571429,63.4966396027389,6.87926829268293,-11.1792682926829,"2023-24"
22300471,"2024-01-03","MIN","MINNOP","H","L",106,-11,107.2,125.2,-18,"MIN",44.9795,-93.276,-6,2024-01-01,48,40.7505,-73.9934,1017.62277013977,6567.12906696733,-5,1,-1,0.5,0.976308636019606,0.285714285714286,58.7340973911297,6.87926829268293,-24.8792682926829,"2023-24"
22300485,"2024-01-05","MIN","HOU","A","W",122,27,119.8,90.8,29,"HOU",29.7508,-95.3621,-6,2024-01-03,48,44.9795,-93.276,1059.50639252322,6640.61586167926,-6,0,0,0.5,0.977544436559629,0,49.2514812186543,6.87926829268293,22.1207317073171,"2023-24"
22300501,"2024-01-07","MIN","DAL","A","L",108,-7,109.9,115.2,-5.3,"DAL",32.7905,-96.8103,-6,2024-01-05,48,29.7508,-95.3621,227.015224148548,5354.83113698766,-6,0,0,0.5,0.953645448398072,0,48.4548482799357,6.87926829268293,-12.1792682926829,"2023-24"
22300513,"2024-01-09","MIN","ORL","A","W",113,21,111.5,93,18.5,"ORL",28.5392,-81.3839,-5,2024-01-07,48,32.7905,-96.8103,962.699997728083,4979.47132788304,-6,1,1,0.5,0.945574908175511,0.428571428571429,62.4715445582313,6.87926829268293,11.6207317073171,"2023-24"
22300517,"2024-01-10","MIN","BOS","A","L",120,-7,114.5,121.4,-6.9,"BOS",42.3662,-71.0621,-5,2024-01-09,24,28.5392,-81.3839,1117.38133759804,5401.84849227743,-5,0,0,1,0.954616251182188,0,65.1538750394063,6.87926829268293,-13.7792682926829,"2023-24"
22300538,"2024-01-12","MIN","MINPOR","H","W",116,23,117.7,91.2,26.5,"MIN",44.9795,-93.276,-6,2024-01-10,48,42.3662,-71.0621,1122.33164617088,6524.18013844831,-5,1,-1,0.5,0.975579961649369,0.285714285714286,58.7098082454552,6.87926829268293,19.6207317073171,"2023-24"
22300553,"2024-01-14","MIN","MINLAC","H","W",109,4,116.4,110.6,5.8,"MIN",44.9795,-93.276,-6,2024-01-12,48,44.9795,-93.276,0,5506.55736830853,-6,0,0,0.5,0.956748240148196,0,48.5582746716065,6.87926829268293,-1.07926829268293,"2023-24"
22300569,"2024-01-17","MIN","DET","A","W",124,7,119,115.4,3.5,"DET",42.341,-83.0552,-5,2024-01-14,72,44.9795,-93.276,542.586631066174,5031.52122923494,-6,1,1,0,0.946729660795695,0.428571428571429,45.8433696455708,6.87926829268293,-3.37926829268293,"2023-24"
22300582,"2024-01-18","MIN","MINMEM","H","W",118,15,117.7,103.5,14.2,"MIN",44.9795,-93.276,-6,2024-01-17,24,42.341,-83.0552,542.586631066174,4514.6014677779,-5,1,-1,1,0.93469153128513,0.285714285714286,74.0135272333139,6.87926829268293,7.32073170731707,"2023-24"
22300599,"2024-01-20","MIN","MINOKC","H","L",97,-5,97.2,106.9,-9.7,"MIN",44.9795,-93.276,-6,2024-01-18,48,44.9795,-93.276,0,4287.58624362935,-6,0,0,0.5,0.928962370732936,0,47.6320790244312,6.87926829268293,-16.5792682926829,"2023-24"
22300610,"2024-01-22","MIN","MINCHA","H","L",125,-3,122.5,129.4,-6.8,"MIN",44.9795,-93.276,-6,2024-01-20,48,44.9795,-93.276,0,3324.88624590127,-6,0,0,0.5,0.90072590257506,0,46.6908634191687,6.87926829268293,-13.6792682926829,"2023-24"
22300620,"2024-01-24","MIN","WAS","A","W",118,11,112.6,103.1,9.5,"WAS",38.8981,-77.021,-5,2024-01-22,48,44.9795,-93.276,933.875616991245,3141.38052529447,-6,1,1,0.5,0.894422032287427,0.428571428571429,60.7664486952952,6.87926829268293,2.62073170731707,"2023-24"
22300629,"2024-01-25","MIN","BKN","A","W",96,2,102.1,100,2.1,"BKN",40.6826,-73.9754,-5,2024-01-24,24,38.8981,-77.021,203.54519791563,2222.59407703922,-5,0,0,1,0.856007628566236,0,61.8669209522079,6.87926829268293,-4.77926829268293,"2023-24"
22300649,"2024-01-27","MIN","SAS","A","L",112,-1,122.3,123.4,-1.1,"SAS",29.427,-98.4375,-6,2024-01-25,48,40.6826,-73.9754,1581.03890582962,3803.63298286884,-5,1,-1,0.5,0.915663046132264,0.285714285714286,56.7125777282183,6.87926829268293,-7.97926829268293,"2023-24"
22300664,"2024-01-29","MIN","OKC","A","W",107,6,114.3,109,5.3,"OKC",35.4634,-97.5151,-6,2024-01-27,48,29.427,-98.4375,420.993505444246,3682.03985724692,-6,0,0,0.5,0.912055354831832,0,47.0685118277277,6.87926829268293,-1.57926829268293,"2023-24"
22300680,"2024-01-31","MIN","MINDAL","H","W",121,34,128.5,91.2,37.3,"MIN",44.9795,-93.276,-6,2024-01-29,48,35.4634,-97.5151,695.004173203653,3834.45739938439,-6,0,0,0.5,0.916559293208111,0,47.218643106937,6.87926829268293,30.4207317073171,"2023-24"
22300694,"2024-02-02","MIN","MINORL","H","L",106,-2,104.1,106.5,-2.3,"MIN",44.9795,-93.276,-6,2024-01-31,48,44.9795,-93.276,0,3834.45739938439,-6,0,0,0.5,0.916559293208111,0,47.218643106937,6.87926829268293,-9.17926829268293,"2023-24"
22300709,"2024-02-04","MIN","MINHOU","H","W",111,21,103.9,89.2,14.6,"MIN",44.9795,-93.276,-6,2024-02-02,48,44.9795,-93.276,0,3834.45739938439,-6,0,0,0.5,0.916559293208111,0,47.218643106937,6.87926829268293,7.72073170731707,"2023-24"
22300723,"2024-02-06","MIN","CHI","A","L",123,-6,114.5,119.4,-4.9,"CHI",41.8807,-87.6742,-6,2024-02-04,48,44.9795,-93.276,353.590586589299,3254.17236898245,-6,0,0,0.5,0.898338890415416,0,46.6112963471805,6.87926829268293,-11.7792682926829,"2023-24"
22300738,"2024-02-08","MIN","MIL","A","W",129,24,143.3,115.3,27.9,"MIL",43.045,-87.917,-6,2024-02-06,48,41.8807,-87.6742,81.4830103720468,3132.11018143886,-6,0,0,0.5,0.894093878443735,0,46.4697959481245,6.87926829268293,21.0207317073171,"2023-24"
22300770,"2024-02-12","MIN","LAC","A","W",121,21,123,101.6,21.4,"LAC",34.043,-118.2673,-8,2024-02-08,96,43.045,-87.917,1744.3716724956,3295.44294810484,-6,2,-1,0,0.899738242326219,0.571428571428571,49.0388937918263,6.87926829268293,14.5207317073171,"2023-24"
22300775,"2024-02-13","MIN","POR","A","W",121,12,122.3,106.9,15.4,"POR",45.5316,-122.6668,-8,2024-02-12,24,34.043,-118.2673,828.020463382259,3702.46990604286,-8,0,0,1,0.912669767642525,0,63.7556589214175,6.87926829268293,8.52073170731707,"2023-24"
22300791,"2024-02-15","MIN","POR","A","W",128,37,123.2,89,34.2,"POR",45.5316,-122.6668,-8,2024-02-13,48,45.5316,-122.6668,0,3007.4657328392,-8,0,0,0.5,0.889584862386026,0,46.3194954128675,6.87926829268293,27.3207317073171,"2023-24"
22300808,"2024-02-23","MIN","MINMIL","H","L",107,-5,105.2,115.5,-10.3,"MIN",44.9795,-93.276,-6,2024-02-15,192,45.5316,-122.6668,1423.59758132607,4431.06331416527,-8,2,1,0,0.932617492788315,0.714285714285714,54.8967735691343,6.87926829268293,-17.1792682926829,"2023-24"
22300815,"2024-02-24","MIN","MINBKN","H","W",101,15,99.9,82.8,17.1,"MIN",44.9795,-93.276,-6,2024-02-23,24,44.9795,-93.276,0,4431.06331416527,-6,0,0,1,0.932617492788315,0,64.4205830929438,6.87926829268293,10.2207317073171,"2023-24"
22300838,"2024-02-27","MIN","MINSAS","H","W",114,9,110.2,100.4,9.8,"MIN",44.9795,-93.276,-6,2024-02-24,72,44.9795,-93.276,0,4077.47272757597,-6,0,0,0,0.923382790809029,0,30.779426360301,6.87926829268293,2.92073170731707,"2023-24"
22300845,"2024-02-28","MIN","MINMEM","H","W",110,9,112.6,101.2,11.4,"MIN",44.9795,-93.276,-6,2024-02-27,24,44.9795,-93.276,0,3995.98971720393,-6,0,0,1,0.921141266617406,0,64.0380422205802,6.87926829268293,4.52073170731707,"2023-24"
22300862,"2024-03-01","MIN","MINSAC","H","L",120,-4,115.3,118.6,-3.3,"MIN",44.9795,-93.276,-6,2024-02-28,48,44.9795,-93.276,0,2251.61804470833,-6,0,0,0.5,0.857448022342498,0,45.2482674114166,6.87926829268293,-10.1792682926829,"2023-24"
22300873,"2024-03-03","MIN","MINLAC","H","L",88,-1,96.8,94.2,2.6,"MIN",44.9795,-93.276,-6,2024-03-01,48,44.9795,-93.276,0,1423.59758132607,-6,0,0,0.5,0.806555068101448,0,43.5518356033816,6.87926829268293,-4.27926829268293,"2023-24"
22300881,"2024-03-04","MIN","MINPOR","H","W",119,5,126.2,115.3,10.9,"MIN",44.9795,-93.276,-6,2024-03-03,24,44.9795,-93.276,0,1423.59758132607,-6,0,0,1,0.806555068101448,0,60.2185022700483,6.87926829268293,4.02073170731707,"2023-24"
22300903,"2024-03-07","MIN","IND","A","W",113,2,108.3,110.9,-2.6,"IND",39.7639,-86.1555,-5,2024-03-04,72,44.9795,-93.276,512.017692233687,512.017692233687,-6,1,1,0,0.693114874808921,0.428571428571429,37.3895434460117,6.87926829268293,-9.47926829268293,"2023-24"
22300911,"2024-03-08","MIN","CLE","A","L",104,-9,94,105.8,-11.8,"CLE",41.4965,-81.6882,-5,2024-03-07,24,39.7639,-86.1555,263.314647279715,775.332339513403,-5,0,0,1,0.739128124062789,0,57.9709374687596,6.87926829268293,-18.6792682926829,"2023-24"
22300932,"2024-03-10","MIN","LAL","A","L",109,-11,105.1,116.8,-11.7,"LAL",34.043,-118.2673,-8,2024-03-08,48,41.4965,-81.6882,2048.96005259996,2824.29239211336,-5,3,-1,0.5,0.882607590325446,0.857142857142857,74.6583482489434,6.87926829268293,-18.5792682926829,"2023-24"
22300944,"2024-03-12","MIN","LAC","A","W",118,18,128,107.5,20.5,"LAC",34.043,-118.2673,-8,2024-03-10,48,34.043,-118.2673,0,2824.29239211336,-8,0,0,0.5,0.882607590325446,0,46.0869196775149,6.87926829268293,13.6207317073171,"2023-24"
22300974,"2024-03-16","MIN","UTA","A","W",119,19,117.1,101.8,15.3,"UTA",40.7683,-111.9011,-7,2024-03-12,96,34.043,-118.2673,581.662923597926,3405.95531571128,-8,1,1,0,0.903400798024653,0.428571428571429,44.3990742198694,6.87926829268293,8.42073170731707,"2023-24"
22300987,"2024-03-18","MIN","UTA","A","W",114,10,122.2,111.6,10.6,"UTA",40.7683,-111.9011,-7,2024-03-16,48,40.7683,-111.9011,0,3405.95531571128,-7,0,0,0.5,0.903400798024653,0,46.7800266008218,6.87926829268293,3.72073170731707,"2023-24"
22300995,"2024-03-19","MIN","MINDEN","H","L",112,-3,115.3,118.9,-3.6,"MIN",44.9795,-93.276,-6,2024-03-18,24,40.7683,-111.9011,985.481760291747,4391.43707600303,-7,1,1,1,0.931619965775752,0.428571428571429,78.6730464782393,6.87926829268293,-10.4792682926829,"2023-24"
22301014,"2024-03-22","MIN","MINCLE","H","W",104,13,114.2,99.6,14.6,"MIN",44.9795,-93.276,-6,2024-03-19,72,44.9795,-93.276,0,3879.41938376934,-6,0,0,0,0.917853769585969,0,30.5951256528656,6.87926829268293,7.72073170731707,"2023-24"
22301031,"2024-03-24","MIN","MINGSW","H","W",114,4,113,107.4,5.6,"MIN",44.9795,-93.276,-6,2024-03-22,48,44.9795,-93.276,0,3616.10473648963,-6,0,0,0.5,0.910048914815647,0,47.0016304938549,6.87926829268293,-1.27926829268293,"2023-24"
22301056,"2024-03-27","MIN","MINDET","H","W",106,15,115.2,96.8,18.4,"MIN",44.9795,-93.276,-6,2024-03-24,72,44.9795,-93.276,0,1567.14468388967,-6,0,0,0,0.817218267400712,0,27.2406089133571,6.87926829268293,11.5207317073171,"2023-24"
22301071,"2024-03-29","MIN","DEN","A","W",111,13,119,98.1,20.9,"DEN",39.7487,-105.0077,-7,2024-03-27,48,44.9795,-93.276,699.271812997831,2266.4164968875,-6,1,-1,0.5,0.858175308159921,0.285714285714286,54.7963197958069,6.87926829268293,14.0207317073171,"2023-24"
22301084,"2024-03-31","MIN","MINCHI","H","L",101,-8,104.9,116.9,-11.9,"MIN",44.9795,-93.276,-6,2024-03-29,48,39.7487,-105.0077,699.271812997831,2384.02538628741,-7,1,1,0.5,0.863792002022197,0.428571428571429,59.7454476864542,6.87926829268293,-18.7792682926829,"2023-24"
22301098,"2024-04-02","MIN","MINHOU","H","W",113,7,114.5,104.8,9.7,"MIN",44.9795,-93.276,-6,2024-03-31,48,44.9795,-93.276,0,2384.02538628741,-6,0,0,0.5,0.863792002022197,0,45.4597334007399,6.87926829268293,2.82073170731707,"2023-24"
22301108,"2024-04-03","MIN","MINTOR","H","W",133,48,125.9,79.3,46.5,"MIN",44.9795,-93.276,-6,2024-04-02,24,44.9795,-93.276,0,1398.54362599566,-6,0,0,1,0.804584323653555,0,60.1528107884519,6.87926829268293,39.6207317073171,"2023-24"
22301125,"2024-04-05","MIN","PHX","A","L",87,-10,85.2,97.2,-12.1,"PHX",33.4457,-112.0712,-7,2024-04-03,48,44.9795,-93.276,1279.53475856908,2678.07838456474,-6,1,-1,0.5,0.876705409570742,0.285714285714286,55.4139898428343,6.87926829268293,-18.9792682926829,"2023-24"
22301143,"2024-04-07","MIN","LAL","A","W",127,10,119.6,113.5,6.1,"LAL",34.043,-118.2673,-8,2024-04-05,48,33.4457,-112.0712,358.712741358694,3036.79112592344,-7,1,-1,0.5,0.890662293918945,0.285714285714286,55.8792193211077,6.87926829268293,-0.779268292682927,"2023-24"
22301152,"2024-04-09","MIN","MINWAS","H","W",130,9,127.4,118.1,9.3,"MIN",44.9795,-93.276,-6,2024-04-07,48,34.043,-118.2673,1524.12871872787,4560.9198446513,-8,2,1,0.5,0.9358250243077,0.714285714285714,71.6703579531138,6.87926829268293,2.42073170731707,"2023-24"
22301164,"2024-04-10","MIN","DEN","A","L",107,-9,116,120.7,-4.7,"DEN",39.7487,-105.0077,-7,2024-04-09,24,44.9795,-93.276,699.271812997831,4560.9198446513,-6,1,-1,1,0.9358250243077,0.285714285714286,74.0513103340662,6.87926829268293,-11.5792682926829,"2023-24"
22301178,"2024-04-12","MIN","MINATL","H","W",109,3,110.4,99.1,11.3,"MIN",44.9795,-93.276,-6,2024-04-10,48,39.7487,-105.0077,699.271812997831,4560.9198446513,-7,1,1,0.5,0.9358250243077,0.428571428571429,62.1465484293043,6.87926829268293,4.42073170731707,"2023-24"
22301194,"2024-04-14","MIN","MINPHX","H","L",106,-19,110.8,133.1,-22.3,"MIN",44.9795,-93.276,-6,2024-04-12,48,44.9795,-93.276,0,4560.9198446513,-6,0,0,0.5,0.9358250243077,0,47.86083414359,6.87926829268293,-29.1792682926829,"2023-24"
22300071,"2023-10-25","NOP","MEM","A","W",111,7,106,99.2,6.8,"MEM",35.1382,-90.0505,-6,NA,NA,NA,NA,0,NA,NA,0,0,0,0,0,0,5.07073170731707,1.72926829268293,"2023-24"
22300090,"2023-10-28","NOP","NOPNYK","H","W",96,9,93.2,86.2,7,"NOP",29.949,-90.0822,-6,2023-10-25,72,35.1382,-90.0505,358.946368923759,NA,-6,0,0,0,0,0,0,5.07073170731707,1.92926829268293,"2023-24"
22300108,"2023-10-30","NOP","NOPGSW","H","L",102,-28,100.6,129,-28.4,"NOP",29.949,-90.0822,-6,2023-10-28,48,29.949,-90.0822,0,NA,-6,0,0,0.5,0,0,16.6666666666667,5.07073170731707,-33.4707317073171,"2023-24"
22300121,"2023-11-01","NOP","OKC","A","W",110,4,106,98.1,7.9,"OKC",35.4634,-97.5151,-6,2023-10-30,48,29.949,-90.0822,576.417654431289,NA,-6,0,0,0.5,0,0,16.6666666666667,5.07073170731707,2.82926829268293,"2023-24"
22300129,"2023-11-02","NOP","NOPDET","H","W",125,9,124.5,113.2,11.3,"NOP",29.949,-90.0822,-6,2023-11-01,24,35.4634,-97.5151,576.417654431289,NA,-6,0,0,1,0,0,33.3333333333333,5.07073170731707,6.22926829268293,"2023-24"
22300135,"2023-11-04","NOP","NOPATL","H","L",105,-18,110.2,126.1,-15.8,"NOP",29.949,-90.0822,-6,2023-11-02,48,29.949,-90.0822,0,NA,-6,0,0,0.5,0,0,16.6666666666667,5.07073170731707,-20.8707317073171,"2023-24"
22300156,"2023-11-06","NOP","DEN","A","L",116,-18,114.2,128.7,-14.5,"DEN",39.7487,-105.0077,-7,2023-11-04,48,29.949,-90.0822,1082.45093405792,2594.23261184425,-6,1,-1,0.5,0.8731737319548,0.285714285714286,55.2962672556362,5.07073170731707,-19.5707317073171,"2023-24"
22300166,"2023-11-08","NOP","MIN","A","L",101,-21,92.9,119,-26,"MIN",44.9795,-93.276,-6,2023-11-06,48,39.7487,-105.0077,699.271812997831,3293.50442484208,-7,1,1,0.5,0.899672906375841,0.428571428571429,60.9414778315757,5.07073170731707,-31.0707317073171,"2023-24"
22300011,"2023-11-10","NOP","HOU","A","L",101,-3,101,103.7,-2.6,"HOU",29.7508,-95.3621,-6,2023-11-08,48,44.9795,-93.276,1059.50639252322,3994.06444844154,-6,0,0,0.5,0.921087753286857,0,47.3695917762286,5.07073170731707,-7.67073170731707,"2023-24"
22300183,"2023-11-12","NOP","NOPDAL","H","L",124,-12,116.2,124.5,-8.3,"NOP",29.949,-90.0822,-6,2023-11-10,48,29.7508,-95.3621,317.031598851148,4311.09604729269,-6,0,0,0.5,0.929569590926468,0,47.6523196975489,5.07073170731707,-13.3707317073171,"2023-24"
22300022,"2023-11-14","NOP","NOPDAL","H","W",131,21,123.1,104.3,18.7,"NOP",29.949,-90.0822,-6,2023-11-12,48,29.949,-90.0822,0,3734.6783928614,-6,0,0,0.5,0.913631554517485,0,47.1210518172495,5.07073170731707,13.6292682926829,"2023-24"
22300034,"2023-11-17","NOP","NOPDEN","H","W",115,5,110.3,106.5,3.8,"NOP",29.949,-90.0822,-6,2023-11-14,72,29.949,-90.0822,0,3158.26073843011,-6,0,0,0,0.895017083460219,0,29.8339027820073,5.07073170731707,-1.27073170731707,"2023-24"
22300203,"2023-11-18","NOP","NOPMIN","H","L",120,-1,119.9,119.9,-0.1,"NOP",29.949,-90.0822,-6,2023-11-17,24,29.949,-90.0822,0,3158.26073843011,-6,0,0,1,0.895017083460219,0,63.1672361153406,5.07073170731707,-5.17073170731707,"2023-24"
22300222,"2023-11-20","NOP","NOPSAC","H","W",129,36,125,91.6,33.4,"NOP",29.949,-90.0822,-6,2023-11-18,48,29.949,-90.0822,0,2075.80980437219,-6,0,0,0.5,0.84842241087901,0,44.947413695967,5.07073170731707,28.3292682926829,"2023-24"
22300233,"2023-11-22","NOP","NOPSAC","H","W",117,5,116.7,108.3,8.4,"NOP",29.949,-90.0822,-6,2023-11-20,48,29.949,-90.0822,0,1376.53799137436,-6,0,0,0.5,0.802824037101331,0,43.4274679033777,5.07073170731707,3.32926829268293,"2023-24"
22300052,"2023-11-24","NOP","LAC","A","W",116,10,112.8,103.4,9.3,"LAC",34.043,-118.2673,-8,2023-11-22,48,29.949,-90.0822,1672.04450838209,1989.07610723324,-6,2,-1,0.5,0.843684130521603,0.571428571428571,63.8370900650058,5.07073170731707,4.22926829268293,"2023-24"
22300243,"2023-11-25","NOP","UTA","A","L",100,-5,99.1,100.5,-1.4,"UTA",40.7683,-111.9011,-7,2023-11-24,24,34.043,-118.2673,581.662923597926,2253.70743198001,-8,1,1,1,0.857550996698141,0.428571428571429,76.204080842319,5.07073170731707,-6.47073170731707,"2023-24"
22300256,"2023-11-27","NOP","UTA","A","L",112,-2,116.7,112.5,4.2,"UTA",40.7683,-111.9011,-7,2023-11-25,48,40.7683,-111.9011,0,2253.70743198001,-7,0,0,0.5,0.857550996698141,0,45.251699889938,5.07073170731707,-0.870731707317073,"2023-24"
22300262,"2023-11-29","NOP","NOPPHI","H","W",124,10,122.8,111.9,11,"NOP",29.949,-90.0822,-6,2023-11-27,48,40.7683,-111.9011,1434.41289857566,3688.12033055567,-7,1,1,0.5,0.912238574355057,0.428571428571429,61.3603334308829,5.07073170731707,5.92926829268293,"2023-24"
22300278,"2023-12-01","NOP","NOPSAS","H","W",121,15,121.3,103.4,17.9,"NOP",29.949,-90.0822,-6,2023-11-29,48,29.949,-90.0822,0,3688.12033055567,-6,0,0,0.5,0.912238574355057,0,47.0746191451686,5.07073170731707,12.8292682926829,"2023-24"
22300285,"2023-12-02","NOP","CHI","A","L",118,-6,122.4,129.7,-7.3,"CHI",41.8807,-87.6742,-6,2023-12-01,24,29.949,-90.0822,836.176134695504,4524.29646525117,-6,0,0,1,0.93492974421325,0,64.4976581404417,5.07073170731707,-12.3707317073171,"2023-24"
22301204,"2023-12-04","NOP","SAC","A","W",127,10,129.4,114.1,15.3,"SAC",38.5805,-121.4993,-8,2023-12-02,48,41.8807,-87.6742,1789.07410402957,6313.37056928075,-6,2,-1,0.5,0.971932350364335,0.571428571428571,68.1120307264302,5.07073170731707,10.2292682926829,"2023-24"
22301230,"2023-12-07","NOP","LAL","A","L",89,-44,85.7,129.4,-43.7,"LAL",34.043,-118.2673,-8,2023-12-04,72,38.5805,-121.4993,361.822076167738,5003.1481370664,-8,0,0,0,0.946101678738385,0,31.5367226246128,5.07073170731707,-48.7707317073171,"2023-24"
22300301,"2023-12-11","NOP","NOPMIN","H","W",121,14,116.8,104.5,12.3,"NOP",29.949,-90.0822,-6,2023-12-07,96,34.043,-118.2673,1672.04450838209,6093.52972185056,-8,2,1,0,0.967996400432498,0.714285714285714,56.0760704906071,5.07073170731707,7.22926829268293,"2023-24"
22300311,"2023-12-13","NOP","WAS","A","W",142,20,130,116.7,13.4,"WAS",38.8981,-77.021,-5,2023-12-11,48,29.949,-90.0822,966.991916304761,7060.52163815532,-6,1,1,0.5,0.984353648461585,0.428571428571429,63.7641692344338,5.07073170731707,8.32926829268293,"2023-24"
22300326,"2023-12-15","NOP","CHA","A","W",112,5,113,105.7,7.4,"CHA",35.2251,-80.8392,-5,2023-12-13,48,38.8981,-77.021,330.029445741506,5956.13818532117,-5,0,0,0.5,0.965463835044457,0,48.8487945014819,5.07073170731707,2.32926829268293,"2023-24"
22300345,"2023-12-17","NOP","SAS","A","W",146,36,130.7,102.6,28.2,"SAS",29.427,-98.4375,-6,2023-12-15,48,35.2251,-80.8392,1102.06672120228,7058.20490652346,-5,1,-1,0.5,0.984317202642362,0.285714285714286,59.0010496118883,5.07073170731707,23.1292682926829,"2023-24"
22300360,"2023-12-19","NOP","NOPMEM","H","L",113,-2,118.3,115.3,3,"NOP",29.949,-90.0822,-6,2023-12-17,48,29.427,-98.4375,503.264197230828,6725.29296905878,-6,0,0,0.5,0.978951576773307,0,49.2983858924436,5.07073170731707,-2.07073170731707,"2023-24"
22300375,"2023-12-21","NOP","CLE","A","W",123,19,129.4,107.7,21.7,"CLE",41.4965,-81.6882,-5,2023-12-19,48,29.949,-90.0822,926.358693730177,5862.57755875938,-6,1,1,0.5,0.963705557441349,0.428571428571429,63.0758995337592,5.07073170731707,16.6292682926829,"2023-24"
22300392,"2023-12-23","NOP","NOPHOU","H","L",104,-2,106.4,110,-3.6,"NOP",29.949,-90.0822,-6,2023-12-21,48,41.4965,-81.6882,926.358693730177,6427.11417632182,-5,1,-1,0.5,0.973915308002201,0.285714285714286,58.6543197905496,5.07073170731707,-8.67073170731707,"2023-24"
22300410,"2023-12-26","NOP","NOPMEM","H","L",115,-1,98.7,101.7,-3,"NOP",29.949,-90.0822,-6,2023-12-23,72,29.949,-90.0822,0,4755.06966793973,-6,0,0,0,0.940454232034986,0,31.3484744011662,5.07073170731707,-8.07073170731707,"2023-24"
22300424,"2023-12-28","NOP","NOPUTA","H","W",112,7,114.8,107.1,7.6,"NOP",29.949,-90.0822,-6,2023-12-26,48,29.949,-90.0822,0,3788.07775163497,-6,0,0,0.5,0.915208003532067,0,47.1736001177356,5.07073170731707,2.52926829268293,"2023-24"
22300446,"2023-12-31","NOP","NOPLAL","H","W",129,20,129.2,106.9,22.3,"NOP",29.949,-90.0822,-6,2023-12-28,72,29.949,-90.0822,0,3458.04830589347,-6,0,0,0,0.905086235396298,0,30.1695411798766,5.07073170731707,17.2292682926829,"2023-24"
22300461,"2024-01-02","NOP","NOPBKN","H","W",112,27,116.8,86.3,30.5,"NOP",29.949,-90.0822,-6,2023-12-31,48,29.949,-90.0822,0,2355.98158469118,-6,0,0,0.5,0.862478263943604,0,45.4159421314535,5.07073170731707,25.4292682926829,"2023-24"
22300471,"2024-01-03","NOP","MIN","A","W",117,11,125.2,107.2,18,"MIN",44.9795,-93.276,-6,2024-01-02,24,29.949,-90.0822,1054.12329912482,2906.84068658517,-6,0,0,1,0.885806302208711,0,62.8602100736237,5.07073170731707,12.9292682926829,"2023-24"
22300486,"2024-01-05","NOP","NOPLAC","H","L",95,-16,97.8,115.9,-18,"NOP",29.949,-90.0822,-6,2024-01-03,48,44.9795,-93.276,1054.12329912482,3034.60529197982,-6,0,0,0.5,0.890582344634209,0,46.3527448211403,5.07073170731707,-23.0707317073171,"2023-24"
22300500,"2024-01-07","NOP","SAC","A","W",133,33,138.5,102.8,35.7,"SAC",38.5805,-121.4993,-8,2024-01-05,48,29.949,-90.0822,1881.83669148846,3990.0832897381,-6,2,-1,0.5,0.920977014129763,0.571428571428571,66.4135195186111,5.07073170731707,30.6292682926829,"2023-24"
22300525,"2024-01-10","NOP","GSW","A","W",141,36,140.5,105.1,35.4,"GSW",37.768,-122.3877,-8,2024-01-07,72,38.5805,-121.4993,74.1095928928695,4064.19288263097,-8,0,0,0,0.923020545738979,0,30.7673515246326,5.07073170731707,30.3292682926829,"2023-24"
22300539,"2024-01-12","NOP","DEN","A","L",113,-12,113.4,120.7,-7.3,"DEN",39.7487,-105.0077,-7,2024-01-10,48,37.768,-122.3877,945.881692119517,5010.07457475049,-8,1,1,0.5,0.946255309582364,0.428571428571429,62.4942246051264,5.07073170731707,-12.3707317073171,"2023-24"
22300547,"2024-01-13","NOP","DAL","A","W",118,10,127.9,115.1,12.7,"DAL",32.7905,-96.8103,-6,2024-01-12,24,39.7487,-105.0077,663.211405841625,5673.28598059212,-7,1,1,1,0.9600607558621,0.428571428571429,79.6210728144509,5.07073170731707,7.62926829268293,"2023-24"
22300556,"2024-01-15","NOP","DAL","A","L",120,-5,118.8,125.8,-7,"DAL",32.7905,-96.8103,-6,2024-01-13,48,32.7905,-96.8103,0,5673.28598059212,-6,0,0,0.5,0.9600607558621,0,48.66869186207,5.07073170731707,-12.0707317073171,"2023-24"
22300575,"2024-01-17","NOP","NOPCHA","H","W",132,20,138.8,115.6,23.2,"NOP",29.949,-90.0822,-6,2024-01-15,48,32.7905,-96.8103,443.181141038864,5062.34382250616,-6,0,0,0.5,0.947407858031021,0,48.246928601034,5.07073170731707,18.1292682926829,"2023-24"
22300588,"2024-01-19","NOP","NOPPHX","H","L",109,-14,103.7,116.9,-13.2,"NOP",29.949,-90.0822,-6,2024-01-17,48,29.949,-90.0822,0,4008.22052338134,-6,0,0,0.5,0.921480624122672,0,47.3826874707557,5.07073170731707,-18.2707317073171,"2023-24"
22300616,"2024-01-23","NOP","NOPUTA","H","W",153,29,142.2,114.7,27.5,"NOP",29.949,-90.0822,-6,2024-01-19,96,29.949,-90.0822,0,2126.38383189288,-6,0,0,0,0.851094769921417,0,28.3698256640472,5.07073170731707,22.4292682926829,"2023-24"
22300640,"2024-01-26","NOP","NOPOKC","H","L",83,-24,82.9,105.8,-22.9,"NOP",29.949,-90.0822,-6,2024-01-23,72,29.949,-90.0822,0,2052.27423900001,-6,0,0,0,0.847156510661746,0,28.2385503553915,5.07073170731707,-27.9707317073171,"2023-24"
22300648,"2024-01-27","NOP","MIL","A","L",117,-24,109.5,134.3,-24.8,"MIL",43.045,-87.917,-6,2024-01-26,24,29.949,-90.0822,913.736138998303,2020.12868587879,-6,0,0,1,0.845403861592797,0,61.5134620530932,5.07073170731707,-29.8707317073171,"2023-24"
22300659,"2024-01-29","NOP","BOS","A","L",112,-6,112.3,119.4,-7.1,"BOS",42.3662,-71.0621,-5,2024-01-27,48,43.045,-87.917,856.579559187163,2213.49683922433,-6,1,1,0.5,0.855552281032564,0.428571428571429,59.4707903201331,5.07073170731707,-12.1707317073171,"2023-24"
22300679,"2024-01-31","NOP","HOU","A","W",110,11,113.9,104.8,9.1,"HOU",29.7508,-95.3621,-6,2024-01-29,48,42.3662,-71.0621,1605.86149800789,3819.35833723222,-5,1,-1,0.5,0.916121178240113,0.285714285714286,56.72784879848,5.07073170731707,4.02926829268293,"2023-24"
22300696,"2024-02-02","NOP","SAS","A","W",114,1,113.7,108.7,5,"SAS",29.427,-98.4375,-6,2024-01-31,48,29.7508,-95.3621,186.331542104265,3562.50873829762,-6,0,0,0.5,0.908390825555047,0,46.9463608518349,5.07073170731707,-0.0707317073170728,"2023-24"
22300718,"2024-02-05","NOP","NOPTOR","H","W",138,38,138.4,101.4,37,"NOP",29.949,-90.0822,-6,2024-02-02,72,29.427,-98.4375,503.264197230828,4065.77293552845,-6,0,0,0,0.923063708092227,0,30.7687902697409,5.07073170731707,31.9292682926829,"2023-24"
22300731,"2024-02-07","NOP","LAC","A","W",117,11,114.7,105.5,9.1,"LAC",34.043,-118.2673,-8,2024-02-05,48,29.949,-90.0822,1672.04450838209,5737.81744391054,-6,2,-1,0.5,0.961316789920225,0.571428571428571,67.7581787116265,5.07073170731707,4.02926829268293,"2023-24"
22300747,"2024-02-09","NOP","LAL","A","L",122,-17,119.5,132.3,-12.8,"LAL",34.043,-118.2673,-8,2024-02-07,48,34.043,-118.2673,0,5737.81744391054,-8,0,0,0.5,0.961316789920225,0,48.7105596640075,5.07073170731707,-17.8707317073171,"2023-24"
22300758,"2024-02-10","NOP","POR","A","W",93,9,106.8,92.8,14,"POR",45.5316,-122.6668,-8,2024-02-09,24,34.043,-118.2673,828.020463382259,5652.10176829449,-8,0,0,1,0.959645312249269,0,65.321510408309,5.07073170731707,8.92926829268293,"2023-24"
22300766,"2024-02-12","NOP","MEM","A","W",96,9,100.5,87.4,13,"MEM",35.1382,-90.0505,-6,2024-02-10,48,45.5316,-122.6668,1847.91560981004,6643.43781891737,-8,2,1,0.5,0.977591619332401,0.714285714285714,73.0625777872705,5.07073170731707,7.92926829268293,"2023-24"
22300784,"2024-02-14","NOP","NOPWAS","H","W",133,7,128.2,120.2,8,"NOP",29.949,-90.0822,-6,2024-02-12,48,35.1382,-90.0505,358.946368923759,5396.52268983324,-6,0,0,0.5,0.954506710501935,0,48.4835570167312,5.07073170731707,2.92926829268293,"2023-24"
22300798,"2024-02-22","NOP","NOPHOU","H","W",127,22,116.6,98.8,17.8,"NOP",29.949,-90.0822,-6,2024-02-14,192,29.949,-90.0822,0,5210.19114772898,-6,0,0,0,0.950604620019314,0,31.6868206673105,5.07073170731707,12.7292682926829,"2023-24"
22300810,"2024-02-23","NOP","NOPMIA","H","L",95,-11,92.5,108.2,-15.7,"NOP",29.949,-90.0822,-6,2024-02-22,24,29.949,-90.0822,0,4706.92695049815,-6,0,0,1,0.939324205094595,0,64.6441401698198,5.07073170731707,-20.7707317073171,"2023-24"
22300823,"2024-02-25","NOP","NOPCHI","H","L",106,-8,104.8,110.4,-5.6,"NOP",29.949,-90.0822,-6,2024-02-23,48,29.949,-90.0822,0,3034.88244211606,-6,0,0,0.5,0.890592484892137,0,46.3530828297379,5.07073170731707,-10.6707317073171,"2023-24"
22300837,"2024-02-27","NOP","NYK","A","W",115,23,124.8,98.8,26,"NYK",40.7505,-73.9934,-5,2024-02-25,48,29.949,-90.0822,1172.26016653242,4207.14260864848,-6,1,1,0.5,0.926859164156317,0.428571428571429,61.8476864242582,5.07073170731707,20.9292682926829,"2023-24"
22300843,"2024-02-28","NOP","IND","A","L",114,-9,110.6,120.6,-10.1,"IND",39.7639,-86.1555,-5,2024-02-27,24,40.7505,-73.9934,645.101494684543,4024.22363995076,-5,0,0,1,0.921923088522158,0,64.0641029507386,5.07073170731707,-15.1707317073171,"2023-24"
22300863,"2024-03-01","NOP","NOPIND","H","W",129,27,124.7,100.1,24.6,"NOP",29.949,-90.0822,-6,2024-02-28,48,39.7639,-86.1555,714.341634945661,2890.64966508638,-5,1,-1,0.5,0.885186126752725,0.285714285714286,55.696680415567,5.07073170731707,19.5292682926829,"2023-24"
22300890,"2024-03-05","NOP","TOR","A","W",139,41,133.9,94.5,39.3,"TOR",43.6435,-79.379,-5,2024-03-01,96,29.949,-90.0822,1115.30690914153,3647.01020530415,-6,1,1,0,0.910993898897783,0.428571428571429,44.6521775823071,5.07073170731707,34.2292682926829,"2023-24"
22300909,"2024-03-08","NOP","PHI","A","W",103,8,109.4,99.2,10.3,"PHI",39.9012,-75.172,-5,2024-03-05,72,43.6435,-79.379,337.702164435139,3984.71236973929,-5,0,0,0,0.92082744247125,0,30.694248082375,5.07073170731707,5.22926829268293,"2023-24"
22300925,"2024-03-10","NOP","ATL","A","W",116,13,125.2,107.6,17.6,"ATL",33.7573,-84.3963,-5,2024-03-08,48,39.9012,-75.172,663.748614483062,4648.46098422236,-5,0,0,0.5,0.937936225198416,0,47.9312075066139,5.07073170731707,12.5292682926829,"2023-24"
22300951,"2024-03-13","NOP","NOPCLE","H","L",95,-21,98.5,119.2,-20.7,"NOP",29.949,-90.0822,-6,2024-03-10,72,33.7573,-84.3963,425.299982894986,5073.76096711734,-5,1,-1,0,0.947658024982771,0.285714285714286,41.1124103565685,5.07073170731707,-25.7707317073171,"2023-24"
22300964,"2024-03-15","NOP","NOPLAC","H","W",112,8,116.9,109.1,7.8,"NOP",29.949,-90.0822,-6,2024-03-13,48,29.949,-90.0822,0,3901.50080058492,-6,0,0,0.5,0.918484022048779,0,47.2828007349593,5.07073170731707,2.72926829268293,"2023-24"
22300970,"2024-03-16","NOP","NOPPOR","H","W",126,19,124.3,107.8,16.5,"NOP",29.949,-90.0822,-6,2024-03-15,24,29.949,-90.0822,0,3256.39930590038,-6,0,0,1,0.898414850325688,0,63.2804950108563,5.07073170731707,11.4292682926829,"2023-24"
22300993,"2024-03-19","NOP","BKN","A","W",104,13,113.4,97.1,16.2,"BKN",40.6826,-73.9754,-5,2024-03-16,72,29.949,-90.0822,1170.3833714146,3712.44104236932,-6,1,1,0,0.912968409637524,0.428571428571429,44.7179946069651,5.07073170731707,11.1292682926829,"2023-24"
22301004,"2024-03-21","NOP","ORL","A","L",106,-15,102.7,120.6,-17.9,"ORL",28.5392,-81.3839,-5,2024-03-19,48,40.6826,-73.9754,939.005691372418,3536.13982460021,-5,0,0,0.5,0.907565880081319,0,46.9188626693773,5.07073170731707,-22.9707317073171,"2023-24"
22301013,"2024-03-22","NOP","MIA","A","W",111,23,125.7,96.1,29.7,"MIA",25.7814,-80.187,-5,2024-03-21,24,28.5392,-81.3839,204.482996041861,3402.92065620693,-5,0,0,1,0.903301820621883,0,63.4433940207294,5.07073170731707,24.6292682926829,"2023-24"
22301027,"2024-03-24","NOP","DET","A","W",114,13,115.6,100.9,14.7,"DET",42.341,-83.0552,-5,2024-03-22,48,25.7814,-80.187,1156.97987048181,3896.15191220567,-5,0,0,0.5,0.918331680851459,0,47.2777226950486,5.07073170731707,9.62926829268293,"2023-24"
22301046,"2024-03-26","NOP","NOPOKC","H","L",112,-7,110.8,122.5,-11.7,"NOP",29.949,-90.0822,-6,2024-03-24,48,42.341,-83.0552,941.893579171501,4412.74550848219,-5,1,-1,0.5,0.9321574846168,0.285714285714286,57.2623923443695,5.07073170731707,-16.7707317073171,"2023-24"
22301061,"2024-03-28","NOP","NOPMIL","H","W",107,7,104.9,100.6,4.3,"NOP",29.949,-90.0822,-6,2024-03-26,48,29.949,-90.0822,0,4412.74550848219,-6,0,0,0.5,0.9321574846168,0,47.73858282056,5.07073170731707,-0.770731707317073,"2023-24"
22301074,"2024-03-30","NOP","NOPBOS","H","L",92,-12,99,112.7,-13.7,"NOP",29.949,-90.0822,-6,2024-03-28,48,29.949,-90.0822,0,4412.74550848219,-6,0,0,0.5,0.9321574846168,0,47.73858282056,5.07073170731707,-18.7707317073171,"2023-24"
22301092,"2024-04-01","NOP","NOPPHX","H","L",111,-13,115,129.2,-14.2,"NOP",29.949,-90.0822,-6,2024-03-30,48,29.949,-90.0822,0,3242.36213706759,-6,0,0,0.5,0.897935177631641,0,46.597839254388,5.07073170731707,-19.2707317073171,"2023-24"
22301109,"2024-04-03","NOP","NOPORL","H","L",108,-9,113.3,117.9,-4.6,"NOP",29.949,-90.0822,-6,2024-04-01,48,29.949,-90.0822,0,2303.35644569517,-6,0,0,0.5,0.859970248899577,0,45.3323416299859,5.07073170731707,-9.67073170731707,"2023-24"
22301123,"2024-04-05","NOP","NOPSAS","H","L",109,-2,112,111.3,0.7,"NOP",29.949,-90.0822,-6,2024-04-03,48,29.949,-90.0822,0,2098.87344965331,-6,0,0,0.5,0.849649086828169,0,44.9883028942723,5.07073170731707,-4.37073170731707,"2023-24"
22301138,"2024-04-07","NOP","PHX","A","W",113,8,113.7,104.8,8.9,"PHX",33.4457,-112.0712,-7,2024-04-05,48,29.949,-90.0822,1313.92595627272,2255.81953544422,-6,1,-1,0.5,0.857654993669082,0.285714285714286,54.7789759794456,5.07073170731707,3.82926829268293,"2023-24"
22301157,"2024-04-09","NOP","POR","A","W",110,10,114.9,102.5,12.3,"POR",45.5316,-122.6668,-8,2024-04-07,48,33.4457,-112.0712,1007.38726543148,2321.3132217042,-7,1,-1,0.5,0.860832415272455,0.285714285714286,54.8848900328913,5.07073170731707,7.22926829268293,"2023-24"
22301170,"2024-04-11","NOP","SAC","A","W",135,12,132.5,120.8,11.6,"SAC",38.5805,-121.4993,-8,2024-04-09,48,45.5316,-122.6668,484.522481968318,2805.83570367252,-8,0,0,0.5,0.88187962307951,0,46.0626541026503,5.07073170731707,6.52926829268293,"2023-24"
22301182,"2024-04-12","NOP","GSW","A","W",114,5,112.8,108.7,4.1,"GSW",37.768,-122.3877,-8,2024-04-11,24,38.5805,-121.4993,74.1095928928695,2879.94529656539,-8,0,0,1,0.884774200481023,0,62.8258066827007,5.07073170731707,-0.970731707317073,"2023-24"
22301195,"2024-04-14","NOP","NOPLAL","H","L",108,-16,106.8,120.5,-13.7,"NOP",29.949,-90.0822,-6,2024-04-12,48,37.768,-122.3877,1922.10125374851,4802.0465503139,-8,2,1,0.5,0.941545921132285,0.714285714285714,71.8610545139333,5.07073170731707,-18.7707317073171,"2023-24"
22300065,"2023-10-25","NYK","NYKBOS","H","L",104,-4,101.5,114.4,-12.8,"NYK",40.7505,-73.9934,-5,NA,NA,NA,NA,0,NA,NA,0,0,0,0,0,0,3.01707317073171,-15.8170731707317,"2023-24"
22300079,"2023-10-27","NYK","ATL","A","W",126,6,118.5,114.1,4.4,"ATL",33.7573,-84.3963,-5,2023-10-25,48,40.7505,-73.9934,748.728285350783,NA,-5,0,0,0.5,0,0,16.6666666666667,3.01707317073171,1.38292682926829,"2023-24"
22300090,"2023-10-28","NYK","NOP","A","L",87,-9,86.2,93.2,-7,"NOP",29.949,-90.0822,-6,2023-10-27,24,33.7573,-84.3963,425.299982894986,NA,-5,1,-1,1,0,0.285714285714286,42.8571428571429,3.01707317073171,-10.0170731707317,"2023-24"
22300112,"2023-10-31","NYK","CLE","A","W",109,18,110.1,92.6,17.5,"CLE",41.4965,-81.6882,-5,2023-10-28,72,29.949,-90.0822,926.358693730177,NA,-6,1,1,0,0,0.428571428571429,14.2857142857143,3.01707317073171,14.4829268292683,"2023-24"
22300120,"2023-11-01","NYK","NYKCLE","H","L",89,-6,86.2,100.2,-14,"NYK",40.7505,-73.9934,-5,2023-10-31,24,41.4965,-81.6882,404.113541493158,NA,-5,0,0,1,0,0,33.3333333333333,3.01707317073171,-17.0170731707317,"2023-24"
22300002,"2023-11-03","NYK","MIL","A","L",105,-5,102.9,108.6,-5.6,"MIL",43.045,-87.917,-6,2023-11-01,48,40.7505,-73.9934,733.306248994209,NA,-5,1,-1,0.5,0,0.285714285714286,26.1904761904762,3.01707317073171,-8.61707317073171,"2023-24"
22300151,"2023-11-06","NYK","NYKLAC","H","W",111,14,113.4,102.1,11.3,"NYK",40.7505,-73.9934,-5,2023-11-03,72,43.045,-87.917,733.306248994209,3971.11300145752,-6,1,1,0,0.920447818366942,0.428571428571429,44.967308231279,3.01707317073171,8.28292682926829,"2023-24"
22300161,"2023-11-08","NYK","NYKSAS","H","W",126,21,125.1,107.4,17.7,"NYK",40.7505,-73.9934,-5,2023-11-06,48,40.7505,-73.9934,0,3971.11300145752,-5,0,0,0.5,0.920447818366942,0,47.3482606122314,3.01707317073171,14.6829268292683,"2023-24"
22300177,"2023-11-12","NYK","NYKCHA","H","W",129,22,130,111.6,18.4,"NYK",40.7505,-73.9934,-5,2023-11-08,96,40.7505,-73.9934,0,3222.38471610674,-5,0,0,0,0.897248925084595,0,29.9082975028198,3.01707317073171,15.3829268292683,"2023-24"
22300188,"2023-11-13","NYK","BOS","A","L",98,-16,109.4,128,-18.6,"BOS",42.3662,-71.0621,-5,2023-11-12,24,40.7505,-73.9934,188.420681353137,2985.50541456489,-5,0,0,1,0.888771128310818,0,62.9590376103606,3.01707317073171,-21.6170731707317,"2023-24"
22300193,"2023-11-15","NYK","ATL","A","W",116,2,113.9,119.4,-5.5,"ATL",33.7573,-84.3963,-5,2023-11-13,48,42.3662,-71.0621,937.145034673311,2996.29175550802,-5,0,0,0.5,0.889171558467593,0,46.3057186155864,3.01707317073171,-8.51707317073171,"2023-24"
22300028,"2023-11-17","NYK","WAS","A","W",120,21,124,103.1,20.9,"WAS",38.8981,-77.021,-5,2023-11-15,48,33.7573,-84.3963,543.130987927522,3135.30920194239,-5,0,0,0.5,0.894207227723822,0,46.4735742574607,3.01707317073171,17.8829268292683,"2023-24"
22300202,"2023-11-18","NYK","CHA","A","W",122,14,124,111.7,12.4,"CHA",35.2251,-80.8392,-5,2023-11-17,24,38.8981,-77.021,330.029445741506,2732.03239868968,-5,0,0,1,0.87892003610196,0,62.6306678700653,3.01707317073171,9.38292682926829,"2023-24"
22300221,"2023-11-20","NYK","MIN","A","L",100,-17,100,115.7,-15.7,"MIN",44.9795,-93.276,-6,2023-11-18,48,35.2251,-80.8392,940.342795083531,2939.06894477901,-5,1,-1,0.5,0.887030550778913,0.285714285714286,55.75816121644,3.01707317073171,-18.7170731707317,"2023-24"
22300045,"2023-11-24","NYK","NYKMIA","H","W",100,2,98.1,100.8,-2.7,"NYK",40.7505,-73.9934,-5,2023-11-20,96,44.9795,-93.276,1017.62277013977,3956.69171491878,-6,1,1,0,0.920043827990655,0.428571428571429,44.9538418854028,3.01707317073171,-5.71707317073171,"2023-24"
22300247,"2023-11-26","NYK","NYKPHX","H","L",113,-3,120.1,121.8,-1.7,"NYK",40.7505,-73.9934,-5,2023-11-24,48,40.7505,-73.9934,0,3956.69171491878,-5,0,0,0.5,0.920043827990655,0,47.3347942663552,3.01707317073171,-4.71707317073171,"2023-24"
22300057,"2023-11-28","NYK","NYKCHA","H","W",115,24,117.6,94.7,22.9,"NYK",40.7505,-73.9934,-5,2023-11-26,48,40.7505,-73.9934,0,3768.27103356564,-5,0,0,0.5,0.91462587938822,0,47.1541959796073,3.01707317073171,19.8829268292683,"2023-24"
22300268,"2023-11-30","NYK","NYKDET","H","W",118,6,118.8,111.5,7.3,"NYK",40.7505,-73.9934,-5,2023-11-28,48,40.7505,-73.9934,0,2831.12599889233,-5,0,0,0.5,0.882875915194026,0,46.0958638398009,3.01707317073171,4.28292682926829,"2023-24"
22300276,"2023-12-01","NYK","TOR","A","W",119,13,120.2,105.5,14.7,"TOR",43.6435,-79.379,-5,2023-11-30,24,40.7505,-73.9934,340.777924403546,2628.77293536836,-5,0,0,1,0.874642235497813,0,62.4880745165938,3.01707317073171,11.6829268292683,"2023-24"
22301201,"2023-12-05","NYK","MIL","A","L",122,-24,114.5,146.9,-32.4,"MIL",43.045,-87.917,-6,2023-12-01,96,43.6435,-79.379,431.292807997474,2730.03629762432,-5,1,-1,0,0.878838884813045,0.285714285714286,38.8184390175777,3.01707317073171,-35.4170731707317,"2023-24"
22301227,"2023-12-08","NYK","BOS","A","L",123,-10,120.7,132.7,-12,"BOS",42.3662,-71.0621,-5,2023-12-05,72,43.045,-87.917,856.579559187163,2646.27306172796,-6,1,1,0,0.875378918966003,0.428571428571429,43.4650115845811,3.01707317073171,-15.0170731707317,"2023-24"
22300297,"2023-12-11","NYK","NYKTOR","H","W",136,6,140,127.2,12.8,"NYK",40.7505,-73.9934,-5,2023-12-08,72,42.3662,-71.0621,188.420681353137,1817.07097294132,-5,0,0,0,0.833643700282789,0,27.7881233427596,3.01707317073171,9.78292682926829,"2023-24"
22300318,"2023-12-13","NYK","UTA","A","L",113,-4,107.5,108.1,-0.6,"UTA",40.7683,-111.9011,-7,2023-12-11,48,40.7505,-73.9934,1970.33986108402,3787.41083402534,-5,2,-1,0.5,0.915188452219344,0.571428571428571,66.2205674549305,3.01707317073171,-3.61707317073171,"2023-24"
22300333,"2023-12-15","NYK","PHX","A","W",139,17,144.3,120.5,23.8,"PHX",33.4457,-112.0712,-7,2023-12-13,48,40.7683,-111.9011,506.597396462442,4294.00823048778,-7,0,0,0.5,0.929128570086083,0,47.6376190028694,3.01707317073171,20.7829268292683,"2023-24"
22300343,"2023-12-16","NYK","LAC","A","L",122,-22,117.9,138.5,-20.6,"LAC",34.043,-118.2673,-8,2023-12-15,24,33.4457,-112.0712,358.712741358694,4652.72097184647,-7,1,-1,1,0.938037945087913,0.285714285714286,74.1250743600733,3.01707317073171,-23.6170731707317,"2023-24"
22300359,"2023-12-18","NYK","LAL","A","W",114,5,110.6,103.1,7.4,"LAL",34.043,-118.2673,-8,2023-12-16,48,34.043,-118.2673,0,4311.94304744293,-8,0,0,0.5,0.929591405736911,0,47.653046857897,3.01707317073171,4.38292682926829,"2023-24"
22300368,"2023-12-20","NYK","BKN","A","W",121,19,115.2,99.5,15.7,"BKN",40.6826,-73.9754,-5,2023-12-18,48,34.043,-118.2673,2451.53633294275,6332.1865723882,-8,3,1,0.5,0.972262834086548,1,82.4087611362182,3.01707317073171,12.6829268292683,"2023-24"
22300388,"2023-12-23","NYK","NYKMIL","H","L",111,-19,108.6,126.1,-17.5,"NYK",40.7505,-73.9934,-5,2023-12-20,72,40.6826,-73.9754,4.79057381509804,5480.39758701614,-5,0,0,0,0.956219420524119,0,31.8739806841373,3.01707317073171,-20.5170731707317,"2023-24"
22300401,"2023-12-25","NYK","NYKMIL","H","W",129,7,119,122.5,-3.6,"NYK",40.7505,-73.9934,-5,2023-12-23,48,40.7505,-73.9934,0,5291.976905663,-5,0,0,0.5,0.952334252470194,0,48.4111417490065,3.01707317073171,-6.61707317073171,"2023-24"
22300419,"2023-12-27","NYK","OKC","A","L",120,-9,115.2,128.1,-13,"OKC",35.4634,-97.5151,-6,2023-12-25,48,40.7505,-73.9934,1326.87382717747,4648.51087175646,-5,1,-1,0.5,0.93793741695108,0.285714285714286,57.4550567555122,3.01707317073171,-16.0170731707317,"2023-24"
22300429,"2023-12-29","NYK","ORL","A","L",108,-9,99.3,108.7,-9.4,"ORL",28.5392,-81.3839,-5,2023-12-27,48,35.4634,-97.5151,1058.64956266465,5200.56303795867,-6,1,1,0.5,0.9503992180667,0.428571428571429,62.6323548879376,3.01707317073171,-12.4170731707317,"2023-24"
22300441,"2023-12-30","NYK","IND","A","L",126,-14,119,135.6,-16.6,"IND",39.7639,-86.1555,-5,2023-12-29,24,28.5392,-81.3839,822.711579822832,5664.5618764228,-5,0,0,1,0.95988985560047,0,65.329661853349,3.01707317073171,-19.6170731707317,"2023-24"
22300451,"2024-01-01","NYK","NYKMIN","H","W",112,6,111.6,107.3,4.3,"NYK",40.7505,-73.9934,-5,2023-12-30,48,39.7639,-86.1555,645.101494684543,6309.66337110735,-5,0,0,0.5,0.971867121128954,0,49.0622373709651,3.01707317073171,1.28292682926829,"2023-24"
22300468,"2024-01-03","NYK","NYKCHI","H","W",116,16,119.8,104.1,15.7,"NYK",40.7505,-73.9934,-5,2024-01-01,48,40.7505,-73.9934,0,3858.1270381646,-5,0,0,0.5,0.917242633230309,0,47.241421107677,3.01707317073171,12.6829268292683,"2023-24"
22300483,"2024-01-05","NYK","PHI","A","W",128,36,124.3,93,31.2,"PHI",39.9012,-75.172,-5,2024-01-03,48,40.7505,-73.9934,85.5210890521257,3938.85755340163,-5,0,0,0.5,0.919542190349505,0,47.3180730116502,3.01707317073171,28.1829268292683,"2023-24"
22300494,"2024-01-06","NYK","WAS","A","W",121,16,120.3,103.1,17.2,"WAS",38.8981,-77.021,-5,2024-01-05,24,39.9012,-75.172,120.750788954589,4059.60834235621,-5,0,0,1,0.922895214690977,0,64.0965071563659,3.01707317073171,14.1829268292683,"2023-24"
22300514,"2024-01-09","NYK","NYKPOR","H","W",112,28,113,86.7,26.3,"NYK",40.7505,-73.9934,-5,2024-01-06,72,38.8981,-77.021,205.614779911498,2938.34929509024,-5,0,0,0,0.887003360365187,0,29.5667786788396,3.01707317073171,23.2829268292683,"2023-24"
22300530,"2024-01-11","NYK","DAL","A","L",124,-4,118.9,127.7,-8.9,"DAL",32.7905,-96.8103,-6,2024-01-09,48,40.7505,-73.9934,1373.67078184932,3253.37051427491,-5,1,-1,0.5,0.898311526753237,0.285714285714286,56.1341937489174,3.01707317073171,-11.9170731707317,"2023-24"
22300544,"2024-01-13","NYK","MEM","A","W",106,12,106.7,97.3,9.4,"MEM",35.1382,-90.0505,-6,2024-01-11,48,32.7905,-96.8103,420.309408356037,2850.96834280811,-6,0,0,0.5,0.883651380703647,0,46.1217126901216,3.01707317073171,6.38292682926829,"2023-24"
22300557,"2024-01-15","NYK","NYKORL","H","L",94,-4,104.8,109.8,-5,"NYK",40.7505,-73.9934,-5,2024-01-13,48,35.1382,-90.0505,956.167828785305,3162.03467690887,-6,1,1,0.5,0.895149685165769,0.428571428571429,60.7907037912399,3.01707317073171,-8.01707317073171,"2023-24"
22300573,"2024-01-17","NYK","NYKHOU","H","W",109,15,109.3,97.6,11.8,"NYK",40.7505,-73.9934,-5,2024-01-15,48,40.7505,-73.9934,0,3162.03467690887,-5,0,0,0.5,0.895149685165769,0,46.5049895055256,3.01707317073171,8.78292682926829,"2023-24"
22300579,"2024-01-18","NYK","NYKWAS","H","W",113,4,105.2,106.2,-1,"NYK",40.7505,-73.9934,-5,2024-01-17,24,40.7505,-73.9934,0,3076.51358785675,-5,0,0,1,0.892105250259235,0,63.0701750086412,3.01707317073171,-4.01707317073171,"2023-24"
22300596,"2024-01-20","NYK","NYKTOR","H","W",126,26,121.4,98.9,22.5,"NYK",40.7505,-73.9934,-5,2024-01-18,48,40.7505,-73.9934,0,2955.76279890216,-5,0,0,0.5,0.887659431187484,0,46.2553143729161,3.01707317073171,19.4829268292683,"2023-24"
22300615,"2024-01-23","NYK","BKN","A","W",108,5,110.9,106,5,"BKN",40.6826,-73.9754,-5,2024-01-20,72,40.7505,-73.9934,4.79057381509804,2754.93859280576,-5,0,0,0,0.879847065591051,0,29.3282355197017,3.01707317073171,1.98292682926829,"2023-24"
22300631,"2024-01-25","NYK","NYKDEN","H","W",122,38,132.9,87.8,45.1,"NYK",40.7505,-73.9934,-5,2024-01-23,48,40.6826,-73.9754,4.79057381509804,1386.05838477154,-5,0,0,0.5,0.803589023835391,0,43.4529674611797,3.01707317073171,42.0829268292683,"2023-24"
22300643,"2024-01-27","NYK","NYKMIA","H","W",125,16,132.4,114.7,17.7,"NYK",40.7505,-73.9934,-5,2024-01-25,48,40.7505,-73.9934,0,965.748976415501,-5,0,0,0.5,0.763492362838664,0,42.1164120946221,3.01707317073171,14.6829268292683,"2023-24"
22300657,"2024-01-29","NYK","CHA","A","W",113,21,121.5,99.8,21.6,"CHA",35.2251,-80.8392,-5,2024-01-27,48,40.7505,-73.9934,533.845366214563,543.426513844759,-5,0,0,0.5,0.699714981784904,0,39.9904993928301,3.01707317073171,18.5829268292683,"2023-24"
22300671,"2024-01-30","NYK","NYKUTA","H","W",118,15,125.6,110.2,15.5,"NYK",40.7505,-73.9934,-5,2024-01-29,24,35.2251,-80.8392,533.845366214563,1077.27188005932,-5,0,0,1,0.77561861044995,0,59.1872870149983,3.01707317073171,12.4829268292683,"2023-24"
22300685,"2024-02-01","NYK","NYKIND","H","W",109,4,109,102.2,6.8,"NYK",40.7505,-73.9934,-5,2024-01-30,48,40.7505,-73.9934,0,1077.27188005932,-5,0,0,0.5,0.77561861044995,0,42.5206203483317,3.01707317073171,3.78292682926829,"2023-24"
22300701,"2024-02-03","NYK","NYKLAL","H","L",105,-8,109.8,120.4,-10.5,"NYK",40.7505,-73.9934,-5,2024-02-01,48,40.7505,-73.9934,0,1077.27188005932,-5,0,0,0.5,0.77561861044995,0,42.5206203483317,3.01707317073171,-13.5170731707317,"2023-24"
22300722,"2024-02-06","NYK","NYKMEM","H","W",123,10,127.1,116.4,10.6,"NYK",40.7505,-73.9934,-5,2024-02-03,72,40.7505,-73.9934,0,1072.48130624422,-5,0,0,0,0.775124043801157,0,25.8374681267052,3.01707317073171,7.58292682926829,"2023-24"
22300736,"2024-02-08","NYK","NYKDAL","H","L",108,-14,109.3,128.3,-19,"NYK",40.7505,-73.9934,-5,2024-02-06,48,40.7505,-73.9934,0,1067.69073242913,-5,0,0,0.5,0.774627265130288,0,42.4875755043429,3.01707317073171,-22.0170731707317,"2023-24"
22300755,"2024-02-10","NYK","NYKIND","H","L",111,-14,113.1,124.6,-11.4,"NYK",40.7505,-73.9934,-5,2024-02-08,48,40.7505,-73.9934,0,1067.69073242913,-5,0,0,0.5,0.774627265130288,0,42.4875755043429,3.01707317073171,-14.4170731707317,"2023-24"
22300765,"2024-02-12","NYK","HOU","A","L",103,-2,108.1,111.1,-3,"HOU",29.7508,-95.3621,-6,2024-02-10,48,40.7505,-73.9934,1420.92089658594,1954.7662628005,-5,1,-1,0.5,0.841752522547506,0.285714285714286,54.2488936087264,3.01707317073171,-6.01707317073171,"2023-24"
22300778,"2024-02-14","NYK","ORL","A","L",100,-18,110.4,137.5,-27,"ORL",28.5392,-81.3839,-5,2024-02-12,48,29.7508,-95.3621,848.089028965966,2269.00992555191,-6,1,1,0.5,0.858302276015711,0.428571428571429,59.5624568195713,3.01707317073171,-30.0170731707317,"2023-24"
22300794,"2024-02-22","NYK","PHI","A","W",110,14,113.5,94.9,18.6,"PHI",39.9012,-75.172,-5,2024-02-14,192,28.5392,-81.3839,861.902919591315,3130.91284514322,-5,0,0,0,0.894051424063173,0,29.8017141354391,3.01707317073171,15.5829268292683,"2023-24"
22300816,"2024-02-24","NYK","NYKBOS","H","L",102,-14,115.9,141,-25.1,"NYK",40.7505,-73.9934,-5,2024-02-22,48,39.9012,-75.172,85.5210890521257,3216.43393419535,-5,0,0,0.5,0.897043685033685,0,46.5681228344562,3.01707317073171,-28.1170731707317,"2023-24"
22300828,"2024-02-26","NYK","NYKDET","H","W",113,2,112.7,113.9,-1.2,"NYK",40.7505,-73.9934,-5,2024-02-24,48,40.7505,-73.9934,0,3216.43393419535,-5,0,0,0.5,0.897043685033685,0,46.5681228344562,3.01707317073171,-4.21707317073171,"2023-24"
22300837,"2024-02-27","NYK","NYKNOP","H","L",92,-23,98.8,124.8,-26,"NYK",40.7505,-73.9934,-5,2024-02-26,24,40.7505,-73.9934,0,3216.43393419535,-5,0,0,1,0.897043685033685,0,63.2347895011228,3.01707317073171,-29.0170731707317,"2023-24"
22300852,"2024-02-29","NYK","NYKGSW","H","L",99,-11,97.5,110,-12.5,"NYK",40.7505,-73.9934,-5,2024-02-27,48,40.7505,-73.9934,0,3216.43393419535,-5,0,0,0.5,0.897043685033685,0,46.5681228344562,3.01707317073171,-15.5170731707317,"2023-24"
22300876,"2024-03-03","NYK","CLE","A","W",107,9,115.8,107.1,8.7,"CLE",41.4965,-81.6882,-5,2024-02-29,72,40.7505,-73.9934,404.113541493158,2199.62657910257,-5,0,0,0,0.854854414753714,0,28.4951471584571,3.01707317073171,5.68292682926829,"2023-24"
22300889,"2024-03-05","NYK","NYKATL","H","L",100,-16,101.2,115.9,-14.7,"NYK",40.7505,-73.9934,-5,2024-03-03,48,41.4965,-81.6882,404.113541493158,1755.65109162976,-5,0,0,0.5,0.82982655701285,0,44.3275519004283,3.01707317073171,-17.7170731707317,"2023-24"
22300912,"2024-03-08","NYK","NYKORL","H","W",98,24,112,82.4,29.6,"NYK",40.7505,-73.9934,-5,2024-03-05,72,40.7505,-73.9934,0,893.748172038442,-5,0,0,0,0.75489588163328,0,25.1631960544427,3.01707317073171,26.5829268292683,"2023-24"
22300927,"2024-03-10","NYK","NYKPHI","H","L",73,-6,79.3,90.6,-11.3,"NYK",40.7505,-73.9934,-5,2024-03-08,48,40.7505,-73.9934,0,808.227082986316,-5,0,0,0.5,0.743737427813599,0,41.4579142604533,3.01707317073171,-14.3170731707317,"2023-24"
22300939,"2024-03-12","NYK","NYKPHI","H","W",106,27,118.3,89.7,28.6,"NYK",40.7505,-73.9934,-5,2024-03-10,48,40.7505,-73.9934,0,808.227082986316,-5,0,0,0.5,0.743737427813599,0,41.4579142604533,3.01707317073171,25.5829268292683,"2023-24"
22300960,"2024-03-14","NYK","POR","A","W",105,12,106.7,96.8,9.8,"POR",45.5316,-122.6668,-8,2024-03-12,48,40.7505,-73.9934,2440.79429099833,3249.02137398465,-5,3,-1,0.5,0.898162992776306,0.857142857142857,75.1768616639721,3.01707317073171,6.78292682926829,"2023-24"
22300975,"2024-03-16","NYK","SAC","A","W",98,7,98.9,93.4,5.6,"SAC",38.5805,-121.4993,-8,2024-03-14,48,45.5316,-122.6668,484.522481968318,3733.54385595297,-8,0,0,0.5,0.913597816921246,0,47.1199272307082,3.01707317073171,2.58292682926829,"2023-24"
22300988,"2024-03-18","NYK","GSW","A","W",119,7,120.4,115.6,4.9,"GSW",37.768,-122.3877,-8,2024-03-16,48,38.5805,-121.4993,74.1095928928695,3403.53990735268,-8,0,0,0.5,0.90332202506668,0,46.777400835556,3.01707317073171,1.88292682926829,"2023-24"
22301009,"2024-03-21","NYK","DEN","A","L",100,-13,108.1,120.5,-12.3,"DEN",39.7487,-105.0077,-7,2024-03-18,72,37.768,-122.3877,945.881692119517,3945.30805797904,-8,1,1,0,0.919723891182626,0.428571428571429,44.9431773251351,3.01707317073171,-15.3170731707317,"2023-24"
22301019,"2024-03-23","NYK","NYKBKN","H","W",105,12,109.1,103.8,5.3,"NYK",40.7505,-73.9934,-5,2024-03-21,48,39.7487,-105.0077,1630.29342060724,5575.60147858628,-7,2,1,0.5,0.958131993037863,0.714285714285714,72.4139235774526,3.01707317073171,2.28292682926829,"2023-24"
22301035,"2024-03-25","NYK","NYKDET","H","W",124,25,123.2,96.4,26.7,"NYK",40.7505,-73.9934,-5,2024-03-23,48,40.7505,-73.9934,0,5575.60147858628,-5,0,0,0.5,0.958131993037863,0,48.6043997679288,3.01707317073171,23.6829268292683,"2023-24"
22301053,"2024-03-27","NYK","TOR","A","W",145,44,149.4,104.4,45,"TOR",43.6435,-79.379,-5,2024-03-25,48,40.7505,-73.9934,340.777924403546,5916.37940298983,-5,0,0,0.5,0.964720049471828,0,48.8240016490609,3.01707317073171,41.9829268292683,"2023-24"
22301070,"2024-03-29","NYK","SAS","A","L",126,-4,115.3,126.1,-10.8,"SAS",29.427,-98.4375,-6,2024-03-27,48,43.6435,-79.379,1438.75067713614,4914.33578912763,-5,1,-1,0.5,0.944112723974304,0.285714285714286,57.660900322953,3.01707317073171,-13.8170731707317,"2023-24"
22301082,"2024-03-31","NYK","NYKOKC","H","L",112,-1,108.8,117,-8.2,"NYK",40.7505,-73.9934,-5,2024-03-29,48,29.427,-98.4375,1581.91362311532,6011.72693027463,-6,1,1,0.5,0.966495478818944,0.428571428571429,63.1688969130124,3.01707317073171,-11.2170731707317,"2023-24"
22301096,"2024-04-02","NYK","MIA","A","L",99,-10,107.3,115.7,-8.3,"MIA",25.7814,-80.187,-5,2024-03-31,48,40.7505,-73.9934,1094.8551797563,7032.47251713806,-5,0,0,0.5,0.983911585675494,0,49.4637195225164,3.01707317073171,-11.3170731707317,"2023-24"
22301112,"2024-04-04","NYK","NYKSAC","H","W",120,11,124,110.9,13.1,"NYK",40.7505,-73.9934,-5,2024-04-02,48,25.7814,-80.187,1094.8551797563,7181.44600477484,-5,0,0,0.5,0.986239564282334,0,49.5413188094111,3.01707317073171,10.0829268292683,"2023-24"
22301119,"2024-04-05","NYK","CHI","A","L",100,-8,97.5,110.2,-12.7,"CHI",41.8807,-87.6742,-6,2024-04-04,24,40.7505,-73.9934,714.275815551409,6265.42839971901,-5,1,-1,1,0.971085823801491,0.285714285714286,75.2266703171926,3.01707317073171,-15.7170731707317,"2023-24"
22301139,"2024-04-07","NYK","MIL","A","W",122,13,127.5,115.9,11.6,"MIL",43.045,-87.917,-6,2024-04-05,48,41.8807,-87.6742,81.4830103720468,6346.91141009106,-6,0,0,0.5,0.972520776572325,0,49.0840258857442,3.01707317073171,8.58292682926829,"2023-24"
22301149,"2024-04-09","NYK","CHI","A","W",128,11,132.2,125.3,6.9,"CHI",41.8807,-87.6742,-6,2024-04-07,48,43.045,-87.917,81.4830103720468,6087.61649605956,-6,0,0,0.5,0.967888581738441,0,48.9296193912814,3.01707317073171,3.88292682926829,"2023-24"
22301167,"2024-04-11","NYK","BOS","A","W",118,9,116.4,114.7,1.7,"BOS",42.3662,-71.0621,-5,2024-04-09,48,41.8807,-87.6742,851.574727889727,5500.44054681315,-6,1,1,0.5,0.956624814024678,0.428571428571429,62.8398747532036,3.01707317073171,-1.31707317073171,"2023-24"
22301175,"2024-04-12","NYK","NYKBKN","H","W",111,4,122,121.1,0.9,"NYK",40.7505,-73.9934,-5,2024-04-11,24,42.3662,-71.0621,188.420681353137,4106.94760505096,-5,0,0,1,0.924182604570789,0,64.1394201523596,3.01707317073171,-2.11707317073171,"2023-24"
22301190,"2024-04-14","NYK","NYKCHI","H","W",120,1,114,113.3,0.7,"NYK",40.7505,-73.9934,-5,2024-04-12,48,40.7505,-73.9934,0,3012.09242529466,-5,0,0,0.5,0.889755545618626,0,46.3251848539542,3.01707317073171,-2.31707317073171,"2023-24"
22300070,"2023-10-25","OKC","CHI","A","W",124,20,122.9,102,20.8,"CHI",41.8807,-87.6742,-6,NA,NA,NA,NA,0,NA,NA,0,0,0,0,0,0,7.77317073170732,13.0268292682927,"2023-24"
22300081,"2023-10-27","OKC","CLE","A","W",108,3,100.6,97.1,3.5,"CLE",41.4965,-81.6882,-5,2023-10-25,48,41.8807,-87.6742,310.281541020419,NA,-6,1,1,0.5,0,0.428571428571429,30.952380952381,7.77317073170732,-4.27317073170732,"2023-24"
22300095,"2023-10-29","OKC","OKCDEN","H","L",95,-33,94.1,132.3,-38.2,"OKC",35.4634,-97.5151,-6,2023-10-27,48,41.4965,-81.6882,951.226231516957,NA,-5,1,-1,0.5,0,0.285714285714286,26.1904761904762,7.77317073170732,-45.9731707317073,"2023-24"
22300109,"2023-10-30","OKC","OKCDET","H","W",124,12,118.9,106.1,12.8,"OKC",35.4634,-97.5151,-6,2023-10-29,24,35.4634,-97.5151,0,NA,-6,0,0,1,0,0,33.3333333333333,7.77317073170732,5.02682926829268,"2023-24"
22300121,"2023-11-01","OKC","OKCNOP","H","L",106,-4,98.1,106,-7.9,"OKC",35.4634,-97.5151,-6,2023-10-30,48,35.4634,-97.5151,0,NA,-6,0,0,0.5,0,0,16.6666666666667,7.77317073170732,-15.6731707317073,"2023-24"
22300005,"2023-11-03","OKC","OKCGSW","H","L",139,-2,128.5,131.5,-3.1,"OKC",35.4634,-97.5151,-6,2023-11-01,48,35.4634,-97.5151,0,NA,-6,0,0,0.5,0,0,16.6666666666667,7.77317073170732,-10.8731707317073,"2023-24"
22300155,"2023-11-06","OKC","OKCATL","H","W",126,9,118.7,110.3,8.4,"OKC",35.4634,-97.5151,-6,2023-11-03,72,35.4634,-97.5151,0,1261.50777253738,-6,0,0,0,0.793138926732094,0,26.4379642244031,7.77317073170732,0.626829268292683,"2023-24"
22300167,"2023-11-08","OKC","OKCCLE","H","W",128,8,126.5,110.8,15.7,"OKC",35.4634,-97.5151,-6,2023-11-06,48,35.4634,-97.5151,0,1261.50777253738,-6,0,0,0.5,0.793138926732094,0,43.1046308910698,7.77317073170732,7.92682926829268,"2023-24"
22300016,"2023-11-10","OKC","SAC","A","L",98,-7,93.3,102.7,-9.4,"SAC",38.5805,-121.4993,-8,2023-11-08,48,35.4634,-97.5151,1338.05980683269,2289.28603834965,-6,2,-1,0.5,0.859289972614421,0.571428571428571,64.3572848014331,7.77317073170732,-17.1731707317073,"2023-24"
22300185,"2023-11-12","OKC","PHX","A","W",111,12,115.6,101.4,14.2,"PHX",33.4457,-112.0712,-7,2023-11-10,48,38.5805,-121.4993,635.391669288317,1973.45147612101,-8,1,1,0.5,0.842808643717373,0.428571428571429,59.0460024096267,7.77317073170732,6.42682926829268,"2023-24"
22300021,"2023-11-14","OKC","OKCSAS","H","W",123,36,112,79.8,32.2,"OKC",35.4634,-97.5151,-6,2023-11-12,48,33.4457,-112.0712,841.069859120349,2814.52133524136,-7,1,1,0.5,0.882222795481557,0.428571428571429,60.3598074684329,7.77317073170732,24.4268292682927,"2023-24"
22300201,"2023-11-16","OKC","GSW","A","W",128,19,124.1,106.5,17.6,"GSW",37.768,-122.3877,-8,2023-11-14,48,35.4634,-97.5151,1385.98244506989,4200.50378031125,-6,2,-1,0.5,0.926683799195894,0.571428571428571,66.6037456874822,7.77317073170732,9.82682926829268,"2023-24"
22300207,"2023-11-18","OKC","GSW","A","W",130,7,116.3,113.6,2.6,"GSW",37.768,-122.3877,-8,2023-11-16,48,37.768,-122.3877,0,4200.50378031125,-8,0,0,0.5,0.926683799195894,0,47.5561266398631,7.77317073170732,-5.17317073170732,"2023-24"
22300215,"2023-11-19","OKC","POR","A","W",134,43,140.8,90.8,50,"POR",45.5316,-122.6668,-8,2023-11-18,24,37.768,-122.3877,537.207889971362,4737.71167028261,-8,0,0,1,0.940048121581269,0,64.6682707193756,7.77317073170732,42.2268292682927,"2023-24"
22300234,"2023-11-22","OKC","OKCCHI","H","W",116,14,122.5,105.7,16.7,"OKC",35.4634,-97.5151,-6,2023-11-19,72,45.5316,-122.6668,1486.24972535583,6223.96139563844,-8,2,1,0,0.970348390881596,0.714285714285714,56.1544701722437,7.77317073170732,8.92682926829268,"2023-24"
22300239,"2023-11-25","OKC","OKCPHI","H","L",123,-4,122.5,128.5,-6.1,"OKC",35.4634,-97.5151,-6,2023-11-22,72,35.4634,-97.5151,0,4885.90158880574,-6,0,0,0,0.943468338045239,0,31.448944601508,7.77317073170732,-13.8731707317073,"2023-24"
22300058,"2023-11-28","OKC","MIN","A","L",103,-3,101.9,103.8,-2,"MIN",44.9795,-93.276,-6,2023-11-25,72,35.4634,-97.5151,695.004173203653,4945.51409272108,-6,0,0,0,0.944815027046627,0,31.4938342348876,7.77317073170732,-9.77317073170732,"2023-24"
22300271,"2023-11-30","OKC","OKCLAL","H","W",133,23,127.1,107.8,19.3,"OKC",35.4634,-97.5151,-6,2023-11-28,48,44.9795,-93.276,695.004173203653,4799.44840680438,-6,0,0,0.5,0.941485822739072,0,48.0495274246357,7.77317073170732,11.5268292682927,"2023-24"
22300287,"2023-12-02","OKC","DAL","A","W",126,6,118.1,116.1,2.1,"DAL",32.7905,-96.8103,-6,2023-11-30,48,35.4634,-97.5151,189.238198321435,3602.70416005593,-6,0,0,0.5,0.909636658654716,0,46.9878886218238,7.77317073170732,-5.67317073170732,"2023-24"
22301212,"2023-12-06","OKC","HOU","A","L",101,-9,98.5,106.1,-7.6,"HOU",29.7508,-95.3621,-6,2023-12-02,96,32.7905,-96.8103,227.015224148548,3829.71938420448,-6,0,0,0,0.916422000743841,0,30.5474000247947,7.77317073170732,-15.3731707317073,"2023-24"
22301222,"2023-12-08","OKC","OKCGSW","H","W",138,2,121.2,114.2,7.1,"OKC",35.4634,-97.5151,-6,2023-12-06,48,29.7508,-95.3621,414.546451737578,3707.05794597069,-6,0,0,0.5,0.912807282152737,0,47.0935760717579,7.77317073170732,-0.673170731707318,"2023-24"
22300302,"2023-12-11","OKC","OKCUTA","H","W",134,14,123.5,109.8,13.7,"OKC",35.4634,-97.5151,-6,2023-12-08,72,35.4634,-97.5151,0,2220.80822061487,-6,0,0,0,0.855918387547104,0,28.5306129182368,7.77317073170732,5.92682926829268,"2023-24"
22300324,"2023-12-14","OKC","SAC","A","L",123,-5,109.9,116.1,-6.2,"SAC",38.5805,-121.4993,-8,2023-12-11,72,35.4634,-97.5151,1338.05980683269,3558.86802744756,-6,2,-1,0,0.908277290666597,0.571428571428571,49.3235287365056,7.77317073170732,-13.9731707317073,"2023-24"
22300340,"2023-12-16","OKC","DEN","A","W",118,1,119,121.2,-2.2,"DEN",39.7487,-105.0077,-7,2023-12-14,48,38.5805,-121.4993,886.874142718948,3750.73799696286,-8,1,1,0.5,0.914108021205246,0.428571428571429,61.4226483258891,7.77317073170732,-9.97317073170732,"2023-24"
22300355,"2023-12-18","OKC","OKCMEM","H","W",116,19,111.4,88.8,22.6,"OKC",35.4634,-97.5151,-6,2023-12-16,48,39.7487,-105.0077,506.099585168091,3561.83340892729,-7,1,1,0.5,0.908369774299831,0.428571428571429,61.231373429042,7.77317073170732,14.8268292682927,"2023-24"
22300379,"2023-12-21","OKC","OKCLAC","H","W",134,19,132.8,112.4,20.3,"OKC",35.4634,-97.5151,-6,2023-12-18,72,35.4634,-97.5151,0,3372.59521060586,-6,0,0,0,0.902307861386056,0,30.0769287128685,7.77317073170732,12.5268292682927,"2023-24"
22300397,"2023-12-23","OKC","OKCLAL","H","L",120,-9,118.4,127.6,-9.2,"OKC",35.4634,-97.5151,-6,2023-12-21,48,35.4634,-97.5151,0,3145.57998645731,-6,0,0,0.5,0.894570367341089,0,46.4856789113696,7.77317073170732,-16.9731707317073,"2023-24"
22300411,"2023-12-26","OKC","OKCMIN","H","W",129,23,128.9,102.8,26.1,"OKC",35.4634,-97.5151,-6,2023-12-23,72,35.4634,-97.5151,0,2731.03353471973,-6,0,0,0,0.878879434798715,0,29.2959811599572,7.77317073170732,18.3268292682927,"2023-24"
22300419,"2023-12-27","OKC","OKCNYK","H","W",129,9,128.1,115.2,13,"OKC",35.4634,-97.5151,-6,2023-12-26,24,35.4634,-97.5151,0,2731.03353471973,-6,0,0,1,0.878879434798715,0,62.6293144932905,7.77317073170732,5.22682926829268,"2023-24"
22300435,"2023-12-29","OKC","DEN","A","W",119,26,119,89.8,29.2,"DEN",39.7487,-105.0077,-7,2023-12-27,48,35.4634,-97.5151,506.099585168091,1899.07331305513,-6,1,-1,0.5,0.83854373846041,0.285714285714286,54.1419341391565,7.77317073170732,21.4268292682927,"2023-24"
22300447,"2023-12-31","OKC","OKCBKN","H","W",124,16,121.8,104.2,17.6,"OKC",35.4634,-97.5151,-6,2023-12-29,48,39.7487,-105.0077,506.099585168091,1518.29875550427,-7,1,1,0.5,0.813703515911253,0.428571428571429,58.0758314827561,7.77317073170732,9.82682926829268,"2023-24"
22300462,"2024-01-02","OKC","OKCBOS","H","W",127,4,126.4,120.9,5.5,"OKC",35.4634,-97.5151,-6,2023-12-31,48,35.4634,-97.5151,0,1012.19917033618,-6,0,0,0.5,0.768704819265166,0,42.2901606421722,7.77317073170732,-2.27317073170732,"2023-24"
22300467,"2024-01-03","OKC","ATL","A","L",138,-3,129.7,131.1,-1.5,"ATL",33.7573,-84.3963,-5,2024-01-02,24,35.4634,-97.5151,755.531452606099,1767.73062294228,-6,1,1,1,0.830587714744314,0.428571428571429,75.3053047771914,7.77317073170732,-9.27317073170732,"2023-24"
22300481,"2024-01-05","OKC","BKN","A","L",115,-9,114.4,123.4,-9,"BKN",40.6826,-73.9754,-5,2024-01-03,48,33.7573,-84.3963,746.673658696373,2514.40428163865,-5,0,0,0.5,0.869703596954539,0,45.6567865651513,7.77317073170732,-16.7731707317073,"2023-24"
22300508,"2024-01-08","OKC","WAS","A","W",136,8,131.3,122.2,9.1,"WAS",38.8981,-77.021,-5,2024-01-05,72,40.6826,-73.9754,203.54519791563,2717.94947955429,-5,0,0,0,0.878346225887403,0,29.2782075295801,7.77317073170732,1.32682926829268,"2023-24"
22300522,"2024-01-10","OKC","MIA","A","W",128,8,125.4,116.1,9.3,"MIA",25.7814,-80.187,-5,2024-01-08,48,38.8981,-77.021,925.78854484727,3643.73802440155,-5,0,0,0.5,0.910894226445988,0,47.0298075481996,7.77317073170732,1.52682926829268,"2023-24"
22300529,"2024-01-11","OKC","OKCPOR","H","W",139,62,129.1,73.3,55.8,"OKC",35.4634,-97.5151,-6,2024-01-10,24,25.7814,-80.187,1226.81432825588,4364.45276748934,-5,1,-1,1,0.930935515005402,0.285714285714286,73.8883266906562,7.77317073170732,48.0268292682927,"2023-24"
22300546,"2024-01-13","OKC","OKCORL","H","W",112,12,111.7,100.4,11.3,"OKC",35.4634,-97.5151,-6,2024-01-11,48,35.4634,-97.5151,0,3858.35318232125,-6,0,0,0.5,0.917249141755681,0,47.2416380585227,7.77317073170732,3.52682926829268,"2023-24"
22300565,"2024-01-15","OKC","LAL","A","L",105,-7,106.2,111,-4.7,"LAL",34.043,-118.2673,-8,2024-01-13,48,35.4634,-97.5151,1181.2925067479,5039.64568906915,-6,2,-1,0.5,0.946908827616179,0.571428571428571,67.2779133014917,7.77317073170732,-12.4731707317073,"2023-24"
22300568,"2024-01-16","OKC","LAC","A","L",117,-11,123.4,134.6,-11.1,"LAC",34.043,-118.2673,-8,2024-01-15,24,34.043,-118.2673,0,4284.11423646305,-8,0,0,1,0.928872412408787,0,64.2957470802929,7.77317073170732,-18.8731707317073,"2023-24"
22300581,"2024-01-18","OKC","UTA","A","W",134,5,124.9,118.5,6.3,"UTA",40.7683,-111.9011,-7,2024-01-16,48,34.043,-118.2673,581.662923597926,4119.10350136461,-8,1,1,0.5,0.924510790040989,0.428571428571429,61.7694072870806,7.77317073170732,-1.47317073170732,"2023-24"
22300599,"2024-01-20","OKC","MIN","A","W",102,5,106.9,97.2,9.7,"MIN",44.9795,-93.276,-6,2024-01-18,48,40.7683,-111.9011,985.481760291747,4901.04006374072,-7,1,1,0.5,0.943811876817763,0.428571428571429,62.4127768463064,7.77317073170732,1.92682926829268,"2023-24"
22300617,"2024-01-23","OKC","OKCPOR","H","W",111,2,107.4,106.6,0.8,"OKC",35.4634,-97.5151,-6,2024-01-20,72,44.9795,-93.276,695.004173203653,4670.2556920971,-6,0,0,0,0.938455660622659,0,31.2818553540886,7.77317073170732,-6.97317073170732,"2023-24"
22300622,"2024-01-24","OKC","SAS","A","W",140,26,135.9,109.6,26.3,"SAS",29.427,-98.4375,-6,2024-01-23,24,35.4634,-97.5151,420.993505444246,3864.43486928547,-6,0,0,1,0.91742403241176,0,63.9141344137253,7.77317073170732,18.5268292682927,"2023-24"
22300640,"2024-01-26","OKC","NOP","A","W",107,24,105.8,82.9,22.9,"NOP",29.949,-90.0822,-6,2024-01-24,48,29.427,-98.4375,503.264197230828,4367.6990665163,-6,0,0,0.5,0.93101808016625,0,47.7006026722083,7.77317073170732,15.1268292682927,"2023-24"
22300654,"2024-01-28","OKC","DET","A","L",104,-16,108,123.3,-15.2,"DET",42.341,-83.0552,-5,2024-01-26,48,29.949,-90.0822,941.893579171501,4128.3001389399,-6,1,1,0.5,0.924758438554219,0.428571428571429,61.7776622375216,7.77317073170732,-22.9731707317073,"2023-24"
22300664,"2024-01-29","OKC","OKCMIN","H","L",101,-6,109,114.3,-5.3,"OKC",35.4634,-97.5151,-6,2024-01-28,24,42.341,-83.0552,910.366930695913,5038.66706963581,-5,1,-1,1,0.946887261653111,0.285714285714286,74.4200515789132,7.77317073170732,-13.0731707317073,"2023-24"
22300682,"2024-01-31","OKC","OKCDEN","H","W",105,5,109.4,102,7.4,"OKC",35.4634,-97.5151,-6,2024-01-29,48,35.4634,-97.5151,0,4457.00414603789,-6,0,0,0.5,0.933265692900941,0,47.775523096698,7.77317073170732,-0.373170731707317,"2023-24"
22300695,"2024-02-02","OKC","OKCCHA","H","W",126,20,122.5,100.8,21.7,"OKC",35.4634,-97.5151,-6,2024-01-31,48,35.4634,-97.5151,0,3471.52238574614,-6,0,0,0.5,0.905518049710055,0,46.8506016570018,7.77317073170732,13.9268292682927,"2023-24"
22300710,"2024-02-04","OKC","OKCTOR","H","W",135,8,122.1,114.2,8,"OKC",35.4634,-97.5151,-6,2024-02-02,48,35.4634,-97.5151,0,2776.51821254249,-6,0,0,0.5,0.88071338589327,0,46.0237795297757,7.77317073170732,0.226829268292683,"2023-24"
22300724,"2024-02-06","OKC","UTA","A","L",117,-7,117.1,124.2,-7.2,"UTA",40.7683,-111.9011,-7,2024-02-04,48,35.4634,-97.5151,863.196266259148,3218.72097335739,-6,1,-1,0.5,0.897122608960704,0.285714285714286,56.094563155833,7.77317073170732,-14.9731707317073,"2023-24"
22300748,"2024-02-10","OKC","DAL","A","L",111,-35,105.5,137.1,-31.6,"DAL",32.7905,-96.8103,-6,2024-02-06,96,40.7683,-111.9011,999.519352579207,3714.97612870577,-7,1,1,0,0.913044209261863,0.428571428571429,44.7205212611097,7.77317073170732,-39.3731707317073,"2023-24"
22300760,"2024-02-11","OKC","OKCSAC","H","W",127,14,123.4,108.9,14.5,"OKC",35.4634,-97.5151,-6,2024-02-10,24,32.7905,-96.8103,189.238198321435,2962.3207478557,-6,0,0,1,0.887905507268069,0,62.9301835756023,7.77317073170732,6.72682926829268,"2023-24"
22300772,"2024-02-13","OKC","ORL","A","W",127,14,123.8,108.7,15.2,"ORL",28.5392,-81.3839,-5,2024-02-11,48,35.4634,-97.5151,1058.64956266465,3110.60337982444,-6,1,1,0.5,0.893328820989947,0.428571428571429,60.7300083187125,7.77317073170732,7.42682926829268,"2023-24"
22300799,"2024-02-22","OKC","OKCLAC","H","W",129,22,123.5,105.2,18.3,"OKC",35.4634,-97.5151,-6,2024-02-13,216,28.5392,-81.3839,1058.64956266465,4169.25294248909,-5,1,-1,0,0.925854567087552,0.285714285714286,40.3856284267279,7.77317073170732,10.5268292682927,"2023-24"
22300809,"2024-02-23","OKC","OKCWAS","H","W",147,41,135.8,93.6,42.2,"OKC",35.4634,-97.5151,-6,2024-02-22,24,35.4634,-97.5151,0,4169.25294248909,-6,0,0,1,0.925854567087552,0,64.1951522362517,7.77317073170732,34.4268292682927,"2023-24"
22300822,"2024-02-25","OKC","HOU","A","W",123,13,116.5,101.7,14.7,"HOU",29.7508,-95.3621,-6,2024-02-23,48,35.4634,-97.5151,414.546451737578,4583.79939422667,-6,0,0,0.5,0.936380688043942,0,47.8793562681314,7.77317073170732,6.92682926829268,"2023-24"
22300841,"2024-02-27","OKC","OKCHOU","H","W",112,17,107.8,89.7,18.1,"OKC",35.4634,-97.5151,-6,2024-02-25,48,29.7508,-95.3621,414.546451737578,4135.1495797051,-6,0,0,0.5,0.924942523278955,0,47.4980841092985,7.77317073170732,10.3268292682927,"2023-24"
22300853,"2024-02-29","OKC","SAS","A","L",118,-14,114.9,131,-16,"SAS",29.427,-98.4375,-6,2024-02-27,48,35.4634,-97.5151,420.993505444246,3556.62373257014,-6,0,0,0.5,0.908207244884838,0,46.9402414961613,7.77317073170732,-23.7731707317073,"2023-24"
22300878,"2024-03-03","OKC","PHX","A","W",118,8,112.8,103.9,9,"PHX",33.4457,-112.0712,-7,2024-02-29,72,29.427,-98.4375,850.475779174741,4217.86131342344,-6,1,-1,0,0.927141716149077,0.285714285714286,40.4285333954454,7.77317073170732,1.22682926829268,"2023-24"
22300884,"2024-03-04","OKC","LAL","A","L",104,-12,106.1,116,-9.9,"LAL",34.043,-118.2673,-8,2024-03-03,24,33.4457,-112.0712,358.712741358694,3517.92449211749,-7,1,-1,1,0.906992418188461,0.285714285714286,73.0902234634249,7.77317073170732,-17.6731707317073,"2023-24"
22300900,"2024-03-06","OKC","POR","A","W",128,8,125.3,116.6,8.7,"POR",45.5316,-122.6668,-8,2024-03-04,48,34.043,-118.2673,828.020463382259,3287.29539283509,-8,0,0,0.5,0.899463378212521,0,46.6487792737507,7.77317073170732,0.926829268292682,"2023-24"
22300914,"2024-03-08","OKC","OKCMIA","H","W",107,7,113,106.5,6.5,"OKC",35.4634,-97.5151,-6,2024-03-06,48,45.5316,-122.6668,1486.24972535583,4773.54511819092,-8,2,1,0.5,0.940884861444042,0.714285714285714,71.8390191909919,7.77317073170732,-1.27317073170732,"2023-24"
22300931,"2024-03-10","OKC","OKCMEM","H","W",124,31,127.6,95,32.6,"OKC",35.4634,-97.5151,-6,2024-03-08,48,35.4634,-97.5151,0,4358.99866645334,-6,0,0,0.5,0.930796659099227,0,47.6932219699742,7.77317073170732,24.8268292682927,"2023-24"
22300941,"2024-03-12","OKC","OKCIND","H","L",111,-10,105.1,118.2,-13.1,"OKC",35.4634,-97.5151,-6,2024-03-10,48,35.4634,-97.5151,0,3944.45221471577,-6,0,0,0.5,0.919699800484753,0,47.3233266828251,7.77317073170732,-20.8731707317073,"2023-24"
22300959,"2024-03-14","OKC","OKCDAL","H","W",126,7,124.6,113.9,10.7,"OKC",35.4634,-97.5151,-6,2024-03-12,48,35.4634,-97.5151,0,3523.45870927152,-6,0,0,0.5,0.907166961815117,0,46.9055653938372,7.77317073170732,2.92682926829268,"2023-24"
22300972,"2024-03-16","OKC","MEM","A","W",118,6,117.7,112.6,5.1,"MEM",35.1382,-90.0505,-6,2024-03-14,48,35.4634,-97.5151,421.893724616216,3094.87665471299,-6,0,0,0.5,0.892766022503596,0,46.4255340834532,7.77317073170732,-2.67317073170732,"2023-24"
22301000,"2024-03-20","OKC","OKCUTA","H","W",119,12,118.1,104,14.1,"OKC",35.4634,-97.5151,-6,2024-03-16,96,35.1382,-90.0505,421.893724616216,3158.05763797052,-6,0,0,0,0.895009942799024,0,29.8336647599675,7.77317073170732,6.32682926829268,"2023-24"
22301012,"2024-03-22","OKC","TOR","A","W",123,20,115.6,97.6,18,"TOR",43.6435,-79.379,-5,2024-03-20,48,35.4634,-97.5151,1117.00539483132,3447.04256941958,-6,1,1,0.5,0.904732276090758,0.428571428571429,61.1101234887396,7.77317073170732,10.2268292682927,"2023-24"
22301030,"2024-03-24","OKC","MIL","A","L",93,-25,92.4,117.8,-25.4,"MIL",43.045,-87.917,-6,2024-03-22,48,43.6435,-79.379,431.292807997474,2392.08565206122,-5,1,-1,0.5,0.864166735559966,0.285714285714286,54.9960340424751,7.77317073170732,-33.1731707317073,"2023-24"
22301046,"2024-03-26","OKC","NOP","A","W",119,7,122.5,110.8,11.7,"NOP",29.949,-90.0822,-6,2024-03-24,48,43.045,-87.917,913.736138998303,3305.82179105953,-6,0,0,0.5,0.900087398411767,0,46.6695799470589,7.77317073170732,3.92682926829268,"2023-24"
22301057,"2024-03-27","OKC","OKCHOU","H","L",126,-6,111.9,115.7,-3.7,"OKC",35.4634,-97.5151,-6,2024-03-26,24,29.949,-90.0822,576.417654431289,3882.23944549082,-6,0,0,1,0.917934459865062,0,63.9311486621687,7.77317073170732,-11.4731707317073,"2023-24"
22301069,"2024-03-29","OKC","OKCPHX","H","W",128,25,131.7,108.9,22.9,"OKC",35.4634,-97.5151,-6,2024-03-27,48,35.4634,-97.5151,0,3882.23944549082,-6,0,0,0.5,0.917934459865062,0,47.2644819955021,7.77317073170732,15.1268292682927,"2023-24"
22301082,"2024-03-31","OKC","NYK","A","W",113,1,117,108.8,8.2,"NYK",40.7505,-73.9934,-5,2024-03-29,48,35.4634,-97.5151,1326.87382717747,4787.21954805207,-6,1,1,0.5,0.941202515995879,0.428571428571429,62.3257981522436,7.77317073170732,0.426829268292682,"2023-24"
22301093,"2024-04-02","OKC","PHI","A","L",105,-4,105.3,111.2,-5.9,"PHI",39.9012,-75.172,-5,2024-03-31,48,40.7505,-73.9934,85.5210890521257,4450.84691248798,-5,0,0,0.5,0.933112180211908,0,47.7704060070636,7.77317073170732,-13.6731707317073,"2023-24"
22301105,"2024-04-03","OKC","BOS","A","L",100,-35,97.7,134.5,-36.8,"BOS",42.3662,-71.0621,-5,2024-04-02,24,39.9012,-75.172,273.654490118229,3607.49600777489,-5,0,0,1,0.909784251167741,0,63.6594750389247,7.77317073170732,-44.5731707317073,"2023-24"
22301116,"2024-04-05","OKC","IND","A","L",112,-14,109.2,122,-12.8,"IND",39.7639,-86.1555,-5,2024-04-03,48,42.3662,-71.0621,806.298362239545,3982.50156201697,-5,0,0,0.5,0.920765816393768,0,47.3588605464589,7.77317073170732,-20.5731707317073,"2023-24"
22301135,"2024-04-07","OKC","CHA","A","W",121,3,119.2,117.8,1.4,"CHA",35.2251,-80.8392,-5,2024-04-05,48,39.7639,-86.1555,428.423571184155,3497.18899420282,-5,0,0,0.5,0.906335991455669,0,46.8778663818556,7.77317073170732,-6.37317073170732,"2023-24"
22301153,"2024-04-09","OKC","OKCSAC","H","W",112,7,110.2,101.5,8.7,"OKC",35.4634,-97.5151,-6,2024-04-07,48,35.2251,-80.8392,939.914603664035,3860.68594343556,-5,1,-1,0.5,0.917316257367635,0.285714285714286,56.7676847693973,7.77317073170732,0.926829268292682,"2023-24"
22301163,"2024-04-10","OKC","OKCSAS","H","W",127,38,110.2,76.9,33.3,"OKC",35.4634,-97.5151,-6,2024-04-09,24,35.4634,-97.5151,0,3860.68594343556,-6,0,0,1,0.917316257367635,0,63.9105419122545,7.77317073170732,25.5268292682927,"2023-24"
22301179,"2024-04-12","OKC","OKCMIL","H","W",125,18,125.3,105.2,20.1,"OKC",35.4634,-97.5151,-6,2024-04-10,48,35.4634,-97.5151,0,2533.81211625809,-6,0,0,0.5,0.87055728315282,0,45.6852427717607,7.77317073170732,12.3268292682927,"2023-24"
22301196,"2024-04-14","OKC","OKCDAL","H","W",135,49,125,80,44.9,"OKC",35.4634,-97.5151,-6,2024-04-12,48,35.4634,-97.5151,0,2448.29102720596,-6,0,0,0.5,0.866745239579679,0,45.558174652656,7.77317073170732,37.1268292682927,"2023-24"
22300066,"2023-10-25","ORL","ORLHOU","H","W",116,30,119,87.7,31.3,"ORL",28.5392,-81.3839,-5,NA,NA,NA,NA,0,NA,NA,0,0,0,0,0,0,1.97560975609756,29.3243902439024,"2023-24"
22300086,"2023-10-27","ORL","POR","A","W",102,5,105.1,98.7,6.3,"POR",45.5316,-122.6668,-8,2023-10-25,48,28.5392,-81.3839,2527.82296036814,NA,-5,3,-1,0.5,0,0.857142857142857,45.2380952380952,1.97560975609756,4.32439024390244,"2023-24"
22300111,"2023-10-30","ORL","LAL","A","L",103,-3,101.1,106.1,-5,"LAL",34.043,-118.2673,-8,2023-10-27,72,45.5316,-122.6668,828.020463382259,NA,-8,0,0,0,0,0,0,1.97560975609756,-6.97560975609756,"2023-24"
22300114,"2023-10-31","ORL","LAC","A","L",102,-16,97.6,111.2,-13.6,"LAC",34.043,-118.2673,-8,2023-10-30,24,34.043,-118.2673,0,NA,-8,0,0,1,0,0,33.3333333333333,1.97560975609756,-15.5756097560976,"2023-24"
22300130,"2023-11-02","ORL","UTA","A","W",115,2,106.6,105.2,1.5,"UTA",40.7683,-111.9011,-7,2023-10-31,48,34.043,-118.2673,581.662923597926,NA,-8,1,1,0.5,0,0.428571428571429,30.952380952381,1.97560975609756,-0.475609756097561,"2023-24"
22300134,"2023-11-04","ORL","ORLLAL","H","W",120,19,112.8,100.8,12.1,"ORL",28.5392,-81.3839,-5,2023-11-02,48,40.7683,-111.9011,1918.15495637972,NA,-7,2,1,0.5,0,0.714285714285714,40.4761904761905,1.97560975609756,10.1243902439024,"2023-24"
22300147,"2023-11-06","ORL","ORLDAL","H","L",102,-15,94.5,112.2,-17.6,"ORL",28.5392,-81.3839,-5,2023-11-04,48,28.5392,-81.3839,0,5855.66130372804,-5,0,0,0.5,0.963574469237204,0,48.7858156412401,1.97560975609756,-19.5756097560976,"2023-24"
22300172,"2023-11-09","ORL","ORLATL","H","L",119,-1,111.8,110.9,0.9,"ORL",28.5392,-81.3839,-5,2023-11-06,72,28.5392,-81.3839,0,5855.66130372804,-5,0,0,0,0.963574469237204,0,32.1191489745735,1.97560975609756,-1.07560975609756,"2023-24"
22300173,"2023-11-11","ORL","ORLMIL","H","W",112,15,111.6,95.1,16.5,"ORL",28.5392,-81.3839,-5,2023-11-09,48,28.5392,-81.3839,0,3327.8383433599,-5,0,0,0.5,0.900824446455522,0,46.6941482151841,1.97560975609756,14.5243902439024,"2023-24"
22300020,"2023-11-14","ORL","BKN","A","L",104,-20,105.9,128.1,-22.2,"BKN",40.6826,-73.9754,-5,2023-11-11,72,28.5392,-81.3839,939.005691372418,3438.82357135006,-5,0,0,0,0.904467204360312,0,30.1489068120104,1.97560975609756,-24.1756097560976,"2023-24"
22300196,"2023-11-15","ORL","CHI","A","W",96,2,97.8,96.2,1.5,"CHI",41.8807,-87.6742,-6,2023-11-14,24,40.6826,-73.9754,716.095028503436,4154.9185998535,-5,1,-1,1,0.925472128343637,0.285714285714286,73.7062138019308,1.97560975609756,-0.475609756097561,"2023-24"
22300033,"2023-11-17","ORL","CHI","A","W",103,6,105,97.3,7.7,"CHI",41.8807,-87.6742,-6,2023-11-15,48,41.8807,-87.6742,0,3573.25567625557,-6,0,0,0.5,0.908725291486446,0,46.9575097162149,1.97560975609756,5.72439024390244,"2023-24"
22300209,"2023-11-19","ORL","IND","A","W",128,12,113.8,102.1,11.7,"IND",39.7639,-86.1555,-5,2023-11-17,48,41.8807,-87.6742,166.601746714283,1821.70246659014,-6,1,1,0.5,0.833926290211601,0.428571428571429,58.7499239594343,1.97560975609756,9.72439024390244,"2023-24"
22300038,"2023-11-21","ORL","ORLTOR","H","W",126,19,118,103.2,14.8,"ORL",28.5392,-81.3839,-5,2023-11-19,48,39.7639,-86.1555,822.711579822832,2644.41404641297,-5,0,0,0.5,0.875300893603987,0,45.8433631201329,1.97560975609756,12.8243902439024,"2023-24"
22300226,"2023-11-22","ORL","ORLDEN","H","W",124,5,130.3,122.4,7.9,"ORL",28.5392,-81.3839,-5,2023-11-21,24,28.5392,-81.3839,0,2644.41404641297,-5,0,0,1,0.875300893603987,0,62.5100297867995,1.97560975609756,5.92439024390244,"2023-24"
22300043,"2023-11-24","ORL","ORLBOS","H","W",113,17,113.4,93,20.4,"ORL",28.5392,-81.3839,-5,2023-11-22,48,28.5392,-81.3839,0,2644.41404641297,-5,0,0,0.5,0.875300893603987,0,45.8433631201329,1.97560975609756,18.4243902439024,"2023-24"
22300248,"2023-11-26","ORL","ORLCHA","H","W",130,13,118.7,109.3,9.4,"ORL",28.5392,-81.3839,-5,2023-11-24,48,28.5392,-81.3839,0,1705.40835504055,-5,0,0,0.5,0.82660346398518,0,44.2201154661727,1.97560975609756,7.42439024390244,"2023-24"
22300259,"2023-11-29","ORL","ORLWAS","H","W",139,19,132.9,113.9,19.1,"ORL",28.5392,-81.3839,-5,2023-11-26,72,28.5392,-81.3839,0,989.313326537115,-5,0,0,0,0.766167221453418,0,25.5389073817806,1.97560975609756,17.1243902439024,"2023-24"
22300274,"2023-12-01","ORL","ORLWAS","H","W",130,5,119.8,115.1,4.7,"ORL",28.5392,-81.3839,-5,2023-11-29,48,28.5392,-81.3839,0,989.313326537115,-5,0,0,0.5,0.766167221453418,0,42.2055740484472,1.97560975609756,2.72439024390244,"2023-24"
22300282,"2023-12-02","ORL","BKN","A","L",101,-28,98.2,126.9,-28.7,"BKN",40.6826,-73.9754,-5,2023-12-01,24,28.5392,-81.3839,939.005691372418,1761.71727119525,-5,0,0,1,0.830209452275695,0,61.0069817425231,1.97560975609756,-30.6756097560976,"2023-24"
22301205,"2023-12-06","ORL","CLE","A","L",111,-10,106.4,118.9,-12.4,"CLE",41.4965,-81.6882,-5,2023-12-02,96,40.6826,-73.9754,405.872143513255,1344.87783488567,-5,0,0,0,0.800241493320484,0,26.6747164440161,1.97560975609756,-14.3756097560976,"2023-24"
22301217,"2023-12-08","ORL","ORLDET","H","W",123,32,121.3,91.4,29.9,"ORL",28.5392,-81.3839,-5,2023-12-06,48,41.4965,-81.6882,896.432067939693,2241.30990282537,-5,0,0,0.5,0.856938588911586,0,45.2312862970529,1.97560975609756,27.9243902439024,"2023-24"
22300294,"2023-12-11","ORL","ORLCLE","H","W",104,10,107.2,98.4,8.8,"ORL",28.5392,-81.3839,-5,2023-12-08,72,28.5392,-81.3839,0,2241.30990282537,-5,0,0,0,0.856938588911586,0,28.5646196303862,1.97560975609756,6.82439024390244,"2023-24"
22300329,"2023-12-15","ORL","BOS","A","L",111,-17,107.9,124.5,-16.7,"BOS",42.3662,-71.0621,-5,2023-12-11,96,28.5392,-81.3839,1117.38133759804,3358.6912404234,-5,0,0,0,0.901849148034307,0,30.0616382678102,1.97560975609756,-18.6756097560976,"2023-24"
22300344,"2023-12-17","ORL","BOS","A","L",97,-17,98.4,111.2,-12.8,"BOS",42.3662,-71.0621,-5,2023-12-15,48,42.3662,-71.0621,0,3358.6912404234,-5,0,0,0.5,0.901849148034307,0,46.7283049344769,1.97560975609756,-14.7756097560976,"2023-24"
22300366,"2023-12-20","ORL","ORLMIA","H","L",106,-9,112.3,121.6,-9.3,"ORL",28.5392,-81.3839,-5,2023-12-17,72,42.3662,-71.0621,1117.38133759804,4476.07257802144,-5,0,0,0,0.933739767168138,0,31.1246589056046,1.97560975609756,-11.2756097560976,"2023-24"
22300378,"2023-12-21","ORL","MIL","A","L",114,-4,110.6,108.9,1.7,"MIL",43.045,-87.917,-6,2023-12-20,24,28.5392,-81.3839,1067.35169924242,4604.41858589144,-5,1,-1,1,0.936879085227006,0.285714285714286,74.0864456980431,1.97560975609756,-0.275609756097561,"2023-24"
22300391,"2023-12-23","ORL","IND","A","W",117,7,121.8,114.9,6.9,"IND",39.7639,-86.1555,-5,2023-12-21,48,43.045,-87.917,244.650099469571,4443.19654184775,-6,1,1,0.5,0.932921144432487,0.428571428571429,62.0497524334638,1.97560975609756,4.92439024390244,"2023-24"
22300407,"2023-12-26","ORL","WAS","A","W",127,8,112.4,112,0.4,"WAS",38.8981,-77.021,-5,2023-12-23,72,39.7639,-86.1555,492.162868878542,4038.9273427866,-5,0,0,0,0.922328077984586,0,30.7442692661529,1.97560975609756,-1.57560975609756,"2023-24"
22300415,"2023-12-27","ORL","ORLPHI","H","L",92,-20,95.3,110.4,-15.1,"ORL",28.5392,-81.3839,-5,2023-12-26,24,38.8981,-77.021,758.959908301962,4797.88725108857,-5,0,0,1,0.941449695557935,0,64.7149898519312,1.97560975609756,-17.0756097560976,"2023-24"
22300429,"2023-12-29","ORL","ORLNYK","H","W",117,9,108.7,99.3,9.4,"ORL",28.5392,-81.3839,-5,2023-12-27,48,28.5392,-81.3839,0,3680.50591349053,-5,0,0,0.5,0.912009085577153,0,47.0669695192384,1.97560975609756,7.42439024390244,"2023-24"
22300450,"2023-12-31","ORL","PHX","A","L",107,-5,104.6,116.2,-11.6,"PHX",33.4457,-112.0712,-7,2023-12-29,48,28.5392,-81.3839,1844.07309284765,5524.57900633818,-5,2,-1,0.5,0.957111088111391,0.571428571428571,67.6179886513321,1.97560975609756,-13.5756097560976,"2023-24"
22300463,"2024-01-02","ORL","GSW","A","L",115,-6,110.4,124.4,-13.9,"GSW",37.768,-122.3877,-8,2023-12-31,48,33.4457,-112.0712,652.136750728936,5059.33441946907,-7,1,-1,0.5,0.947341823505569,0.285714285714286,57.7685369739951,1.97560975609756,-15.8756097560976,"2023-24"
22300476,"2024-01-03","ORL","SAC","A","L",135,-3,116.5,113.4,3.1,"SAC",38.5805,-121.4993,-8,2024-01-02,24,37.768,-122.3877,74.1095928928695,4066.09231311953,-8,0,0,1,0.923072430502186,0,64.1024143500729,1.97560975609756,1.12439024390244,"2023-24"
22300488,"2024-01-05","ORL","DEN","A","W",122,2,120.8,111.8,9.1,"DEN",39.7487,-105.0077,-7,2024-01-03,48,38.5805,-121.4993,886.874142718948,4708.3163563689,-8,1,1,0.5,0.939356979465836,0.428571428571429,62.2642802679088,1.97560975609756,7.12439024390244,"2023-24"
22300499,"2024-01-07","ORL","ORLATL","H","W",117,7,108.7,101.1,7.5,"ORL",28.5392,-81.3839,-5,2024-01-05,48,39.7487,-105.0077,1551.78559806324,5767.9390855536,-7,2,1,0.5,0.961898247440002,0.714285714285714,72.5394653908572,1.97560975609756,5.52439024390244,"2023-24"
22300513,"2024-01-09","ORL","ORLMIN","H","L",92,-21,93,111.5,-18.5,"ORL",28.5392,-81.3839,-5,2024-01-07,48,28.5392,-81.3839,0,5008.97917725164,-5,0,0,0.5,0.946231027418689,0,48.2077009139563,1.97560975609756,-20.4756097560976,"2023-24"
22300535,"2024-01-12","ORL","MIA","A","L",96,-3,102.3,102.3,0.1,"MIA",25.7814,-80.187,-5,2024-01-09,72,28.5392,-81.3839,204.482996041861,5213.4621732935,-5,0,0,0,0.950674316315646,0,31.6891438771882,1.97560975609756,-1.87560975609756,"2023-24"
22300546,"2024-01-13","ORL","OKC","A","L",100,-12,100.4,111.7,-11.3,"OKC",35.4634,-97.5151,-6,2024-01-12,24,25.7814,-80.187,1226.81432825588,4596.20340870173,-5,1,-1,1,0.936680779848207,0.285714285714286,74.0798355187498,1.97560975609756,-13.2756097560976,"2023-24"
22300557,"2024-01-15","ORL","NYK","A","W",98,4,109.8,104.8,5,"NYK",40.7505,-73.9934,-5,2024-01-13,48,35.4634,-97.5151,1326.87382717747,5270.94048515027,-6,1,1,0.5,0.951891933730827,0.428571428571429,62.6821120767419,1.97560975609756,3.02439024390244,"2023-24"
22300570,"2024-01-17","ORL","ATL","A","L",104,-2,109.8,107.4,2.4,"ATL",33.7573,-84.3963,-5,2024-01-15,48,40.7505,-73.9934,748.728285350783,5945.55917760818,-5,0,0,0.5,0.965266414566822,0,48.8422138188941,1.97560975609756,0.424390243902439,"2023-24"
22300585,"2024-01-19","ORL","ORLPHI","H","L",109,-15,114.9,135.1,-20.3,"ORL",28.5392,-81.3839,-5,2024-01-17,48,33.7573,-84.3963,402.531616952204,5461.21665184144,-5,0,0,0.5,0.955830072053071,0,48.5276690684357,1.97560975609756,-22.2756097560976,"2023-24"
22300601,"2024-01-21","ORL","ORLMIA","H","W",105,18,113.7,92.6,21.1,"ORL",28.5392,-81.3839,-5,2024-01-19,48,28.5392,-81.3839,0,3909.4310537782,-5,0,0,0.5,0.918709499020516,0,47.2903166340172,1.97560975609756,19.1243902439024,"2023-24"
22300607,"2024-01-22","ORL","ORLCLE","H","L",99,-27,105.1,136,-30.9,"ORL",28.5392,-81.3839,-5,2024-01-21,24,28.5392,-81.3839,0,3909.4310537782,-5,0,0,1,0.918709499020516,0,63.9569833006839,1.97560975609756,-32.8756097560976,"2023-24"
22300638,"2024-01-26","ORL","MEM","A","L",106,-1,110.7,106.2,4.5,"MEM",35.1382,-90.0505,-6,2024-01-22,96,28.5392,-81.3839,683.345477500167,4388.2935352365,-5,1,-1,0,0.931540447302704,0.285714285714286,40.575157767233,1.97560975609756,2.52439024390244,"2023-24"
22300655,"2024-01-28","ORL","ORLPHX","H","W",113,15,110.3,98.8,11.6,"ORL",28.5392,-81.3839,-5,2024-01-26,48,35.1382,-90.0505,683.345477500167,3844.82468448079,-6,1,1,0.5,0.916859113220815,0.428571428571429,61.5143513930748,1.97560975609756,9.62439024390244,"2023-24"
22300666,"2024-01-29","ORL","DAL","A","L",129,-2,128.6,131.1,-2.5,"DAL",32.7905,-96.8103,-6,2024-01-28,24,28.5392,-81.3839,962.699997728083,3480.6508550314,-5,1,-1,1,0.905809645822484,0.285714285714286,73.0507977178923,1.97560975609756,-4.47560975609756,"2023-24"
22300681,"2024-01-31","ORL","SAS","A","W",108,10,107.9,95.6,12.3,"SAS",29.427,-98.4375,-6,2024-01-29,48,32.7905,-96.8103,251.813489153389,2983.73605883401,-6,0,0,0.5,0.888705305024273,0,46.2901768341424,1.97560975609756,10.3243902439024,"2023-24"
22300694,"2024-02-02","ORL","MIN","A","W",108,2,106.5,104.1,2.3,"MIN",44.9795,-93.276,-6,2024-01-31,48,29.427,-98.4375,1112.10988032526,3693.31432220706,-6,0,0,0.5,0.91239484302311,0,47.0798281007703,1.97560975609756,0.324390243902439,"2023-24"
22300704,"2024-02-04","ORL","DET","A","W",111,12,118.6,103.5,15.1,"DET",42.341,-83.0552,-5,2024-02-02,48,44.9795,-93.276,542.586631066174,4235.90095327324,-6,1,1,0.5,0.927615635873799,0.428571428571429,61.8729021481742,1.97560975609756,13.1243902439024,"2023-24"
22300721,"2024-02-06","ORL","MIA","A","L",95,-26,95.7,124.8,-29.1,"MIA",25.7814,-80.187,-5,2024-02-04,48,42.341,-83.0552,1156.97987048181,5392.88082375504,-5,0,0,0.5,0.954431742647246,0,48.4810580882415,1.97560975609756,-31.0756097560976,"2023-24"
22300734,"2024-02-08","ORL","ORLSAS","H","W",127,16,127.3,111.6,15.7,"ORL",28.5392,-81.3839,-5,2024-02-06,48,25.7814,-80.187,204.482996041861,4914.01834229674,-5,0,0,0.5,0.944105550478315,0,48.1368516826105,1.97560975609756,13.7243902439024,"2023-24"
22300752,"2024-02-10","ORL","ORLCHI","H","W",114,6,110.2,113.5,-3.3,"ORL",28.5392,-81.3839,-5,2024-02-08,48,28.5392,-81.3839,0,4230.67286479657,-5,0,0,0.5,0.927478496635341,0,47.5826165545114,1.97560975609756,-5.27560975609756,"2023-24"
22300772,"2024-02-13","ORL","ORLOKC","H","L",113,-14,108.7,123.8,-15.2,"ORL",28.5392,-81.3839,-5,2024-02-10,72,28.5392,-81.3839,0,3267.97286706849,-5,0,0,0,0.898808785406497,0,29.9602928468832,1.97560975609756,-17.1756097560976,"2023-24"
22300778,"2024-02-14","ORL","ORLNYK","H","W",118,18,137.5,110.4,27,"ORL",28.5392,-81.3839,-5,2024-02-13,24,28.5392,-81.3839,0,3016.1593779151,-5,0,0,1,0.889905363192094,0,62.9968454397365,1.97560975609756,25.0243902439024,"2023-24"
22300792,"2024-02-22","ORL","CLE","A","W",116,7,122.2,116.7,5.6,"CLE",41.4965,-81.6882,-5,2024-02-14,192,28.5392,-81.3839,896.432067939693,2800.48156552953,-5,0,0,0,0.881667549700009,0,29.3889183233336,1.97560975609756,3.62439024390244,"2023-24"
22300814,"2024-02-24","ORL","DET","A","W",112,3,116.4,113.9,2.5,"DET",42.341,-83.0552,-5,2024-02-22,48,41.4965,-81.6882,91.4453758859851,2349.34031034935,-5,0,0,0.5,0.862164858281139,0,45.405495276038,1.97560975609756,0.524390243902439,"2023-24"
22300821,"2024-02-25","ORL","ATL","A","L",92,-17,94,110.7,-16.7,"ATL",33.7573,-84.3963,-5,2024-02-24,24,42.341,-83.0552,598.19545792099,1790.55589778853,-5,0,0,1,0.832011898549626,0,61.0670632849875,1.97560975609756,-18.6756097560976,"2023-24"
22300833,"2024-02-27","ORL","ORLBKN","H","W",108,27,109.1,82.5,26.6,"ORL",28.5392,-81.3839,-5,2024-02-25,48,33.7573,-84.3963,402.531616952204,1988.60451869887,-5,0,0,0.5,0.843657806996574,0,44.7885935665525,1.97560975609756,24.6243902439024,"2023-24"
22300850,"2024-02-29","ORL","ORLUTA","H","W",115,8,120.2,108.8,11.4,"ORL",28.5392,-81.3839,-5,2024-02-27,48,28.5392,-81.3839,0,1988.60451869887,-5,0,0,0.5,0.843657806996574,0,44.7885935665525,1.97560975609756,9.42439024390244,"2023-24"
22300874,"2024-03-03","ORL","ORLDET","H","W",113,22,115.3,89.4,25.9,"ORL",28.5392,-81.3839,-5,2024-02-29,72,28.5392,-81.3839,0,1988.60451869887,-5,0,0,0,0.843657806996574,0,28.1219268998858,1.97560975609756,23.9243902439024,"2023-24"
22300885,"2024-03-05","ORL","CHA","A","W",101,12,111.5,95.9,15.6,"CHA",35.2251,-80.8392,-5,2024-03-03,48,28.5392,-81.3839,463.572297528528,2452.1768162274,-5,0,0,0.5,0.866921312911039,0,45.5640437637013,1.97560975609756,13.6243902439024,"2023-24"
22300894,"2024-03-06","ORL","WAS","A","W",119,10,123.6,112.6,11,"WAS",38.8981,-77.021,-5,2024-03-05,24,35.2251,-80.8392,330.029445741506,1885.77419402921,-5,0,0,1,0.837763592491658,0,61.2587864163886,1.97560975609756,9.02439024390244,"2023-24"
22300912,"2024-03-08","ORL","NYK","A","L",74,-24,82.4,112,-29.6,"NYK",40.7505,-73.9934,-5,2024-03-06,48,38.8981,-77.021,205.614779911498,1999.94359805473,-5,0,0,0.5,0.844289019275945,0,44.8096339758648,1.97560975609756,-31.5756097560976,"2023-24"
22300928,"2024-03-10","ORL","ORLIND","H","L",97,-14,96.3,110.4,-14.2,"ORL",28.5392,-81.3839,-5,2024-03-08,48,40.7505,-73.9934,942.66914043103,2344.41728056477,-5,0,0,0.5,0.861931965525123,0,45.3977321841708,1.97560975609756,-16.1756097560976,"2023-24"
22300947,"2024-03-13","ORL","ORLBKN","H","W",114,8,119.4,108.3,11.2,"ORL",28.5392,-81.3839,-5,2024-03-10,72,28.5392,-81.3839,0,1941.88566361256,-5,0,0,0,0.841018596653219,0,28.033953221774,1.97560975609756,9.22439024390244,"2023-24"
22300963,"2024-03-15","ORL","TOR","A","W",113,10,114.5,106.4,8.1,"TOR",43.6435,-79.379,-5,2024-03-13,48,28.5392,-81.3839,1050.68058138074,2992.5662449933,-5,0,0,0.5,0.889033416432145,0,46.3011138810715,1.97560975609756,6.12439024390244,"2023-24"
22300979,"2024-03-17","ORL","ORLTOR","H","W",111,15,112.3,98.4,14,"ORL",28.5392,-81.3839,-5,2024-03-15,48,43.6435,-79.379,1050.68058138074,4043.24682637403,-5,0,0,0.5,0.922446771019607,0,47.4148923673202,1.97560975609756,12.0243902439024,"2023-24"
22300991,"2024-03-19","ORL","ORLCHA","H","W",112,20,118.2,95.9,22.4,"ORL",28.5392,-81.3839,-5,2024-03-17,48,28.5392,-81.3839,0,3579.67452884551,-5,0,0,0.5,0.908924579484334,0,46.9641526494778,1.97560975609756,20.4243902439024,"2023-24"
22301004,"2024-03-21","ORL","ORLNOP","H","W",121,15,120.6,102.7,17.9,"ORL",28.5392,-81.3839,-5,2024-03-19,48,28.5392,-81.3839,0,3249.645083104,-5,0,0,0.5,0.898184306201011,0,46.6061435400337,1.97560975609756,15.9243902439024,"2023-24"
22301020,"2024-03-23","ORL","ORLSAC","H","L",107,-2,110.4,112.1,-1.7,"ORL",28.5392,-81.3839,-5,2024-03-21,48,28.5392,-81.3839,0,3044.0303031925,-5,0,0,0.5,0.890926664652717,0,46.3642221550906,1.97560975609756,-3.67560975609756,"2023-24"
22301049,"2024-03-27","ORL","ORLGSW","H","L",93,-8,97.6,104.4,-6.8,"ORL",28.5392,-81.3839,-5,2024-03-23,96,28.5392,-81.3839,0,2101.36116276147,-5,0,0,0,0.849780593890627,0,28.3260197963542,1.97560975609756,-8.77560975609756,"2023-24"
22301064,"2024-03-29","ORL","ORLLAC","H","L",97,-3,100.4,105,-4.5,"ORL",28.5392,-81.3839,-5,2024-03-27,48,28.5392,-81.3839,0,2101.36116276147,-5,0,0,0.5,0.849780593890627,0,44.9926864630209,1.97560975609756,-6.47560975609756,"2023-24"
22301075,"2024-03-30","ORL","ORLMEM","H","W",118,30,117.9,88.5,29.4,"ORL",28.5392,-81.3839,-5,2024-03-29,24,28.5392,-81.3839,0,1050.68058138074,-5,0,0,1,0.772845154774126,0,59.0948384924709,1.97560975609756,27.4243902439024,"2023-24"
22301090,"2024-04-01","ORL","ORLPOR","H","W",104,1,109.6,106.6,3,"ORL",28.5392,-81.3839,-5,2024-03-30,48,28.5392,-81.3839,0,7.105427357601e-14,-5,0,0,0.5,7.89203922742089e-15,0,16.6666666666669,1.97560975609756,1.02439024390244,"2023-24"
22301109,"2024-04-03","ORL","NOP","A","W",117,9,117.9,113.3,4.6,"NOP",29.949,-90.0822,-6,2024-04-01,48,28.5392,-81.3839,533.820691765123,533.820691765123,-5,1,-1,0.5,0.697737765853884,0.285714285714286,49.448401718939,1.97560975609756,2.62439024390244,"2023-24"
22301115,"2024-04-05","ORL","CHA","A","L",115,-9,114.5,126.4,-11.9,"CHA",35.2251,-80.8392,-5,2024-04-03,48,29.949,-90.0822,650.188516033024,1184.00920779815,-6,1,1,0.5,0.786102661850998,0.428571428571429,57.1558030140809,1.97560975609756,-13.8756097560976,"2023-24"
22301136,"2024-04-07","ORL","ORLCHI","H","W",113,15,114.9,100.3,14.6,"ORL",28.5392,-81.3839,-5,2024-04-05,48,35.2251,-80.8392,463.572297528528,1647.58150532667,-5,0,0,0.5,0.822774243608879,0,44.0924747869626,1.97560975609756,12.6243902439024,"2023-24"
22301150,"2024-04-09","ORL","HOU","A","L",106,-12,104.8,118.1,-13.3,"HOU",29.7508,-95.3621,-6,2024-04-07,48,28.5392,-81.3839,848.089028965966,2495.67053429264,-5,1,-1,0.5,0.86887329097945,0.285714285714286,55.1529192231245,1.97560975609756,-15.2756097560976,"2023-24"
22301162,"2024-04-10","ORL","MIL","A","L",99,-18,99.9,119.6,-19.8,"MIL",43.045,-87.917,-6,2024-04-09,24,29.7508,-95.3621,1007.63011583222,3503.30065012486,-6,0,0,1,0.906529872592793,0,63.5509957530931,1.97560975609756,-21.7756097560976,"2023-24"
22301171,"2024-04-12","ORL","PHI","A","L",113,-12,105.6,118.7,-13.1,"PHI",39.9012,-75.172,-5,2024-04-10,48,43.045,-87.917,694.5833858058,4197.88403593066,-6,1,1,0.5,0.926614522267717,0.428571428571429,61.8395316946382,1.97560975609756,-15.0756097560976,"2023-24"
22301191,"2024-04-14","ORL","ORLMIL","H","W",113,25,112.6,92.5,20.1,"ORL",28.5392,-81.3839,-5,2024-04-12,48,39.9012,-75.172,861.902919591315,5059.78695552198,-5,0,0,0.5,0.947351755891335,0,48.2450585297112,1.97560975609756,18.1243902439024,"2023-24"
22300075,"2023-10-26","PHI","MIL","A","L",117,-1,113.2,114.7,-1.5,"MIL",43.045,-87.917,-6,NA,NA,NA,NA,0,NA,NA,0,0,0,0,0,0,2.78414634146341,-4.28414634146341,"2023-24"
22300092,"2023-10-28","PHI","TOR","A","W",114,7,117.2,112.2,5,"TOR",43.6435,-79.379,-5,2023-10-26,48,43.045,-87.917,431.292807997474,NA,-6,1,1,0.5,0,0.428571428571429,30.952380952381,2.78414634146341,2.21585365853659,"2023-24"
22300098,"2023-10-29","PHI","PHIPOR","H","W",126,28,120.5,92.7,27.7,"PHI",39.9012,-75.172,-5,2023-10-28,24,43.6435,-79.379,337.702164435139,NA,-5,0,0,1,0,0,33.3333333333333,2.78414634146341,24.9158536585366,"2023-24"
22300128,"2023-11-02","PHI","PHITOR","H","W",114,15,111.8,101.7,10.1,"PHI",39.9012,-75.172,-5,2023-10-29,96,39.9012,-75.172,0,NA,-5,0,0,0,0,0,0,2.78414634146341,7.31585365853658,"2023-24"
22300132,"2023-11-04","PHI","PHIPHX","H","W",112,12,111,100.5,10.5,"PHI",39.9012,-75.172,-5,2023-11-02,48,39.9012,-75.172,0,NA,-5,0,0,0.5,0,0,16.6666666666667,2.78414634146341,7.71585365853659,"2023-24"
22300148,"2023-11-06","PHI","PHIWAS","H","W",146,18,129.4,112.5,16.9,"PHI",39.9012,-75.172,-5,2023-11-04,48,39.9012,-75.172,0,NA,-5,0,0,0.5,0,0,16.6666666666667,2.78414634146341,14.1158536585366,"2023-24"
22300159,"2023-11-08","PHI","PHIBOS","H","W",106,3,102.3,99.7,2.7,"PHI",39.9012,-75.172,-5,2023-11-06,48,39.9012,-75.172,0,768.994972432613,-5,0,0,0.5,0.738217710129721,0,41.2739236709907,2.78414634146341,-0.0841463414634145,"2023-24"
22300008,"2023-11-10","PHI","DET","A","W",114,8,115.1,104.2,10.9,"DET",42.341,-83.0552,-5,2023-11-08,48,39.9012,-75.172,443.869081020868,1212.86405345348,-5,0,0,0.5,0.788774815494888,0,42.9591605164963,2.78414634146341,8.11585365853659,"2023-24"
22300180,"2023-11-12","PHI","PHIIND","H","W",137,11,133.3,125.5,7.7,"PHI",39.9012,-75.172,-5,2023-11-10,48,42.341,-83.0552,443.869081020868,1225.44032647688,-5,0,0,0.5,0.789919645041992,0,42.9973215013997,2.78414634146341,4.91585365853659,"2023-24"
22300019,"2023-11-14","PHI","PHIIND","H","L",126,-6,112.1,121.6,-9.5,"PHI",39.9012,-75.172,-5,2023-11-12,48,39.9012,-75.172,0,887.738162041737,-5,0,0,0.5,0.754147305322421,0,41.804910177414,2.78414634146341,-12.2841463414634,"2023-24"
22300194,"2023-11-15","PHI","PHIBOS","H","L",107,-10,114.2,124,-9.8,"PHI",39.9012,-75.172,-5,2023-11-14,24,39.9012,-75.172,0,887.738162041737,-5,0,0,1,0.754147305322421,0,58.4715768440807,2.78414634146341,-12.5841463414634,"2023-24"
22300029,"2023-11-17","PHI","ATL","A","W",126,10,120.8,114.6,6.2,"ATL",33.7573,-84.3963,-5,2023-11-15,48,39.9012,-75.172,663.748614483062,1551.4867765248,-5,0,0,0.5,0.816103654902276,0,43.8701218300758,2.78414634146341,3.41585365853659,"2023-24"
22300208,"2023-11-19","PHI","BKN","A","W",121,22,124.8,105.3,19.6,"BKN",40.6826,-73.9754,-5,2023-11-17,48,33.7573,-84.3963,746.673658696373,2298.16043522117,-5,0,0,0.5,0.859719517058655,0,45.3239839019552,2.78414634146341,16.8158536585366,"2023-24"
22300040,"2023-11-21","PHI","PHICLE","H","L",119,-3,107.2,114,-6.8,"PHI",39.9012,-75.172,-5,2023-11-19,48,40.6826,-73.9754,83.10840164052,2381.26883686169,-5,0,0,0.5,0.863663555336308,0,45.4554518445436,2.78414634146341,-9.58414634146341,"2023-24"
22300232,"2023-11-22","PHI","MIN","A","L",99,-13,99.8,109.2,-9.4,"MIN",44.9795,-93.276,-6,2023-11-21,24,39.9012,-75.172,986.019597811286,2923.41935365211,-5,1,-1,1,0.886437757966414,0.285714285714286,72.40506812269,2.78414634146341,-12.1841463414634,"2023-24"
22300239,"2023-11-25","PHI","OKC","A","W",127,4,128.5,122.5,6.1,"OKC",35.4634,-97.5151,-6,2023-11-22,72,44.9795,-93.276,695.004173203653,3174.55444583489,-6,0,0,0,0.895588451506683,0,29.8529483835561,2.78414634146341,3.31585365853658,"2023-24"
22300255,"2023-11-27","PHI","PHILAL","H","W",138,44,143.1,94.3,48.8,"PHI",39.9012,-75.172,-5,2023-11-25,48,35.4634,-97.5151,1257.38929966945,4431.94374550434,-6,1,1,0.5,0.932639554816531,0.428571428571429,62.040366112932,2.78414634146341,46.0158536585366,"2023-24"
22300262,"2023-11-29","PHI","NOP","A","L",114,-10,111.9,122.8,-11,"NOP",29.949,-90.0822,-6,2023-11-27,48,39.9012,-75.172,1087.74209097133,5519.68583647567,-5,1,-1,0.5,0.957012686118028,0.285714285714286,58.0908990610771,2.78414634146341,-13.7841463414634,"2023-24"
22300275,"2023-12-01","PHI","BOS","A","L",119,-6,113.2,121.5,-8.3,"BOS",42.3662,-71.0621,-5,2023-11-29,48,29.949,-90.0822,1360.48540166011,6216.42262365272,-6,1,1,0.5,0.970213796761662,0.428571428571429,63.2928408444364,2.78414634146341,-11.0841463414634,"2023-24"
22301208,"2023-12-06","PHI","WAS","A","W",131,5,122.5,120.6,1.9,"WAS",38.8981,-77.021,-5,2023-12-01,120,42.3662,-71.0621,394.034709905986,5863.78367486233,-5,0,0,0,0.963728401896828,0,32.1242800632276,2.78414634146341,-0.884146341463415,"2023-24"
22301218,"2023-12-08","PHI","PHIATL","H","W",125,11,124.7,109.4,15.3,"PHI",39.9012,-75.172,-5,2023-12-06,48,38.8981,-77.021,120.750788954589,5901.4260621764,-5,0,0,0.5,0.964439016573874,0,48.8146338857958,2.78414634146341,12.5158536585366,"2023-24"
22300295,"2023-12-11","PHI","PHIWAS","H","W",146,45,131.5,93.8,37.7,"PHI",39.9012,-75.172,-5,2023-12-08,72,39.9012,-75.172,0,4915.40646436512,-5,0,0,0,0.94413691511251,0,31.4712305037503,2.78414634146341,34.9158536585366,"2023-24"
22300310,"2023-12-13","PHI","DET","A","W",129,18,125.3,105.5,19.8,"DET",42.341,-83.0552,-5,2023-12-11,48,39.9012,-75.172,443.869081020868,4664.27137218233,-5,0,0,0.5,0.938313277495048,0,47.9437759165016,2.78414634146341,17.0158536585366,"2023-24"
22300327,"2023-12-15","PHI","PHIDET","H","W",124,32,115.2,87.5,27.7,"PHI",39.9012,-75.172,-5,2023-12-13,48,42.341,-83.0552,443.869081020868,3850.75115353375,-5,0,0,0.5,0.917030142772575,0,47.2343380924192,2.78414634146341,24.9158536585366,"2023-24"
22300335,"2023-12-16","PHI","CHA","A","W",135,53,134.4,81.3,53,"CHA",35.2251,-80.8392,-5,2023-12-15,24,39.9012,-75.172,448.328498580875,3211.3375611433,-5,0,0,1,0.896867611212408,0,63.2289203737469,2.78414634146341,50.2158536585366,"2023-24"
22300351,"2023-12-18","PHI","PHICHI","H","L",104,-4,104.7,114.2,-9.5,"PHI",39.9012,-75.172,-5,2023-12-16,48,35.2251,-80.8392,448.328498580875,2299.18065806406,-5,0,0,0.5,0.859768792265818,0,45.3256264088606,2.78414634146341,-12.2841463414634,"2023-24"
22300367,"2023-12-20","PHI","PHIMIN","H","W",127,14,123.2,110.2,13,"PHI",39.9012,-75.172,-5,2023-12-18,48,39.9012,-75.172,0,1905.14594815807,-5,0,0,0.5,0.838898154018836,0,44.6299384672945,2.78414634146341,10.2158536585366,"2023-24"
22300382,"2023-12-22","PHI","PHITOR","H","W",121,10,117.2,110.6,6.6,"PHI",39.9012,-75.172,-5,2023-12-20,48,39.9012,-75.172,0,1784.39515920349,-5,0,0,0.5,0.831629294784253,0,44.3876431594751,2.78414634146341,3.81585365853658,"2023-24"
22300404,"2023-12-25","PHI","MIA","A","L",113,-6,104.6,118.5,-13.9,"MIA",25.7814,-80.187,-5,2023-12-22,72,39.9012,-75.172,1018.75373005738,2803.14888926087,-5,0,0,0,0.881773250999086,0,29.3924416999695,2.78414634146341,-16.6841463414634,"2023-24"
22300415,"2023-12-27","PHI","ORL","A","W",112,20,110.4,95.3,15.1,"ORL",28.5392,-81.3839,-5,2023-12-25,48,25.7814,-80.187,204.482996041861,2563.76280428186,-5,0,0,0.5,0.871861971692328,0,45.7287323897443,2.78414634146341,12.3158536585366,"2023-24"
22300434,"2023-12-29","PHI","HOU","A","W",131,4,131.6,123,8.6,"HOU",29.7508,-95.3621,-6,2023-12-27,48,28.5392,-81.3839,848.089028965966,2967.98275222696,-5,1,-1,0.5,0.888117526861627,0.285714285714286,55.7943937525304,2.78414634146341,5.81585365853658,"2023-24"
22300442,"2023-12-30","PHI","CHI","A","L",92,-13,97.3,108,-10.8,"CHI",41.8807,-87.6742,-6,2023-12-29,24,29.7508,-95.3621,942.365685800696,3462.01993944678,-6,0,0,1,0.905213692008019,0,63.507123066934,2.78414634146341,-13.5841463414634,"2023-24"
22300459,"2024-01-02","PHI","PHICHI","H","W",110,13,103.6,92.3,11.3,"PHI",39.9012,-75.172,-5,2023-12-30,72,41.8807,-87.6742,667.279074044817,3680.97051491072,-6,1,1,0,0.912023101660126,0.428571428571429,44.6864843410518,2.78414634146341,8.51585365853659,"2023-24"
22300483,"2024-01-05","PHI","PHINYK","H","L",92,-36,93,124.3,-31.2,"PHI",39.9012,-75.172,-5,2024-01-02,72,39.9012,-75.172,0,3680.97051491072,-5,0,0,0,0.912023101660126,0,30.4007700553375,2.78414634146341,-33.9841463414634,"2023-24"
22300495,"2024-01-06","PHI","PHIUTA","H","L",109,-11,103.7,113.7,-10,"PHI",39.9012,-75.172,-5,2024-01-05,24,39.9012,-75.172,0,3680.97051491072,-5,0,0,1,0.912023101660126,0,63.7341033886709,2.78414634146341,-12.7841463414634,"2023-24"
22300521,"2024-01-10","PHI","ATL","A","L",132,-7,115.3,118.3,-3.1,"ATL",33.7573,-84.3963,-5,2024-01-06,96,39.9012,-75.172,663.748614483062,3325.9653993364,-5,0,0,0,0.900761935904258,0,30.0253978634753,2.78414634146341,-5.88414634146342,"2023-24"
22300532,"2024-01-12","PHI","PHISAC","H","W",112,19,111,92.6,18.4,"PHI",39.9012,-75.172,-5,2024-01-10,48,33.7573,-84.3963,663.748614483062,3785.2310177776,-5,0,0,0.5,0.915124524851755,0,47.1708174950585,2.78414634146341,15.6158536585366,"2023-24"
22300555,"2024-01-15","PHI","PHIHOU","H","W",124,9,122.8,116.1,6.8,"PHI",39.9012,-75.172,-5,2024-01-12,72,39.9012,-75.172,0,2937.14198881164,-5,0,0,0,0.886957729941777,0,29.5652576647259,2.78414634146341,4.01585365853659,"2023-24"
22300566,"2024-01-16","PHI","PHIDEN","H","W",126,5,134.1,127.4,6.7,"PHI",39.9012,-75.172,-5,2024-01-15,24,39.9012,-75.172,0,1994.77630301094,-5,0,0,1,0.84400181637926,0,61.466727212642,2.78414634146341,3.91585365853659,"2023-24"
22300585,"2024-01-19","PHI","ORL","A","W",124,15,135.1,114.9,20.3,"ORL",28.5392,-81.3839,-5,2024-01-16,72,39.9012,-75.172,861.902919591315,2189.40014855744,-5,0,0,0,0.854337060761388,0,28.4779020253796,2.78414634146341,17.5158536585366,"2023-24"
22300593,"2024-01-20","PHI","CHA","A","W",97,8,97.4,88,9.4,"CHA",35.2251,-80.8392,-5,2024-01-19,24,28.5392,-81.3839,463.572297528528,2652.97244608597,-5,0,0,1,0.875659647291886,0,62.5219882430629,2.78414634146341,6.61585365853659,"2023-24"
22300608,"2024-01-22","PHI","PHISAS","H","W",133,10,133.5,123.1,10.4,"PHI",39.9012,-75.172,-5,2024-01-20,48,35.2251,-80.8392,448.328498580875,3101.30094466684,-5,0,0,0.5,0.892996267552811,0,46.433208918427,2.78414634146341,7.61585365853659,"2023-24"
22300627,"2024-01-25","PHI","IND","A","L",122,-12,109,120.5,-11.5,"IND",39.7639,-86.1555,-5,2024-01-22,72,39.9012,-75.172,583.127891509002,3020.68022169278,-5,0,0,0,0.890071664289001,0,29.6690554763,2.78414634146341,-14.2841463414634,"2023-24"
22300644,"2024-01-27","PHI","DEN","A","L",105,-6,112.9,118.4,-5.6,"DEN",39.7487,-105.0077,-7,2024-01-25,48,39.7639,-86.1555,1000.63633631517,3357.56794352489,-5,2,-1,0.5,0.901812005901679,0.571428571428571,65.7746859110083,2.78414634146341,-8.38414634146341,"2023-24"
22300668,"2024-01-29","PHI","POR","A","L",104,-26,103.7,131.6,-28,"POR",45.5316,-122.6668,-8,2024-01-27,48,39.7487,-105.0077,980.83797616504,4338.40591968993,-7,1,-1,0.5,0.930270817926362,0.285714285714286,57.1995034546882,2.78414634146341,-30.7841463414634,"2023-24"
22300673,"2024-01-30","PHI","GSW","A","L",107,-12,110,122.2,-12.2,"GSW",37.768,-122.3877,-8,2024-01-29,24,45.5316,-122.6668,537.207889971362,4875.61380966129,-8,0,0,1,0.943234268665307,0,64.7744756221769,2.78414634146341,-14.9841463414634,"2023-24"
22300686,"2024-02-01","PHI","UTA","A","W",127,3,129.3,125.3,4,"UTA",40.7683,-111.9011,-7,2024-01-30,48,37.768,-122.3877,598.218575101357,4611.92946517134,-8,1,1,0.5,0.937060080321147,0.428571428571429,62.1877169630858,2.78414634146341,1.21585365853659,"2023-24"
22300698,"2024-02-03","PHI","PHIBKN","H","L",121,-15,118.8,130.6,-11.9,"PHI",39.9012,-75.172,-5,2024-02-01,48,40.7683,-111.9011,1923.30524550405,6071.66241314686,-7,2,1,0.5,0.967597160048574,0.714285714285714,72.7294291444763,2.78414634146341,-14.6841463414634,"2023-24"
22300715,"2024-02-05","PHI","PHIDAL","H","L",102,-16,104.3,119,-14.8,"PHI",39.9012,-75.172,-5,2024-02-03,48,39.9012,-75.172,0,5623.33391456599,-5,0,0,0.5,0.959078646358403,0,48.6359548786134,2.78414634146341,-17.5841463414634,"2023-24"
22300727,"2024-02-07","PHI","PHIGSW","H","L",104,-23,96.2,121.3,-25.2,"PHI",39.9012,-75.172,-5,2024-02-05,48,39.9012,-75.172,0,5040.20602305698,-5,0,0,0.5,0.946921173883845,0,48.2307057961282,2.78414634146341,-27.9841463414634,"2023-24"
22300742,"2024-02-09","PHI","PHIATL","H","L",121,-6,117.8,127.6,-9.9,"PHI",39.9012,-75.172,-5,2024-02-07,48,39.9012,-75.172,0,4039.56968674181,-5,0,0,0.5,0.922345736679144,0,47.4115245559715,2.78414634146341,-12.6841463414634,"2023-24"
22300753,"2024-02-10","PHI","WAS","A","W",119,6,110.1,107.4,2.7,"WAS",38.8981,-77.021,-5,2024-02-09,24,39.9012,-75.172,120.750788954589,3179.48249953136,-5,0,0,1,0.895760685207119,0,63.1920228402373,2.78414634146341,-0.0841463414634145,"2023-24"
22300762,"2024-02-12","PHI","CLE","A","W",123,2,127.6,122.2,5.4,"CLE",41.4965,-81.6882,-5,2024-02-10,48,38.8981,-77.021,305.063582319754,2947.33819187975,-5,0,0,0.5,0.887342509730336,0,46.2447503243445,2.78414634146341,2.61585365853659,"2023-24"
22300779,"2024-02-14","PHI","PHIMIA","H","L",104,-5,102.9,111.7,-8.8,"PHI",39.9012,-75.172,-5,2024-02-12,48,41.4965,-81.6882,358.987541037916,2708.10715781631,-5,0,0,0.5,0.877943432167923,0,45.9314477389308,2.78414634146341,-11.5841463414634,"2023-24"
22300794,"2024-02-22","PHI","PHINYK","H","L",96,-14,94.9,113.5,-18.6,"PHI",39.9012,-75.172,-5,2024-02-14,192,39.9012,-75.172,0,784.801912312258,-5,0,0,0,0.740474748151746,0,24.6824916050582,2.78414634146341,-21.3841463414634,"2023-24"
22300805,"2024-02-23","PHI","PHICLE","H","W",104,7,106.6,97.4,9.2,"PHI",39.9012,-75.172,-5,2024-02-22,24,39.9012,-75.172,0,784.801912312258,-5,0,0,1,0.740474748151746,0,58.0158249383915,2.78414634146341,6.41585365853658,"2023-24"
22300817,"2024-02-25","PHI","PHIMIL","H","L",98,-21,99.2,120.3,-21.1,"PHI",39.9012,-75.172,-5,2024-02-23,48,39.9012,-75.172,0,784.801912312258,-5,0,0,0.5,0.740474748151746,0,41.3491582717249,2.78414634146341,-23.8841463414634,"2023-24"
22300836,"2024-02-27","PHI","BOS","A","L",99,-18,97.7,122.8,-25,"BOS",42.3662,-71.0621,-5,2024-02-25,48,39.9012,-75.172,273.654490118229,1058.45640243049,-5,0,0,0.5,0.773663357334887,0,42.4554452444962,2.78414634146341,-27.7841463414634,"2023-24"
22300858,"2024-03-01","PHI","PHICHA","H","W",121,7,130.3,127.4,2.9,"PHI",39.9012,-75.172,-5,2024-02-27,72,42.3662,-71.0621,273.654490118229,1211.36010359413,-5,0,0,0,0.788637116263016,0,26.2879038754339,2.78414634146341,0.115853658536585,"2023-24"
22300871,"2024-03-03","PHI","DAL","A","W",120,4,122.9,114.7,8.2,"DAL",32.7905,-96.8103,-6,2024-03-01,48,39.9012,-75.172,1297.79295903056,2204.08948030493,-5,1,-1,0.5,0.855079439325641,0.285714285714286,54.6931241679976,2.78414634146341,5.41585365853658,"2023-24"
22300887,"2024-03-05","PHI","BKN","A","L",107,-5,113.4,113.6,-0.2,"BKN",40.6826,-73.9754,-5,2024-03-03,48,32.7905,-96.8103,1373.26391329348,3218.3658525605,-6,1,1,0.5,0.89711035769799,0.428571428571429,60.8560595423139,2.78414634146341,-2.98414634146341,"2023-24"
22300896,"2024-03-06","PHI","PHIMEM","H","L",109,-6,103.6,113.7,-10.2,"PHI",39.9012,-75.172,-5,2024-03-05,24,40.6826,-73.9754,83.10840164052,3301.47425420102,-5,0,0,1,0.899941275890519,0,63.3313758630173,2.78414634146341,-12.9841463414634,"2023-24"
22300909,"2024-03-08","PHI","PHINOP","H","L",95,-8,99.2,109.4,-10.3,"PHI",39.9012,-75.172,-5,2024-03-06,48,39.9012,-75.172,0,3301.47425420102,-5,0,0,0.5,0.899941275890519,0,46.6647091963506,2.78414634146341,-13.0841463414634,"2023-24"
22300927,"2024-03-10","PHI","NYK","A","W",79,6,90.6,79.3,11.3,"NYK",40.7505,-73.9934,-5,2024-03-08,48,39.9012,-75.172,85.5210890521257,3386.99534325314,-5,0,0,0.5,0.902780955241763,0,46.7593651747254,2.78414634146341,8.51585365853659,"2023-24"
22300939,"2024-03-12","PHI","NYK","A","L",79,-27,89.7,118.3,-28.6,"NYK",40.7505,-73.9934,-5,2024-03-10,48,40.7505,-73.9934,0,3113.34085313491,-5,0,0,0.5,0.893426493808964,0,46.4475497936321,2.78414634146341,-31.3841463414634,"2023-24"
22300958,"2024-03-14","PHI","MIL","A","L",105,-9,113.9,124.5,-10.6,"MIL",43.045,-87.917,-6,2024-03-12,48,40.7505,-73.9934,733.306248994209,3572.99261201089,-5,1,-1,0.5,0.908717116421307,0.285714285714286,56.4810467378531,2.78414634146341,-13.3841463414634,"2023-24"
22300969,"2024-03-16","PHI","PHICHA","H","W",109,11,111.2,104.3,6.9,"PHI",39.9012,-75.172,-5,2024-03-14,48,43.045,-87.917,694.5833858058,2969.78303878613,-6,1,1,0.5,0.888184855736753,0.428571428571429,60.5585428102727,2.78414634146341,4.11585365853659,"2023-24"
22300985,"2024-03-18","PHI","PHIMIA","H","W",98,7,102.9,91.8,11.1,"PHI",39.9012,-75.172,-5,2024-03-16,48,39.9012,-75.172,0,1596.51912549265,-5,0,0,0.5,0.819279591688009,0,43.9759863896003,2.78414634146341,8.31585365853659,"2023-24"
22301002,"2024-03-20","PHI","PHX","A","L",102,-13,101.1,112.2,-11.1,"PHX",33.4457,-112.0712,-7,2024-03-18,48,39.9012,-75.172,2079.76708327049,3593.17780712262,-5,2,-1,0.5,0.909342656016694,0.571428571428571,66.0257075815089,2.78414634146341,-13.8841463414634,"2023-24"
22301018,"2024-03-22","PHI","LAL","A","L",94,-7,91.7,103.6,-11.9,"LAL",34.043,-118.2673,-8,2024-03-20,48,33.4457,-112.0712,358.712741358694,3951.89054848132,-7,1,-1,0.5,0.91990900393385,0.285714285714286,56.8541096549378,2.78414634146341,-14.6841463414634,"2023-24"
22301028,"2024-03-24","PHI","LAC","A","W",121,14,134.5,112.7,21.8,"LAC",34.043,-118.2673,-8,2024-03-22,48,34.043,-118.2673,0,3866.36945942919,-8,0,0,0.5,0.917479607605593,0,47.2493202535198,2.78414634146341,19.0158536585366,"2023-24"
22301042,"2024-03-25","PHI","SAC","A","L",96,-12,105.7,113.3,-7.6,"SAC",38.5805,-121.4993,-8,2024-03-24,24,34.043,-118.2673,361.822076167738,4228.19153559693,-8,0,0,1,0.927413348994865,0,64.2471116331622,2.78414634146341,-10.3841463414634,"2023-24"
22301052,"2024-03-27","PHI","PHILAC","H","L",107,-1,115.9,112.7,3.1,"PHI",39.9012,-75.172,-5,2024-03-25,48,38.5805,-121.4993,2455.34828033335,5950.23356693607,-8,3,1,0.5,0.965353689099465,1,82.1784563033155,2.78414634146341,0.315853658536585,"2023-24"
22301067,"2024-03-29","PHI","CLE","A","L",114,-3,120.7,121,-0.3,"CLE",41.4965,-81.6882,-5,2024-03-27,48,39.9012,-75.172,358.987541037916,5614.63772216818,-5,0,0,0.5,0.958906779143969,0,48.6302259714656,2.78414634146341,-3.08414634146341,"2023-24"
22301080,"2024-03-31","PHI","TOR","A","W",135,15,139.1,115.6,23.5,"TOR",43.6435,-79.379,-5,2024-03-29,48,41.4965,-81.6882,189.436357987111,5804.07408015529,-5,0,0,0.5,0.962591792144929,0,48.7530597381643,2.78414634146341,20.7158536585366,"2023-24"
22301093,"2024-04-02","PHI","PHIOKC","H","W",109,4,111.2,105.3,5.9,"PHI",39.9012,-75.172,-5,2024-03-31,48,43.6435,-79.379,337.702164435139,4062.00916131995,-5,0,0,0.5,0.922960865334264,0,47.4320288444754,2.78414634146341,3.11585365853659,"2023-24"
22301111,"2024-04-04","PHI","MIA","A","W",109,4,109.2,102.9,6.3,"MIA",25.7814,-80.187,-5,2024-04-02,48,39.9012,-75.172,1018.75373005738,4722.05015001863,-5,0,0,0.5,0.939680423529253,0,47.9893474509751,2.78414634146341,3.51585365853659,"2023-24"
22301129,"2024-04-06","PHI","MEM","A","W",116,20,117,95.8,21.3,"MEM",35.1382,-90.0505,-6,2024-04-04,48,25.7814,-80.187,873.480874428402,5595.53102444703,-5,1,-1,0.5,0.958528227222459,0.285714285714286,58.1414170978915,2.78414634146341,18.5158536585366,"2023-24"
22301140,"2024-04-07","PHI","SAS","A","W",133,7,105.3,104.6,0.6,"SAS",29.427,-98.4375,-6,2024-04-06,24,35.1382,-90.0505,629.329052623429,5863.03800090273,-6,0,0,1,0.963714279005372,0,65.4571426335124,2.78414634146341,-2.18414634146341,"2023-24"
22301145,"2024-04-09","PHI","PHIDET","H","W",120,18,118.7,100.4,18.2,"PHI",39.9012,-75.172,-5,2024-04-07,48,29.427,-98.4375,1502.38857182784,4910.07829239722,-6,1,1,0.5,0.944016476727269,0.428571428571429,62.4195968432899,2.78414634146341,15.4158536585366,"2023-24"
22301171,"2024-04-12","PHI","PHIORL","H","W",125,12,118.7,105.6,13.1,"PHI",39.9012,-75.172,-5,2024-04-09,72,39.9012,-75.172,0,4551.0907513593,-5,0,0,0,0.935585453926736,0,31.1861817975579,2.78414634146341,10.3158536585366,"2023-24"
22301192,"2024-04-14","PHI","PHIBKN","H","W",107,21,103.3,86.4,16.8,"PHI",39.9012,-75.172,-5,2024-04-12,48,39.9012,-75.172,0,4361.65439337219,-5,0,0,0.5,0.930864292909876,0,47.6954764303292,2.78414634146341,14.0158536585366,"2023-24"
22300062,"2023-10-24","PHX","GSW","A","W",108,4,103.4,97.8,5.6,"GSW",37.768,-122.3877,-8,NA,NA,NA,NA,0,NA,NA,0,0,0,0,0,0,3.35853658536585,2.24146341463415,"2023-24"
22300076,"2023-10-26","PHX","LAL","A","L",95,-5,90.4,95.5,-5.1,"LAL",34.043,-118.2673,-8,2023-10-24,48,37.768,-122.3877,345.872056985533,NA,-8,0,0,0.5,0,0,16.6666666666667,3.35853658536585,-8.45853658536585,"2023-24"
22300094,"2023-10-28","PHX","PHXUTA","H","W",126,22,124.4,102.8,21.6,"PHX",33.4457,-112.0712,-7,2023-10-26,48,34.043,-118.2673,358.712741358694,NA,-8,1,1,0.5,0,0.428571428571429,30.952380952381,3.35853658536585,18.2414634146341,"2023-24"
22300113,"2023-10-31","PHX","PHXSAS","H","L",114,-1,111.1,109.7,1.4,"PHX",33.4457,-112.0712,-7,2023-10-28,72,33.4457,-112.0712,0,NA,-7,0,0,0,0,0,0,3.35853658536585,-1.95853658536585,"2023-24"
22300131,"2023-11-02","PHX","PHXSAS","H","L",121,-11,120.5,128.5,-8,"PHX",33.4457,-112.0712,-7,2023-10-31,48,33.4457,-112.0712,0,NA,-7,0,0,0.5,0,0,16.6666666666667,3.35853658536585,-11.3585365853659,"2023-24"
22300132,"2023-11-04","PHX","PHI","A","L",100,-12,100.5,111,-10.5,"PHI",39.9012,-75.172,-5,2023-11-02,48,33.4457,-112.0712,2079.76708327049,NA,-7,2,1,0.5,0,0.714285714285714,40.4761904761905,3.35853658536585,-13.8585365853659,"2023-24"
22300140,"2023-11-05","PHX","DET","A","W",120,14,116.8,106.9,9.9,"DET",42.341,-83.0552,-5,2023-11-04,24,39.9012,-75.172,443.869081020868,3228.22096263558,-5,0,0,1,0.897449847156606,0,63.2483282385535,3.35853658536585,6.54146341463415,"2023-24"
22300162,"2023-11-08","PHX","CHI","A","W",116,1,105.5,103.5,2,"CHI",41.8807,-87.6742,-6,2023-11-05,72,42.341,-83.0552,239.119148083624,3467.34011071921,-5,1,-1,0,0.905384196673612,0.285714285714286,39.7032827462633,3.35853658536585,-1.35853658536585,"2023-24"
22300015,"2023-11-10","PHX","PHXLAL","H","L",119,-3,116.8,120.8,-4,"PHX",33.4457,-112.0712,-7,2023-11-08,48,41.8807,-87.6742,1451.16859826995,4572.63665200362,-6,1,-1,0.5,0.936109931587877,0.285714285714286,57.3941405767387,3.35853658536585,-7.35853658536585,"2023-24"
22300185,"2023-11-12","PHX","PHXOKC","H","L",99,-12,101.4,115.6,-14.2,"PHX",33.4457,-112.0712,-7,2023-11-10,48,33.4457,-112.0712,0,4213.92391064493,-7,0,0,0.5,0.927038007168557,0,47.5679335722852,3.35853658536585,-17.5585365853659,"2023-24"
22300197,"2023-11-15","PHX","PHXMIN","H","W",133,18,139.1,121.9,17.2,"PHX",33.4457,-112.0712,-7,2023-11-12,72,33.4457,-112.0712,0,4213.92391064493,-7,0,0,0,0.927038007168557,0,30.9012669056186,3.35853658536585,13.8414634146341,"2023-24"
22300035,"2023-11-17","PHX","UTA","A","W",131,3,129.1,132.5,-3.3,"UTA",40.7683,-111.9011,-7,2023-11-15,48,33.4457,-112.0712,506.597396462442,4720.52130710737,-7,0,0,0.5,0.939644464360982,0,47.9881488120327,3.35853658536585,-6.65853658536585,"2023-24"
22300214,"2023-11-19","PHX","UTA","A","W",140,3,116.2,113.1,3.1,"UTA",40.7683,-111.9011,-7,2023-11-17,48,40.7683,-111.9011,0,2640.75422383688,-7,0,0,0.5,0.875147125593348,0,45.8382375197783,3.35853658536585,-0.258536585365853,"2023-24"
22300041,"2023-11-21","PHX","PHXPOR","H","W",120,13,130,110.5,19.4,"PHX",33.4457,-112.0712,-7,2023-11-19,48,40.7683,-111.9011,506.597396462442,2703.48253927846,-7,0,0,0.5,0.877753665596315,0,45.9251221865438,3.35853658536585,16.0414634146341,"2023-24"
22300236,"2023-11-22","PHX","PHXGSW","H","W",123,8,119.6,106.7,12.8,"PHX",33.4457,-112.0712,-7,2023-11-21,24,33.4457,-112.0712,0,2464.36339119483,-7,0,0,1,0.867471709019167,0,62.2490569673056,3.35853658536585,9.44146341463415,"2023-24"
22300044,"2023-11-24","PHX","MEM","A","W",110,21,116.6,95.3,21.3,"MEM",35.1382,-90.0505,-6,2023-11-22,48,33.4457,-112.0712,1261.27948866992,2274.4742815948,-7,1,1,0.5,0.858569323242443,0.428571428571429,59.5713583937957,3.35853658536585,17.9414634146341,"2023-24"
22300247,"2023-11-26","PHX","NYK","A","W",116,3,121.8,120.1,1.7,"NYK",40.7505,-73.9934,-5,2023-11-24,48,35.1382,-90.0505,956.167828785305,3230.64211038011,-6,1,1,0.5,0.897533092471878,0.428571428571429,60.8701507014435,3.35853658536585,-1.65853658536585,"2023-24"
22300260,"2023-11-29","PHX","TOR","A","L",105,-7,102.8,115.2,-12.4,"TOR",43.6435,-79.379,-5,2023-11-26,72,40.7505,-73.9934,340.777924403546,3571.42003478365,-5,0,0,0,0.908668233975567,0,30.2889411325189,3.35853658536585,-15.7585365853659,"2023-24"
22300279,"2023-12-01","PHX","PHXDEN","H","L",111,-8,111.6,121.1,-9.5,"PHX",33.4457,-112.0712,-7,2023-11-29,48,43.6435,-79.379,1888.96235767448,4953.78499599569,-5,2,-1,0.5,0.945000589408051,0.571428571428571,67.2143053612208,3.35853658536585,-12.8585365853659,"2023-24"
22300288,"2023-12-02","PHX","PHXMEM","H","W",116,7,108.5,103.3,5.2,"PHX",33.4457,-112.0712,-7,2023-12-01,24,33.4457,-112.0712,0,4953.78499599569,-7,0,0,1,0.945000589408051,0,64.8333529802684,3.35853658536585,1.84146341463415,"2023-24"
22301203,"2023-12-05","PHX","LAL","A","L",103,-3,104.8,103.9,0.9,"LAL",34.043,-118.2673,-8,2023-12-02,72,33.4457,-112.0712,358.712741358694,4805.90034089195,-7,1,-1,0,0.941635004407011,0.285714285714286,40.9116430040432,3.35853658536585,-2.45853658536585,"2023-24"
22301228,"2023-12-08","PHX","PHXSAC","H","L",106,-8,110.3,115.4,-5.1,"PHX",33.4457,-112.0712,-7,2023-12-05,72,34.043,-118.2673,358.712741358694,5164.61308225064,-8,1,1,0,0.949628902541204,0.428571428571429,45.9400110370877,3.35853658536585,-8.45853658536585,"2023-24"
22300308,"2023-12-12","PHX","PHXGSW","H","W",119,3,111.3,109.6,1.7,"PHX",33.4457,-112.0712,-7,2023-12-08,96,33.4457,-112.0712,0,3903.33359358072,-7,0,0,0,0.918536173630496,0,30.6178724543499,3.35853658536585,-1.65853658536585,"2023-24"
22300317,"2023-12-13","PHX","PHXBKN","H","L",112,-4,119.3,120.1,-0.8,"PHX",33.4457,-112.0712,-7,2023-12-12,24,33.4457,-112.0712,0,2947.16576479542,-7,0,0,1,0.887336013821559,0,62.9112004607186,3.35853658536585,-4.15853658536585,"2023-24"
22300333,"2023-12-15","PHX","PHXNYK","H","L",122,-17,120.5,144.3,-23.8,"PHX",33.4457,-112.0712,-7,2023-12-13,48,33.4457,-112.0712,0,2606.38784039187,-7,0,0,0.5,0.87369273607131,0,45.7897578690437,3.35853658536585,-27.1585365853659,"2023-24"
22300347,"2023-12-17","PHX","PHXWAS","H","W",112,4,104.5,104,0.4,"PHX",33.4457,-112.0712,-7,2023-12-15,48,33.4457,-112.0712,0,717.425482717387,-7,0,0,0.5,0.730518075788167,0,41.0172691929389,3.35853658536585,-2.95853658536585,"2023-24"
22300363,"2023-12-19","PHX","POR","A","L",104,-5,99.8,106.5,-6.7,"POR",45.5316,-122.6668,-8,2023-12-17,48,33.4457,-112.0712,1007.38726543148,1724.81274814887,-7,1,-1,0.5,0.827859373820045,0.285714285714286,53.7857886511444,3.35853658536585,-10.0585365853659,"2023-24"
22300387,"2023-12-22","PHX","SAC","A","L",105,-15,104.7,118.3,-13.6,"SAC",38.5805,-121.4993,-8,2023-12-19,72,45.5316,-122.6668,484.522481968318,1850.62248875849,-8,0,0,0,0.8356747637122,0,27.8558254570733,3.35853658536585,-16.9585365853659,"2023-24"
22300405,"2023-12-25","PHX","PHXDAL","H","L",114,-14,110.7,127.7,-17.1,"PHX",33.4457,-112.0712,-7,2023-12-22,72,38.5805,-121.4993,635.391669288317,2127.30141668812,-8,1,1,0,0.85114266663797,0.428571428571429,42.65713650698,3.35853658536585,-20.4585365853659,"2023-24"
22300418,"2023-12-27","PHX","HOU","A","W",129,16,123.5,105.9,17.6,"HOU",29.7508,-95.3621,-6,2023-12-25,48,33.4457,-112.0712,1015.78052370702,3143.08194039514,-7,1,1,0.5,0.894482154228535,0.428571428571429,60.7684527599988,3.35853658536585,14.2414634146341,"2023-24"
22300436,"2023-12-29","PHX","PHXCHA","H","W",133,14,142.2,127.2,14.9,"PHX",33.4457,-112.0712,-7,2023-12-27,48,29.7508,-95.3621,1015.78052370702,4158.86246410216,-6,1,-1,0.5,0.925577481601661,0.285714285714286,57.0430589105315,3.35853658536585,11.5414634146341,"2023-24"
22300450,"2023-12-31","PHX","PHXORL","H","W",112,5,116.2,104.6,11.6,"PHX",33.4457,-112.0712,-7,2023-12-29,48,33.4457,-112.0712,0,4158.86246410216,-7,0,0,0.5,0.925577481601661,0,47.519249386722,3.35853658536585,8.24146341463415,"2023-24"
22300456,"2024-01-01","PHX","PHXPOR","H","W",109,21,107.4,86.8,20.5,"PHX",33.4457,-112.0712,-7,2023-12-31,24,33.4457,-112.0712,0,4158.86246410216,-7,0,0,1,0.925577481601661,0,64.1859160533887,3.35853658536585,17.1414634146341,"2023-24"
22300473,"2024-01-03","PHX","PHXLAC","H","L",122,-9,125.2,139.2,-14,"PHX",33.4457,-112.0712,-7,2024-01-01,48,33.4457,-112.0712,0,3151.47519867068,-7,0,0,0.5,0.894778266716228,0,46.4926088905409,3.35853658536585,-17.3585365853659,"2023-24"
22300489,"2024-01-05","PHX","PHXMIA","H","W",113,16,117.1,99.3,17.8,"PHX",33.4457,-112.0712,-7,2024-01-03,48,33.4457,-112.0712,0,2666.95271670236,-7,0,0,0.5,0.876243195636026,0,45.8747731878675,3.35853658536585,14.4414634146341,"2023-24"
22300503,"2024-01-07","PHX","PHXMEM","H","L",115,-6,106.8,109.4,-2.6,"PHX",33.4457,-112.0712,-7,2024-01-05,48,33.4457,-112.0712,0,2031.56104741404,-7,0,0,0.5,0.846030353728327,0,44.8676784576109,3.35853658536585,-5.95853658536585,"2023-24"
22300511,"2024-01-08","PHX","LAC","A","L",111,-27,112.4,140.6,-28.3,"LAC",34.043,-118.2673,-8,2024-01-07,24,33.4457,-112.0712,358.712741358694,1374.49326506572,-7,1,-1,1,0.802659048800562,0.285714285714286,69.6124444838283,3.35853658536585,-31.6585365853659,"2023-24"
22300531,"2024-01-11","PHX","LAL","A","W",127,18,123.2,106.9,16.3,"LAL",34.043,-118.2673,-8,2024-01-08,72,34.043,-118.2673,0,358.712741358694,-8,0,0,0,0.653684313165542,0,21.7894771055181,3.35853658536585,12.9414634146341,"2023-24"
22300554,"2024-01-14","PHX","POR","A","W",127,11,133.9,115.2,18.6,"POR",45.5316,-122.6668,-8,2024-01-11,72,34.043,-118.2673,828.020463382259,1186.73320474095,-8,0,0,0,0.786357688309768,0,26.2119229436589,3.35853658536585,15.2414634146341,"2023-24"
22300567,"2024-01-16","PHX","PHXSAC","H","W",119,2,112.5,110.1,2.4,"PHX",33.4457,-112.0712,-7,2024-01-14,48,45.5316,-122.6668,1007.38726543148,2194.12047017243,-8,1,1,0.5,0.854576160789702,0.428571428571429,59.4382529787044,3.35853658536585,-0.958536585365854,"2023-24"
22300588,"2024-01-19","PHX","NOP","A","W",123,14,116.9,103.7,13.2,"NOP",29.949,-90.0822,-6,2024-01-16,72,33.4457,-112.0712,1313.92595627272,3508.04642644515,-7,1,1,0,0.906680190605895,0.428571428571429,44.5083873059108,3.35853658536585,9.84146341463414,"2023-24"
22300604,"2024-01-21","PHX","PHXIND","H","W",117,7,115.9,108.8,7.2,"PHX",33.4457,-112.0712,-7,2024-01-19,48,29.949,-90.0822,1313.92595627272,4821.97238271787,-6,1,-1,0.5,0.942005753363337,0.285714285714286,57.5906679692541,3.35853658536585,3.84146341463415,"2023-24"
22300612,"2024-01-22","PHX","PHXCHI","H","W",115,2,121.7,118.7,3,"PHX",33.4457,-112.0712,-7,2024-01-21,24,33.4457,-112.0712,0,4821.97238271787,-7,0,0,1,0.942005753363337,0,64.7335251121112,3.35853658536585,-0.358536585365854,"2023-24"
22300625,"2024-01-24","PHX","DAL","A","W",132,23,132.4,108,24.4,"DAL",32.7905,-96.8103,-6,2024-01-22,48,33.4457,-112.0712,884.489245760011,5347.74888711919,-7,1,1,0.5,0.953498477718488,0.428571428571429,62.7356635429972,3.35853658536585,21.0414634146341,"2023-24"
22300636,"2024-01-26","PHX","IND","A","L",131,-2,119.2,123.6,-4.4,"IND",39.7639,-86.1555,-5,2024-01-24,48,32.7905,-96.8103,764.314777780896,6112.06366490009,-6,1,1,0.5,0.968333662213998,0.428571428571429,63.2301696928476,3.35853658536585,-7.75853658536585,"2023-24"
22300655,"2024-01-28","PHX","ORL","A","L",98,-15,98.8,110.3,-11.6,"ORL",28.5392,-81.3839,-5,2024-01-26,48,39.7639,-86.1555,822.711579822832,6106.75478134066,-5,0,0,0.5,0.968237161181017,0,48.9412387060339,3.35853658536585,-14.9585365853659,"2023-24"
22300661,"2024-01-29","PHX","MIA","A","W",118,13,118.6,105,13.6,"MIA",25.7814,-80.187,-5,2024-01-28,24,28.5392,-81.3839,204.482996041861,5303.85051195104,-5,0,0,1,0.952583135342477,0,65.0861045114159,3.35853658536585,10.2414634146341,"2023-24"
22300677,"2024-01-31","PHX","BKN","A","W",136,16,135.9,116.8,19.1,"BKN",40.6826,-73.9754,-5,2024-01-29,48,25.7814,-80.187,1090.80579591557,5080.73035159389,-5,0,0,0.5,0.947810458270711,0,48.2603486090237,3.35853658536585,15.7414634146341,"2023-24"
22300690,"2024-02-02","PHX","ATL","A","L",120,-9,116.3,127.8,-11.5,"ATL",33.7573,-84.3963,-5,2024-01-31,48,40.6826,-73.9754,746.673658696373,4513.47805401754,-5,0,0,0.5,0.934663895157251,0,47.822129838575,3.35853658536585,-14.8585365853659,"2023-24"
22300705,"2024-02-04","PHX","WAS","A","W",140,28,129.1,103.2,25.9,"WAS",38.8981,-77.021,-5,2024-02-02,48,33.7573,-84.3963,543.130987927522,5056.60904194506,-5,0,0,0.5,0.947281987380762,0,48.2427329126921,3.35853658536585,22.5414634146341,"2023-24"
22300725,"2024-02-06","PHX","PHXMIL","H","W",114,8,108.7,101.9,6.8,"PHX",33.4457,-112.0712,-7,2024-02-04,48,38.8981,-77.021,1980.56253123197,6152.68232741702,-5,2,-1,0.5,0.969069237045456,0.571428571428571,68.0165936158009,3.35853658536585,3.44146341463415,"2023-24"
22300739,"2024-02-08","PHX","PHXUTA","H","W",129,14,126.4,111,15.5,"PHX",33.4457,-112.0712,-7,2024-02-06,48,33.4457,-112.0712,0,5388.36754963612,-7,0,0,0.5,0.954338766583547,0,48.4779588861182,3.35853658536585,12.1414634146341,"2023-24"
22300757,"2024-02-10","PHX","GSW","A","L",112,-1,105.6,105.8,-0.1,"GSW",37.768,-122.3877,-8,2024-02-08,48,33.4457,-112.0712,652.136750728936,5217.79272054223,-7,1,-1,0.5,0.950766520794114,0.285714285714286,57.88269355028,3.35853658536585,-3.45853658536585,"2023-24"
22300774,"2024-02-13","PHX","PHXSAC","H","W",130,5,122.8,120.7,2.1,"PHX",33.4457,-112.0712,-7,2024-02-10,72,37.768,-122.3877,652.136750728936,5665.4464752293,-8,1,1,0,0.959907196374989,0.428571428571429,46.2826208315472,3.35853658536585,-1.25853658536585,"2023-24"
22300787,"2024-02-14","PHX","PHXDET","H","W",116,16,104.2,89.5,14.6,"PHX",33.4457,-112.0712,-7,2024-02-13,24,33.4457,-112.0712,0,4574.64067931374,-7,0,0,1,0.936158588649399,0,64.5386196216466,3.35853658536585,11.2414634146341,"2023-24"
22300796,"2024-02-22","PHX","DAL","A","L",113,-10,114.7,123.9,-9.3,"DAL",32.7905,-96.8103,-6,2024-02-14,192,33.4457,-112.0712,884.489245760011,4712.45626637737,-7,1,1,0,0.93945457753915,0.428571428571429,45.6008668703526,3.35853658536585,-12.6585365853659,"2023-24"
22300806,"2024-02-23","PHX","HOU","A","L",110,-4,108.5,108.6,-0.1,"HOU",29.7508,-95.3621,-6,2024-02-22,24,32.7905,-96.8103,227.015224148548,4396.3405025984,-6,0,0,1,0.931743888475092,0,64.3914629491697,3.35853658536585,-3.45853658536585,"2023-24"
22300818,"2024-02-25","PHX","PHXLAL","H","W",123,10,120.2,110.2,9.9,"PHX",33.4457,-112.0712,-7,2024-02-23,48,29.7508,-95.3621,1015.78052370702,3431.55849507345,-6,1,-1,0.5,0.904232369767813,0.285714285714286,56.3315551827366,3.35853658536585,6.54146341463415,"2023-24"
22300854,"2024-02-29","PHX","PHXHOU","H","W",110,5,104.5,98.5,6,"PHX",33.4457,-112.0712,-7,2024-02-25,96,33.4457,-112.0712,0,3431.55849507345,-7,0,0,0,0.904232369767813,0,30.1410789922604,3.35853658536585,2.64146341463415,"2023-24"
22300870,"2024-03-02","PHX","PHXHOU","H","L",109,-9,101.2,109.8,-8.7,"PHX",33.4457,-112.0712,-7,2024-02-29,48,33.4457,-112.0712,0,2779.42174434452,-7,0,0,0.5,0.880829435000315,0,46.0276478333438,3.35853658536585,-12.0585365853659,"2023-24"
22300878,"2024-03-03","PHX","PHXOKC","H","L",110,-8,103.9,112.8,-9,"PHX",33.4457,-112.0712,-7,2024-03-02,24,33.4457,-112.0712,0,2127.28499361558,-7,0,0,1,0.851141809556741,0,61.7047269852247,3.35853658536585,-12.3585365853659,"2023-24"
22300893,"2024-03-05","PHX","DEN","A","W",117,10,111.8,99.9,11.9,"DEN",39.7487,-105.0077,-7,2024-03-03,48,33.4457,-112.0712,586.063055747443,2713.34804936302,-7,0,0,0.5,0.878158095703139,0,45.9386031901046,3.35853658536585,8.54146341463415,"2023-24"
22300905,"2024-03-07","PHX","PHXTOR","H","W",120,7,119,112.3,6.7,"PHX",33.4457,-112.0712,-7,2024-03-05,48,39.7487,-105.0077,586.063055747443,2414.92185935045,-7,0,0,0.5,0.865221610105155,0,45.5073870035052,3.35853658536585,3.34146341463415,"2023-24"
22300920,"2024-03-09","PHX","PHXBOS","H","L",107,-10,108,118.5,-10.5,"PHX",33.4457,-112.0712,-7,2024-03-07,48,33.4457,-112.0712,0,2187.90663520191,-7,0,0,0.5,0.854261302014124,0,45.1420434004708,3.35853658536585,-13.8585365853659,"2023-24"
22300934,"2024-03-11","PHX","CLE","A","W",117,6,124,116.4,7.6,"CLE",41.4965,-81.6882,-5,2024-03-09,48,33.4457,-112.0712,1747.88136510362,2920.00747659851,-7,2,1,0.5,0.88630809790563,0.714285714285714,70.0197937397115,3.35853658536585,4.24146341463415,"2023-24"
22300955,"2024-03-14","PHX","BOS","A","L",112,-15,113.8,129.8,-16,"BOS",42.3662,-71.0621,-5,2024-03-11,72,41.4965,-81.6882,549.745779182527,3469.75325578103,-5,0,0,0,0.905461448675622,0,30.1820482891874,3.35853658536585,-19.3585365853659,"2023-24"
22300961,"2024-03-15","PHX","CHA","A","W",107,11,111.7,97.1,14.6,"CHA",35.2251,-80.8392,-5,2024-03-14,24,42.3662,-71.0621,721.453363153973,4191.20661893501,-5,0,0,1,0.926437747936094,0,64.2145915978698,3.35853658536585,11.2414634146341,"2023-24"
22300976,"2024-03-17","PHX","MIL","A","L",129,-11,128.2,138.4,-10.2,"MIL",43.045,-87.917,-6,2024-03-15,48,35.2251,-80.8392,660.339159868779,4851.54577880379,-5,1,-1,0.5,0.942684733934208,0.285714285714286,57.6133006549498,3.35853658536585,-13.5585365853659,"2023-24"
22301002,"2024-03-20","PHX","PHXPHI","H","W",115,13,112.2,101.1,11.1,"PHX",33.4457,-112.0712,-7,2024-03-17,72,43.045,-87.917,1463.29964062771,5728.78236368405,-6,1,-1,0,0.961141784809495,0.285714285714286,41.5618690174593,3.35853658536585,7.74146341463415,"2023-24"
22301010,"2024-03-21","PHX","PHXATL","H","W",128,13,133.5,111.9,21.6,"PHX",33.4457,-112.0712,-7,2024-03-20,24,33.4457,-112.0712,0,5142.71930793661,-7,0,0,1,0.949157143996824,0,64.9719047998941,3.35853658536585,18.2414634146341,"2023-24"
22301025,"2024-03-23","PHX","SAS","A","W",131,25,129.2,104.7,24.5,"SAS",29.427,-98.4375,-6,2024-03-21,48,33.4457,-112.0712,850.475779174741,5993.19508711135,-7,1,1,0.5,0.966152619231629,0.428571428571429,63.1574682601019,3.35853658536585,21.1414634146341,"2023-24"
22301039,"2024-03-25","PHX","SAS","A","L",102,-2,102.9,102.6,0.3,"SAS",29.427,-98.4375,-6,2024-03-23,48,29.427,-98.4375,0,4245.31372200773,-6,0,0,0.5,0.927862118400041,0,47.595403946668,3.35853658536585,-3.05853658536585,"2023-24"
22301059,"2024-03-27","PHX","DEN","A","W",104,7,112,105.1,6.9,"DEN",39.7487,-105.0077,-7,2024-03-25,48,29.427,-98.4375,805.452416446439,4501.02035927164,-6,1,-1,0.5,0.934356972409281,0.285714285714286,57.3357086041189,3.35853658536585,3.54146341463415,"2023-24"
22301069,"2024-03-29","PHX","OKC","A","L",103,-25,108.9,131.7,-22.9,"OKC",35.4634,-97.5151,-6,2024-03-27,48,39.7487,-105.0077,506.099585168091,4285.66658128576,-7,1,1,0.5,0.928912642051166,0.428571428571429,61.9161356874198,3.35853658536585,-26.2585365853659,"2023-24"
22301092,"2024-04-01","PHX","NOP","A","W",124,13,129.2,115,14.2,"NOP",29.949,-90.0822,-6,2024-03-29,72,35.4634,-97.5151,576.417654431289,4201.74507584827,-6,0,0,0,0.926716609127153,0,30.8905536375718,3.35853658536585,10.8414634146341,"2023-24"
22301110,"2024-04-03","PHX","PHXCLE","H","W",122,21,119,101.7,17.4,"PHX",33.4457,-112.0712,-7,2024-04-01,48,29.949,-90.0822,1313.92595627272,4052.37139149328,-6,1,-1,0.5,0.922697084413604,0.285714285714286,56.9470456709297,3.35853658536585,14.0414634146341,"2023-24"
22301125,"2024-04-05","PHX","PHXMIN","H","W",97,10,97.2,85.2,12.1,"PHX",33.4457,-112.0712,-7,2024-04-03,48,33.4457,-112.0712,0,4052.37139149328,-7,0,0,0.5,0.922697084413604,0,47.4232361471201,3.35853658536585,8.74146341463415,"2023-24"
22301138,"2024-04-07","PHX","PHXNOP","H","L",105,-8,104.8,113.7,-8.9,"PHX",33.4457,-112.0712,-7,2024-04-05,48,33.4457,-112.0712,0,3201.89561231854,-7,0,0,0.5,0.896540663324082,0,46.5513554441361,3.35853658536585,-12.2585365853659,"2023-24"
22301156,"2024-04-09","PHX","PHXLAC","H","L",92,-13,90.8,102.1,-11.3,"PHX",33.4457,-112.0712,-7,2024-04-07,48,33.4457,-112.0712,0,3201.89561231854,-7,0,0,0.5,0.896540663324082,0,46.5513554441361,3.35853658536585,-14.6585365853659,"2023-24"
22301165,"2024-04-10","PHX","LAC","A","W",124,16,117.4,104.4,13,"LAC",34.043,-118.2673,-8,2024-04-09,24,33.4457,-112.0712,358.712741358694,2755.15593723079,-7,1,-1,1,0.879855824719099,0.285714285714286,72.1856703477795,3.35853658536585,9.64146341463415,"2023-24"
22301185,"2024-04-12","PHX","SAC","A","W",108,1,111.9,112.4,-0.5,"SAC",38.5805,-121.4993,-8,2024-04-10,48,34.043,-118.2673,361.822076167738,2610.87842823044,-8,0,0,0.5,0.873883863438141,0,45.7961287812714,3.35853658536585,-3.85853658536585,"2023-24"
22301194,"2024-04-14","PHX","MIN","A","W",125,19,133.1,110.8,22.3,"MIN",44.9795,-93.276,-6,2024-04-12,48,38.5805,-121.4993,1512.79994884015,3547.26072263931,-8,2,1,0.5,0.907914542257267,0.714285714285714,70.7400085514327,3.35853658536585,18.9414634146341,"2023-24"
22300074,"2023-10-25","POR","LAC","A","L",111,-12,107.3,121.7,-14.5,"LAC",34.043,-118.2673,-8,NA,NA,NA,NA,0,NA,NA,0,0,0,0,0,0,-9.61219512195122,-4.88780487804878,"2023-24"
22300086,"2023-10-27","POR","PORORL","H","L",97,-5,98.7,105.1,-6.3,"POR",45.5316,-122.6668,-8,2023-10-25,48,34.043,-118.2673,828.020463382259,NA,-8,0,0,0.5,0,0,16.6666666666667,-9.61219512195122,3.31219512195122,"2023-24"
22300098,"2023-10-29","POR","PHI","A","L",98,-28,92.7,120.5,-27.7,"PHI",39.9012,-75.172,-5,2023-10-27,48,45.5316,-122.6668,2409.06455694626,NA,-8,3,1,0.5,0,1,50,-9.61219512195122,-18.0878048780488,"2023-24"
22300105,"2023-10-30","POR","TOR","A","W",99,8,104.7,92.3,12.4,"TOR",43.6435,-79.379,-5,2023-10-29,24,39.9012,-75.172,337.702164435139,NA,-5,0,0,1,0,0,33.3333333333333,-9.61219512195122,22.0121951219512,"2023-24"
22300115,"2023-11-01","POR","DET","A","W",110,9,104.2,94.5,9.7,"DET",42.341,-83.0552,-5,2023-10-30,48,43.6435,-79.379,206.64203344956,NA,-5,0,0,0.5,0,0,16.6666666666667,-9.61219512195122,19.3121951219512,"2023-24"
22300007,"2023-11-03","POR","PORMEM","H","W",115,2,103.8,101.1,2.6,"POR",45.5316,-122.6668,-8,2023-11-01,48,42.341,-83.0552,1965.20716357517,NA,-5,3,-1,0.5,0,0.857142857142857,45.2380952380952,-9.61219512195122,12.2121951219512,"2023-24"
22300144,"2023-11-05","POR","PORMEM","H","L",100,-12,100.4,110.1,-9.7,"POR",45.5316,-122.6668,-8,2023-11-03,48,45.5316,-122.6668,0,5746.6363817884,-8,0,0,0.5,0.961487342944469,0,48.7162447648156,-9.61219512195122,-0.0878048780487806,"2023-24"
22300170,"2023-11-08","POR","SAC","A","L",118,-3,106.5,108.3,-1.8,"SAC",38.5805,-121.4993,-8,2023-11-05,72,45.5316,-122.6668,484.522481968318,6231.15886375671,-8,0,0,0,0.970476739491151,0,32.349224649705,-9.61219512195122,7.81219512195122,"2023-24"
22300187,"2023-11-12","POR","LAL","A","L",110,-6,104.8,113.4,-8.6,"LAL",34.043,-118.2673,-8,2023-11-08,96,38.5805,-121.4993,361.822076167738,5764.96047654219,-8,0,0,0,0.961840884854439,0,32.0613628284813,-9.61219512195122,1.01219512195122,"2023-24"
22300023,"2023-11-14","POR","UTA","A","L",99,-16,98.2,116.6,-18.4,"UTA",40.7683,-111.9011,-7,2023-11-12,48,34.043,-118.2673,581.662923597926,3937.55884319385,-8,1,1,0.5,0.919505571697398,0.428571428571429,61.6025666756275,-9.61219512195122,-8.78780487804878,"2023-24"
22300199,"2023-11-15","POR","PORCLE","H","L",95,-14,91.3,114.4,-23.1,"POR",45.5316,-122.6668,-8,2023-11-14,24,40.7683,-111.9011,634.582909588459,4234.43958834717,-7,1,-1,1,0.927577319508291,0.285714285714286,73.7763868407525,-9.61219512195122,-13.4878048780488,"2023-24"
22300036,"2023-11-17","POR","PORLAL","H","L",95,-12,98,109.5,-11.5,"POR",45.5316,-122.6668,-8,2023-11-15,48,45.5316,-122.6668,0,4027.79755489761,-8,0,0,0.5,0.922021662095512,0,47.4007220698504,-9.61219512195122,-1.88780487804878,"2023-24"
22300215,"2023-11-19","POR","POROKC","H","L",91,-43,90.8,140.8,-50,"POR",45.5316,-122.6668,-8,2023-11-17,48,45.5316,-122.6668,0,2062.59039132244,-8,0,0,0.5,0.847713159228648,0,44.9237719742883,-9.61219512195122,-40.3878048780488,"2023-24"
22300041,"2023-11-21","POR","PHX","A","L",107,-13,110.5,130,-19.4,"PHX",33.4457,-112.0712,-7,2023-11-19,48,45.5316,-122.6668,1007.38726543148,3069.97765675392,-8,1,1,0.5,0.891869111053963,0.428571428571429,60.6813513208464,-9.61219512195122,-9.78780487804878,"2023-24"
22300237,"2023-11-22","POR","PORUTA","H","W",121,16,122.7,104.5,18.2,"POR",45.5316,-122.6668,-8,2023-11-21,24,33.4457,-112.0712,1007.38726543148,3592.84244021709,-7,1,-1,1,0.909332291717556,0.285714285714286,73.168219247728,-9.61219512195122,27.8121951219512,"2023-24"
22300245,"2023-11-26","POR","MIL","A","L",102,-6,93.8,105.8,-12,"MIL",43.045,-87.917,-6,2023-11-22,96,45.5316,-122.6668,1715.68210935959,4946.70247340894,-8,2,1,0,0.944841708114199,0.714285714285714,55.3042474133304,-9.61219512195122,-2.38780487804878,"2023-24"
22300254,"2023-11-27","POR","IND","A","W",114,4,107.9,101.3,6.6,"IND",39.7639,-86.1555,-5,2023-11-26,24,43.045,-87.917,244.650099469571,4609.68964928059,-6,1,1,1,0.937006136712429,0.428571428571429,78.8525855094619,-9.61219512195122,16.2121951219512,"2023-24"
22300265,"2023-11-30","POR","CLE","A","W",103,8,107.5,95.7,11.8,"CLE",41.4965,-81.6882,-5,2023-11-27,72,39.7639,-86.1555,263.314647279715,4238.42138697184,-5,0,0,0,0.927681689528779,0,30.9227229842926,-9.61219512195122,21.4121951219512,"2023-24"
22300289,"2023-12-02","POR","UTA","A","L",113,-5,105.7,110.7,-5,"UTA",40.7683,-111.9011,-7,2023-11-30,48,41.4965,-81.6882,1566.82998153761,5805.25136850945,-5,2,-1,0.5,0.962614315344173,0.571428571428571,67.8014295590915,-9.61219512195122,4.61219512195122,"2023-24"
22301214,"2023-12-06","POR","GSW","A","L",106,-4,104.9,107.3,-2.4,"GSW",37.768,-122.3877,-8,2023-12-02,96,40.7683,-111.9011,598.218575101357,6403.46994361081,-7,1,-1,0,0.97350600905848,0.285714285714286,41.9740098257589,-9.61219512195122,7.21219512195122,"2023-24"
22301226,"2023-12-08","POR","PORDAL","H","L",112,-13,101.9,117.2,-15.3,"POR",45.5316,-122.6668,-8,2023-12-06,48,37.768,-122.3877,537.207889971362,5933.29056815069,-8,0,0,0.5,0.965037023225995,0,48.8345674408665,-9.61219512195122,-5.68780487804878,"2023-24"
22300304,"2023-12-11","POR","LAC","A","L",127,-5,124,133.8,-9.8,"LAC",34.043,-118.2673,-8,2023-12-08,72,45.5316,-122.6668,828.020463382259,5753.92376610147,-8,0,0,0,0.961628079282262,0,32.0542693094087,-9.61219512195122,-0.187804878048782,"2023-24"
22300323,"2023-12-14","POR","PORUTA","H","L",114,-8,113,126.9,-13.9,"POR",45.5316,-122.6668,-8,2023-12-11,72,34.043,-118.2673,828.020463382259,4866.26212012413,-8,0,0,0,0.943021068520412,0,31.4340356173471,-9.61219512195122,-4.28780487804878,"2023-24"
22300341,"2023-12-16","POR","PORDAL","H","L",120,-11,114.6,121,-6.4,"POR",45.5316,-122.6668,-8,2023-12-14,48,45.5316,-122.6668,0,4621.61202065456,-8,0,0,0.5,0.937292973525865,0,47.9097657841955,-9.61219512195122,3.21219512195122,"2023-24"
22300348,"2023-12-17","POR","PORGSW","H","L",114,-4,113.9,120,-6.1,"POR",45.5316,-122.6668,-8,2023-12-16,24,45.5316,-122.6668,0,4358.29737337485,-8,0,0,1,0.930778792283533,0,64.3592930761178,-9.61219512195122,3.51219512195122,"2023-24"
22300363,"2023-12-19","POR","PORPHX","H","W",109,5,106.5,99.8,6.7,"POR",45.5316,-122.6668,-8,2023-12-17,48,45.5316,-122.6668,0,2791.46739183724,-8,0,0,0.5,0.881309587782441,0,46.0436529260814,-9.61219512195122,16.3121951219512,"2023-24"
22300381,"2023-12-21","POR","PORWAS","H","L",117,-1,115.7,114.5,1.2,"POR",45.5316,-122.6668,-8,2023-12-19,48,45.5316,-122.6668,0,2193.24881673588,-8,0,0,0.5,0.854532047366629,0,45.1510682455543,-9.61219512195122,10.8121951219512,"2023-24"
22300399,"2023-12-23","POR","GSW","A","L",106,-20,107.1,127.8,-20.8,"GSW",37.768,-122.3877,-8,2023-12-21,48,45.5316,-122.6668,537.207889971362,2193.24881673588,-8,0,0,0.5,0.854532047366629,0,45.1510682455543,-9.61219512195122,-11.1878048780488,"2023-24"
22300413,"2023-12-26","POR","PORSAC","H","W",130,17,129,111.8,17.1,"POR",45.5316,-122.6668,-8,2023-12-23,72,37.768,-122.3877,537.207889971362,1902.43624332498,-8,0,0,0,0.838740147960774,0,27.9580049320258,-9.61219512195122,26.7121951219512,"2023-24"
22300427,"2023-12-28","POR","PORSAS","H","L",105,-13,99,116.5,-17.5,"POR",45.5316,-122.6668,-8,2023-12-26,48,45.5316,-122.6668,0,1074.41577994272,-8,0,0,0.5,0.775324019101065,0,42.5108006367022,-9.61219512195122,-7.88780487804878,"2023-24"
22300437,"2023-12-29","POR","PORSAS","H","W",134,6,127.8,120.8,7,"POR",45.5316,-122.6668,-8,2023-12-28,24,45.5316,-122.6668,0,1074.41577994272,-8,0,0,1,0.775324019101065,0,59.1774673033688,-9.61219512195122,16.6121951219512,"2023-24"
22300456,"2024-01-01","POR","PHX","A","L",88,-21,86.8,107.4,-20.5,"PHX",33.4457,-112.0712,-7,2023-12-29,72,45.5316,-122.6668,1007.38726543148,2081.80304537421,-8,1,1,0,0.848742475859185,0.428571428571429,42.5771301476871,-9.61219512195122,-10.8878048780488,"2023-24"
22300472,"2024-01-03","POR","DAL","A","L",97,-29,89.3,117.7,-28.5,"DAL",32.7905,-96.8103,-6,2024-01-01,48,33.4457,-112.0712,884.489245760011,2966.29229113422,-7,1,1,0.5,0.888054268170218,0.428571428571429,60.5541898913882,-9.61219512195122,-18.8878048780488,"2023-24"
22300487,"2024-01-05","POR","DAL","A","L",103,-36,92.4,126.8,-34.4,"DAL",32.7905,-96.8103,-6,2024-01-03,48,32.7905,-96.8103,0,2966.29229113422,-6,0,0,0.5,0.888054268170218,0,46.2684756056739,-9.61219512195122,-24.7878048780488,"2023-24"
22300498,"2024-01-07","POR","BKN","A","W",134,7,122.7,116.5,6.2,"BKN",40.6826,-73.9754,-5,2024-01-05,48,32.7905,-96.8103,1373.26391329348,3802.34831445633,-6,1,1,0.5,0.915625535823353,0.428571428571429,61.4732321464927,-9.61219512195122,15.8121951219512,"2023-24"
22300514,"2024-01-09","POR","NYK","A","L",84,-28,86.7,113,-26.3,"NYK",40.7505,-73.9934,-5,2024-01-07,48,40.6826,-73.9754,4.79057381509804,3269.93099830007,-5,0,0,0.5,0.89887529732424,0,46.6291765774747,-9.61219512195122,-16.6878048780488,"2023-24"
22300529,"2024-01-11","POR","OKC","A","L",77,-62,73.3,129.1,-55.8,"OKC",35.4634,-97.5151,-6,2024-01-09,48,40.7505,-73.9934,1326.87382717747,4596.80482547754,-5,1,-1,0.5,0.936695309407558,0.285714285714286,57.4136531707281,-9.61219512195122,-46.1878048780488,"2023-24"
22300538,"2024-01-12","POR","MIN","A","L",93,-23,91.2,117.7,-26.5,"MIN",44.9795,-93.276,-6,2024-01-11,24,35.4634,-97.5151,695.004173203653,5291.8089986812,-6,0,0,1,0.952330728966948,0,65.0776909655649,-9.61219512195122,-16.8878048780488,"2023-24"
22300554,"2024-01-14","POR","PORPHX","H","L",116,-11,115.2,133.9,-18.6,"POR",45.5316,-122.6668,-8,2024-01-12,48,44.9795,-93.276,1423.59758132607,5708.01931457578,-6,2,-1,0.5,0.960738566629696,0.571428571428571,67.7389046019423,-9.61219512195122,-8.98780487804878,"2023-24"
22300578,"2024-01-17","POR","PORBKN","H","W",105,2,110.3,114.6,-4.3,"POR",45.5316,-122.6668,-8,2024-01-14,72,45.5316,-122.6668,0,4823.53006881577,-8,0,0,0,0.942041620282767,0,31.4013873427589,-9.61219512195122,5.31219512195122,"2023-24"
22300590,"2024-01-19","POR","PORIND","H","W",118,3,116.4,104.5,11.8,"POR",45.5316,-122.6668,-8,2024-01-17,48,45.5316,-122.6668,0,4823.53006881577,-8,0,0,0.5,0.942041620282767,0,48.0680540094256,-9.61219512195122,21.4121951219512,"2023-24"
22300605,"2024-01-21","POR","LAL","A","L",110,-24,107,130.4,-23.4,"LAL",34.043,-118.2673,-8,2024-01-19,48,45.5316,-122.6668,828.020463382259,4278.28661890455,-8,0,0,0.5,0.928721257188299,0,47.6240419062766,-9.61219512195122,-13.7878048780488,"2023-24"
22300617,"2024-01-23","POR","OKC","A","L",109,-2,106.6,107.4,-0.8,"OKC",35.4634,-97.5151,-6,2024-01-21,48,34.043,-118.2673,1181.2925067479,5454.78855183736,-8,2,1,0.5,0.955699283900593,0.714285714285714,72.3328332728769,-9.61219512195122,8.81219512195122,"2023-24"
22300623,"2024-01-24","POR","HOU","A","W",137,6,127.4,126.4,1,"HOU",29.7508,-95.3621,-6,2024-01-23,24,35.4634,-97.5151,414.546451737578,4542.46117639746,-6,0,0,1,0.935374693288318,0,64.5124897762773,-9.61219512195122,10.6121951219512,"2023-24"
22300641,"2024-01-26","POR","SAS","A","L",100,-16,94.9,111.1,-16.2,"SAS",29.427,-98.4375,-6,2024-01-24,48,29.7508,-95.3621,186.331542104265,4033.78854529807,-6,0,0,0.5,0.922186706005272,0,47.406223533509,-9.61219512195122,-6.58780487804878,"2023-24"
22300656,"2024-01-28","POR","PORCHI","H","L",96,-8,97.2,106.7,-9.5,"POR",45.5316,-122.6668,-8,2024-01-26,48,29.427,-98.4375,1722.67403856909,4332.86500254109,-6,2,-1,0.5,0.930128903080396,0.571428571428571,66.7185824836323,-9.61219512195122,0.112195121951219,"2023-24"
22300668,"2024-01-29","POR","PORPHI","H","W",130,26,131.6,103.7,28,"POR",45.5316,-122.6668,-8,2024-01-28,24,45.5316,-122.6668,0,4332.86500254109,-8,0,0,1,0.930128903080396,0,64.3376301026799,-9.61219512195122,37.6121951219512,"2023-24"
22300683,"2024-01-31","POR","PORMIL","H","W",119,3,121.5,112.7,8.8,"POR",45.5316,-122.6668,-8,2024-01-29,48,45.5316,-122.6668,0,4332.86500254109,-8,0,0,0.5,0.930128903080396,0,47.6709634360132,-9.61219512195122,18.4121951219512,"2023-24"
22300697,"2024-02-02","POR","DEN","A","L",108,-12,119.7,127,-7.3,"DEN",39.7487,-105.0077,-7,2024-01-31,48,45.5316,-122.6668,980.83797616504,4485.68251532387,-8,1,1,0.5,0.93397792220193,0.428571428571429,62.084978359112,-9.61219512195122,2.31219512195122,"2023-24"
22300712,"2024-02-04","POR","DEN","A","L",103,-9,115,125.3,-10.4,"DEN",39.7487,-105.0077,-7,2024-02-02,48,39.7487,-105.0077,0,3304.39000857597,-7,0,0,0.5,0.900039296833911,0,46.6679765611304,-9.61219512195122,-0.787804878048782,"2023-24"
22300741,"2024-02-08","POR","PORDET","H","L",122,-6,111.4,118.9,-7.5,"POR",45.5316,-122.6668,-8,2024-02-04,96,39.7487,-105.0077,980.83797616504,3870.68153300343,-7,1,-1,0,0.917603381064073,0.285714285714286,40.110588892612,-9.61219512195122,2.11219512195122,"2023-24"
22300758,"2024-02-10","POR","PORNOP","H","L",84,-9,92.8,106.8,-14,"POR",45.5316,-122.6668,-8,2024-02-08,48,45.5316,-122.6668,0,3684.34999089917,-8,0,0,0.5,0.912125000410702,0,47.0708333470234,-9.61219512195122,-4.38780487804878,"2023-24"
22300775,"2024-02-13","POR","PORMIN","H","L",109,-12,106.9,122.3,-15.4,"POR",45.5316,-122.6668,-8,2024-02-10,72,45.5316,-122.6668,0,1961.67595233008,-8,0,0,0,0.842144241481925,0,28.0714747160641,-9.61219512195122,-5.78780487804878,"2023-24"
22300791,"2024-02-15","POR","PORMIN","H","L",91,-37,89,123.2,-34.2,"POR",45.5316,-122.6668,-8,2024-02-13,48,45.5316,-122.6668,0,1961.67595233008,-8,0,0,0.5,0.842144241481925,0,44.7381413827308,-9.61219512195122,-24.5878048780488,"2023-24"
22300812,"2024-02-23","POR","PORDEN","H","L",112,-15,111,131.4,-20.4,"POR",45.5316,-122.6668,-8,2024-02-15,192,45.5316,-122.6668,0,1961.67595233008,-8,0,0,0,0.842144241481925,0,28.0714747160641,-9.61219512195122,-10.7878048780488,"2023-24"
22300826,"2024-02-25","POR","PORCHA","H","L",80,-13,83.3,95.4,-12.1,"POR",45.5316,-122.6668,-8,2024-02-23,48,45.5316,-122.6668,0,980.837976165041,-8,0,0,0.5,0.765212560563435,0,42.1737520187812,-9.61219512195122,-2.48780487804878,"2023-24"
22300842,"2024-02-27","POR","PORMIA","H","L",96,-10,98.6,111.1,-12.5,"POR",45.5316,-122.6668,-8,2024-02-25,48,45.5316,-122.6668,0,980.837976165041,-8,0,0,0.5,0.765212560563435,0,42.1737520187812,-9.61219512195122,-2.88780487804878,"2023-24"
22300861,"2024-03-01","POR","MEM","A","W",122,30,125.7,88.7,37,"MEM",35.1382,-90.0505,-6,2024-02-27,72,45.5316,-122.6668,1847.91560981004,1847.91560981004,-8,2,1,0,0.835512271309912,0.714285714285714,51.6599328531875,-9.61219512195122,46.6121951219512,"2023-24"
22300868,"2024-03-02","POR","MEM","A","W",107,7,95.1,88.9,6.2,"MEM",35.1382,-90.0505,-6,2024-03-01,24,35.1382,-90.0505,0,1847.91560981004,-6,0,0,1,0.835512271309912,0,61.1837423769971,-9.61219512195122,15.8121951219512,"2023-24"
22300881,"2024-03-04","POR","MIN","A","L",114,-5,115.3,126.2,-10.9,"MIN",44.9795,-93.276,-6,2024-03-02,48,35.1382,-90.0505,701.661510171567,2549.57711998161,-6,0,0,0.5,0.871245935919398,0,45.7081978639799,-9.61219512195122,-1.28780487804878,"2023-24"
22300900,"2024-03-06","POR","POROKC","H","L",120,-8,116.6,125.3,-8.7,"POR",45.5316,-122.6668,-8,2024-03-04,48,44.9795,-93.276,1423.59758132607,3973.17470130768,-6,2,-1,0.5,0.920505453883674,0.571428571428571,66.3978008437415,-9.61219512195122,0.912195121951219,"2023-24"
22300916,"2024-03-08","POR","PORHOU","H","L",107,-16,109.2,124.9,-15.8,"POR",45.5316,-122.6668,-8,2024-03-06,48,45.5316,-122.6668,0,3973.17470130768,-8,0,0,0.5,0.920505453883674,0,47.3501817961225,-9.61219512195122,-6.18780487804878,"2023-24"
22300923,"2024-03-09","POR","PORTOR","H","W",128,10,120.1,106.9,13.2,"POR",45.5316,-122.6668,-8,2024-03-08,24,45.5316,-122.6668,0,3973.17470130768,-8,0,0,1,0.920505453883674,0,64.0168484627891,-9.61219512195122,22.8121951219512,"2023-24"
22300938,"2024-03-11","POR","PORBOS","H","L",99,-22,105.5,128.3,-22.8,"POR",45.5316,-122.6668,-8,2024-03-09,48,45.5316,-122.6668,0,3973.17470130768,-8,0,0,0.5,0.920505453883674,0,47.3501817961225,-9.61219512195122,-13.1878048780488,"2023-24"
22300953,"2024-03-13","POR","PORATL","H","W",106,4,107.5,104.2,3.4,"POR",45.5316,-122.6668,-8,2024-03-11,48,45.5316,-122.6668,0,2125.25909149764,-8,0,0,0.5,0.851036031766459,0,45.0345343922153,-9.61219512195122,13.0121951219512,"2023-24"
22300960,"2024-03-14","POR","PORNYK","H","L",93,-12,96.8,106.7,-9.8,"POR",45.5316,-122.6668,-8,2024-03-13,24,45.5316,-122.6668,0,2125.25909149764,-8,0,0,1,0.851036031766459,0,61.701201058882,-9.61219512195122,-0.187804878048782,"2023-24"
22300970,"2024-03-16","POR","NOP","A","L",107,-19,107.8,124.3,-16.5,"NOP",29.949,-90.0822,-6,2024-03-14,48,45.5316,-122.6668,2061.77910603552,3485.37668736159,-8,2,1,0.5,0.905960305677141,0.714285714285714,70.6748673320952,-9.61219512195122,-6.88780487804878,"2023-24"
22300986,"2024-03-18","POR","CHI","A","L",107,-3,108.1,112,-3.9,"CHI",41.8807,-87.6742,-6,2024-03-16,48,29.949,-90.0822,836.176134695504,2897.95524073103,-6,0,0,0.5,0.885466385880179,0,46.1822128626726,-9.61219512195122,5.71219512195122,"2023-24"
22301003,"2024-03-20","POR","PORLAC","H","L",103,-13,106.6,120.1,-13.5,"POR",45.5316,-122.6668,-8,2024-03-18,48,41.8807,-87.6742,1753.69563630196,4651.65087703298,-6,2,-1,0.5,0.938012402147703,0.571428571428571,66.9813657858758,-9.61219512195122,-3.88780487804878,"2023-24"
22301017,"2024-03-22","POR","PORLAC","H","L",117,-8,118.2,126.4,-8.2,"POR",45.5316,-122.6668,-8,2024-03-20,48,45.5316,-122.6668,0,4651.65087703298,-8,0,0,0.5,0.938012402147703,0,47.9337467382568,-9.61219512195122,1.41219512195122,"2023-24"
22301026,"2024-03-23","POR","PORDEN","H","L",111,-3,108.3,113.4,-5.1,"POR",45.5316,-122.6668,-8,2024-03-22,24,45.5316,-122.6668,0,4651.65087703298,-8,0,0,1,0.938012402147703,0,64.6004134049234,-9.61219512195122,4.51219512195122,"2023-24"
22301038,"2024-03-25","POR","HOU","A","L",92,-18,91.5,110,-18.5,"HOU",29.7508,-95.3621,-6,2024-03-23,48,45.5316,-122.6668,1836.4815368962,6488.13241392918,-8,2,1,0.5,0.97496466186814,0.714285714285714,72.9750125384618,-9.61219512195122,-8.88780487804878,"2023-24"
22301051,"2024-03-27","POR","ATL","A","L",106,-14,103.5,116.7,-13.2,"ATL",33.7573,-84.3963,-5,2024-03-25,48,29.7508,-95.3621,701.483997318208,7189.61641124739,-6,1,1,0.5,0.986365841040892,0.428571428571429,63.8312423204107,-9.61219512195122,-3.58780487804878,"2023-24"
22301068,"2024-03-29","POR","MIA","A","L",82,-60,77.5,138,-60.5,"MIA",25.7814,-80.187,-5,2024-03-27,48,33.7573,-84.3963,606.660771618492,5734.49807683035,-5,0,0,0.5,0.961252527432509,0,48.7084175810836,-9.61219512195122,-50.8878048780488,"2023-24"
22301090,"2024-04-01","POR","ORL","A","L",103,-1,106.6,109.6,-3,"ORL",28.5392,-81.3839,-5,2024-03-29,72,25.7814,-80.187,204.482996041861,5102.80493817671,-5,0,0,0,0.948291894122114,0,31.6097298040705,-9.61219512195122,6.61219512195122,"2023-24"
22301102,"2024-04-03","POR","CHA","A","W",89,3,88.8,89,-0.2,"CHA",35.2251,-80.8392,-5,2024-04-01,48,28.5392,-81.3839,463.572297528528,3812.68159940328,-5,0,0,0.5,0.915926893346583,0,47.1975631115528,-9.61219512195122,9.41219512195122,"2023-24"
22301117,"2024-04-05","POR","WAS","A","W",108,6,106.3,102.8,3.5,"WAS",38.8981,-77.021,-5,2024-04-03,48,35.2251,-80.8392,330.029445741506,4142.71104514479,-5,0,0,0.5,0.925145390599455,0,47.5048463533152,-9.61219512195122,13.1121951219512,"2023-24"
22301134,"2024-04-07","POR","BOS","A","L",107,-17,106.2,123.1,-16.9,"BOS",42.3662,-71.0621,-5,2024-04-05,48,38.8981,-77.021,394.034709905986,4536.74575505078,-5,0,0,0.5,0.935234884727528,0,47.8411628242509,-9.61219512195122,-7.28780487804878,"2023-24"
22301157,"2024-04-09","POR","PORNOP","H","L",100,-10,102.5,114.9,-12.3,"POR",45.5316,-122.6668,-8,2024-04-07,48,42.3662,-71.0621,2534.72488398386,5234.98910213844,-5,3,-1,0.5,0.951131906470516,0.857142857142857,76.9424921204458,-9.61219512195122,-2.68780487804878,"2023-24"
22301169,"2024-04-11","POR","PORGSW","H","L",92,-8,94.4,108.9,-14.6,"POR",45.5316,-122.6668,-8,2024-04-09,48,45.5316,-122.6668,0,4533.50510482024,-8,0,0,0.5,0.935155534869438,0,47.8385178289813,-9.61219512195122,-4.98780487804878,"2023-24"
22301183,"2024-04-12","POR","PORHOU","H","L",107,-9,108.3,116.2,-7.9,"POR",45.5316,-122.6668,-8,2024-04-11,24,45.5316,-122.6668,0,3926.84433320174,-8,0,0,1,0.919203002015714,0,63.9734334005238,-9.61219512195122,1.71219512195122,"2023-24"
22301200,"2024-04-14","POR","SAC","A","L",82,-39,81.6,121.1,-39.5,"SAC",38.5805,-121.4993,-8,2024-04-12,48,45.5316,-122.6668,484.522481968318,4206.8838191282,-8,0,0,0.5,0.926852333402677,0,47.5617444467559,-9.61219512195122,-29.8878048780488,"2023-24"
22300072,"2023-10-25","SAC","UTA","A","W",130,16,120.6,111.1,9.5,"UTA",40.7683,-111.9011,-7,NA,NA,NA,NA,0,NA,NA,0,0,0,0,0,0,0.825609756097561,8.67439024390244,"2023-24"
22300087,"2023-10-27","SAC","SACGSW","H","L",114,-8,102.9,116,-13.1,"SAC",38.5805,-121.4993,-8,2023-10-25,48,40.7683,-111.9011,532.618318901091,NA,-7,1,-1,0.5,0,0.285714285714286,26.1904761904762,0.825609756097561,-13.9256097560976,"2023-24"
22300100,"2023-10-29","SAC","SACLAL","H","W",132,5,111.3,108.6,2.8,"SAC",38.5805,-121.4993,-8,2023-10-27,48,38.5805,-121.4993,0,NA,-8,0,0,0.5,0,0,16.6666666666667,0.825609756097561,1.97439024390244,"2023-24"
22300126,"2023-11-01","SAC","GSW","A","L",101,-1,101.9,103.4,-1.6,"GSW",37.768,-122.3877,-8,2023-10-29,72,38.5805,-121.4993,74.1095928928695,NA,-8,0,0,0,0,0,0,0.825609756097561,-2.42560975609756,"2023-24"
22300137,"2023-11-04","SAC","HOU","A","L",89,-18,93.3,110.5,-17.2,"HOU",29.7508,-95.3621,-6,2023-11-01,72,37.768,-122.3877,1643.07531015725,NA,-8,2,1,0,0,0.714285714285714,23.8095238095238,0.825609756097561,-18.0256097560976,"2023-24"
22300153,"2023-11-06","SAC","HOU","A","L",97,-25,104.5,131.4,-26.8,"HOU",29.7508,-95.3621,-6,2023-11-04,48,29.7508,-95.3621,0,NA,-6,0,0,0.5,0,0,16.6666666666667,0.825609756097561,-27.6256097560976,"2023-24"
22300170,"2023-11-08","SAC","SACPOR","H","W",121,3,108.3,106.5,1.8,"SAC",38.5805,-121.4993,-8,2023-11-06,48,29.7508,-95.3621,1608.66833693491,3858.47155888611,-6,2,-1,0.5,0.917252548531689,0.571428571428571,66.289370665342,0.825609756097561,0.974390243902439,"2023-24"
22300016,"2023-11-10","SAC","SACOKC","H","W",105,7,102.7,93.3,9.4,"SAC",38.5805,-121.4993,-8,2023-11-08,48,38.5805,-121.4993,0,3858.47155888611,-8,0,0,0.5,0.917252548531689,0,47.2417516177229,0.825609756097561,8.57439024390244,"2023-24"
22300191,"2023-11-13","SAC","SACCLE","H","W",132,12,139.4,125.7,13.7,"SAC",38.5805,-121.4993,-8,2023-11-10,72,38.5805,-121.4993,0,3325.85323998502,-8,0,0,0,0.900758191406655,0,30.0252730468885,0.825609756097561,12.8743902439024,"2023-24"
22300198,"2023-11-15","SAC","LAL","A","W",125,15,115.2,102.5,12.8,"LAL",34.043,-118.2673,-8,2023-11-13,48,38.5805,-121.4993,361.822076167738,3687.67531615276,-8,0,0,0.5,0.912225175228997,0,47.0741725076332,0.825609756097561,11.9743902439024,"2023-24"
22300032,"2023-11-17","SAC","SAS","A","W",129,9,122.2,108,14.2,"SAS",29.427,-98.4375,-6,2023-11-15,48,34.043,-118.2673,1207.25448627837,4820.82020953826,-8,2,1,0.5,0.94197921623664,0.714285714285714,71.8754976840785,0.825609756097561,13.3743902439024,"2023-24"
22300212,"2023-11-19","SAC","DAL","A","W",129,16,131.3,114.8,16.5,"DAL",32.7905,-96.8103,-6,2023-11-17,48,29.427,-98.4375,251.813489153389,3429.5583885344,-6,0,0,0.5,0.904167631544879,0,46.8055877181626,0.825609756097561,15.6743902439024,"2023-24"
22300222,"2023-11-20","SAC","NOP","A","L",93,-36,91.6,125,-33.4,"NOP",29.949,-90.0822,-6,2023-11-19,24,32.7905,-96.8103,443.181141038864,3872.73952957326,-6,0,0,1,0.917662405065953,0,63.9220801688651,0.825609756097561,-34.2256097560976,"2023-24"
22300233,"2023-11-22","SAC","NOP","A","L",112,-5,108.3,116.7,-8.4,"NOP",29.949,-90.0822,-6,2023-11-20,48,29.949,-90.0822,0,2264.07119263836,-6,0,0,0.5,0.858060362752734,0,45.2686787584244,0.825609756097561,-9.22560975609756,"2023-24"
22300050,"2023-11-24","SAC","MIN","A","W",124,13,119.4,108,11.4,"MIN",44.9795,-93.276,-6,2023-11-22,48,29.949,-90.0822,1054.12329912482,3318.19449176318,-6,0,0,0.5,0.900502201079237,0,46.6834067026412,0.825609756097561,10.5743902439024,"2023-24"
22300060,"2023-11-28","SAC","SACGSW","H","W",124,1,115.4,114.7,0.6,"SAC",38.5805,-121.4993,-8,2023-11-24,96,44.9795,-93.276,1512.79994884015,4830.99444060333,-6,2,-1,0,0.942213332631723,0.571428571428571,50.4547301353431,0.825609756097561,-0.225609756097561,"2023-24"
22300264,"2023-11-29","SAC","SACLAC","H","L",117,-14,117.8,128.8,-11,"SAC",38.5805,-121.4993,-8,2023-11-28,24,38.5805,-121.4993,0,4469.17236443559,-8,0,0,1,0.933568449434602,0,64.4522816478201,0.825609756097561,-11.8256097560976,"2023-24"
22300290,"2023-12-02","SAC","SACDEN","H","W",123,6,114.3,105.6,8.7,"SAC",38.5805,-121.4993,-8,2023-11-29,72,38.5805,-121.4993,0,3261.91787815723,-8,0,0,0,0.898602863006279,0,29.953428766876,0.825609756097561,7.87439024390244,"2023-24"
22301204,"2023-12-04","SAC","SACNOP","H","L",117,-10,114.1,129.4,-15.3,"SAC",38.5805,-121.4993,-8,2023-12-02,48,38.5805,-121.4993,0,3010.10438900384,-8,0,0,0.5,0.889682237141329,0,46.3227412380443,0.825609756097561,-16.1256097560976,"2023-24"
22301228,"2023-12-08","SAC","PHX","A","W",114,8,115.4,110.3,5.1,"PHX",33.4457,-112.0712,-7,2023-12-04,96,38.5805,-121.4993,635.391669288317,3202.31491725329,-8,1,1,0,0.896555203102712,0.428571428571429,44.1708877224714,0.825609756097561,4.27439024390244,"2023-24"
22300303,"2023-12-11","SAC","SACBKN","H","W",131,13,127,117.7,9.3,"SAC",38.5805,-121.4993,-8,2023-12-08,72,33.4457,-112.0712,635.391669288317,3837.70658654161,-7,1,-1,0,0.916653346219603,0.285714285714286,40.078921064463,0.825609756097561,8.47439024390244,"2023-24"
22300309,"2023-12-12","SAC","LAC","A","L",99,-20,95.6,114.2,-18.6,"LAC",34.043,-118.2673,-8,2023-12-11,24,38.5805,-121.4993,361.822076167738,3145.40536358453,-8,0,0,1,0.894564203187729,0,63.1521401062576,0.825609756097561,-19.4256097560976,"2023-24"
22300324,"2023-12-14","SAC","SACOKC","H","W",128,5,116.1,109.9,6.2,"SAC",38.5805,-121.4993,-8,2023-12-12,48,34.043,-118.2673,361.822076167738,1994.42749091211,-8,0,0,0.5,0.843982402305968,0,44.7994134101989,0.825609756097561,5.37439024390244,"2023-24"
22300342,"2023-12-16","SAC","SACUTA","H","W",125,21,123,104.8,18.2,"SAC",38.5805,-121.4993,-8,2023-12-14,48,38.5805,-121.4993,0,1994.42749091211,-8,0,0,0.5,0.843982402305968,0,44.7994134101989,0.825609756097561,17.3743902439024,"2023-24"
22300358,"2023-12-18","SAC","SACWAS","H","W",143,12,130.7,124.5,6.1,"SAC",38.5805,-121.4993,-8,2023-12-16,48,38.5805,-121.4993,0,1994.42749091211,-8,0,0,0.5,0.843982402305968,0,44.7994134101989,0.825609756097561,5.27439024390244,"2023-24"
22300373,"2023-12-20","SAC","SACBOS","H","L",119,-25,123.8,147.6,-23.8,"SAC",38.5805,-121.4993,-8,2023-12-18,48,38.5805,-121.4993,0,1994.42749091211,-8,0,0,0.5,0.843982402305968,0,44.7994134101989,0.825609756097561,-24.6256097560976,"2023-24"
22300387,"2023-12-22","SAC","SACPHX","H","W",120,15,118.3,104.7,13.6,"SAC",38.5805,-121.4993,-8,2023-12-20,48,38.5805,-121.4993,0,1359.03582162379,-8,0,0,0.5,0.801403799527302,0,43.3801266509101,0.825609756097561,12.7743902439024,"2023-24"
22300400,"2023-12-23","SAC","SACMIN","H","L",98,-12,100.8,112.1,-11.3,"SAC",38.5805,-121.4993,-8,2023-12-22,24,38.5805,-121.4993,0,723.644152335477,-8,0,0,1,0.731475362237863,0,57.7158454079288,0.825609756097561,-12.1256097560976,"2023-24"
22300413,"2023-12-26","SAC","POR","A","L",113,-17,111.8,129,-17.1,"POR",45.5316,-122.6668,-8,2023-12-23,72,38.5805,-121.4993,484.522481968318,846.344558136057,-8,0,0,0,0.748849766226859,0,24.9616588742286,0.825609756097561,-17.9256097560976,"2023-24"
22300431,"2023-12-29","SAC","ATL","A","W",117,7,114,107.8,6.2,"ATL",33.7573,-84.3963,-5,2023-12-26,72,45.5316,-122.6668,2170.09380859302,2654.61629056134,-8,3,1,0,0.875728422020298,1,62.5242807340099,0.825609756097561,5.37439024390244,"2023-24"
22300449,"2023-12-31","SAC","MEM","A","W",123,31,118.9,90.8,28.1,"MEM",35.1382,-90.0505,-6,2023-12-29,48,33.7573,-84.3963,336.31145405421,2990.92774461555,-5,1,-1,0.5,0.888972606350742,0.285714285714286,55.8228964021676,0.825609756097561,27.2743902439024,"2023-24"
22300464,"2024-01-02","SAC","SACCHA","H","L",104,-7,98.6,109.5,-10.9,"SAC",38.5805,-121.4993,-8,2023-12-31,48,35.1382,-90.0505,1748.09294929907,4739.02069391462,-6,2,-1,0.5,0.940078799525664,0.571428571428571,67.0502456984745,0.825609756097561,-11.7256097560976,"2023-24"
22300476,"2024-01-03","SAC","SACORL","H","W",138,3,113.4,116.5,-3.1,"SAC",38.5805,-121.4993,-8,2024-01-02,24,38.5805,-121.4993,0,4739.02069391462,-8,0,0,1,0.940078799525664,0,64.6692933175221,0.825609756097561,-3.92560975609756,"2023-24"
22300492,"2024-01-05","SAC","SACTOR","H","W",135,5,122.1,124,-1.9,"SAC",38.5805,-121.4993,-8,2024-01-03,48,38.5805,-121.4993,0,4739.02069391462,-8,0,0,0.5,0.940078799525664,0,48.0026266508555,0.825609756097561,-2.72560975609756,"2023-24"
22300500,"2024-01-07","SAC","SACNOP","H","L",100,-33,102.8,138.5,-35.7,"SAC",38.5805,-121.4993,-8,2024-01-05,48,38.5805,-121.4993,0,4739.02069391462,-8,0,0,0.5,0.940078799525664,0,48.0026266508555,0.825609756097561,-36.5256097560976,"2023-24"
22300512,"2024-01-09","SAC","DET","A","W",131,21,121.1,107.6,13.5,"DET",42.341,-83.0552,-5,2024-01-07,48,38.5805,-121.4993,2022.52767691098,6277.02588885729,-8,3,1,0.5,0.971291195858018,1,82.3763731952673,0.825609756097561,12.6743902439024,"2023-24"
22300518,"2024-01-10","SAC","CHA","A","W",123,25,129.3,102,27.3,"CHA",35.2251,-80.8392,-5,2024-01-09,24,42.341,-83.0552,506.454754534076,4613.38683479834,-5,0,0,1,0.937095165471097,0,64.5698388490366,0.825609756097561,26.4743902439024,"2023-24"
22300532,"2024-01-12","SAC","PHI","A","L",93,-19,92.6,111,-18.4,"PHI",39.9012,-75.172,-5,2024-01-10,48,35.2251,-80.8392,448.328498580875,4725.403879325,-5,0,0,0.5,0.939759264204411,0,47.9919754734804,0.825609756097561,-19.2256097560976,"2023-24"
22300552,"2024-01-14","SAC","MIL","A","L",142,-1,124.8,123.2,1.6,"MIL",43.045,-87.917,-6,2024-01-12,48,39.9012,-75.172,694.5833858058,3671.89431583174,-5,1,-1,0.5,0.911748970398261,0.285714285714286,56.5821085370849,0.825609756097561,0.774390243902439,"2023-24"
22300567,"2024-01-16","SAC","PHX","A","L",117,-2,110.1,112.5,-2.4,"PHX",33.4457,-112.0712,-7,2024-01-14,48,43.045,-87.917,1463.29964062771,5135.19395645945,-6,1,-1,0.5,0.948994526810243,0.285714285714286,57.8236270841509,0.825609756097561,-3.22560975609756,"2023-24"
22300583,"2024-01-18","SAC","SACIND","H","L",121,-5,118.5,119.6,-1.1,"SAC",38.5805,-121.4993,-8,2024-01-16,48,33.4457,-112.0712,635.391669288317,5770.58562574776,-7,1,-1,0.5,0.961949190141703,0.285714285714286,58.2554491951996,0.825609756097561,-1.92560975609756,"2023-24"
22300613,"2024-01-22","SAC","SACATL","H","W",122,15,117.4,103,14.4,"SAC",38.5805,-121.4993,-8,2024-01-18,96,38.5805,-121.4993,0,5770.58562574776,-8,0,0,0,0.961949190141703,0,32.0649730047234,0.825609756097561,13.5743902439024,"2023-24"
22300632,"2024-01-25","SAC","GSW","A","W",134,1,132.2,129,3.2,"GSW",37.768,-122.3877,-8,2024-01-22,72,38.5805,-121.4993,74.1095928928695,3822.16754172965,-8,0,0,0,0.916202821184985,0,30.5400940394995,0.825609756097561,2.37439024390244,"2023-24"
22300651,"2024-01-27","SAC","DAL","A","W",120,5,118.6,111.7,6.8,"DAL",32.7905,-96.8103,-6,2024-01-25,48,37.768,-122.3877,1479.70997370133,4795.4227608969,-8,2,1,0.5,0.941392640109916,0.714285714285714,71.855945146521,0.825609756097561,5.97439024390244,"2023-24"
22300663,"2024-01-29","SAC","MEM","A","W",103,9,106.8,96.6,10.3,"MEM",35.1382,-90.0505,-6,2024-01-27,48,32.7905,-96.8103,420.309408356037,4767.40367067206,-6,0,0,0.5,0.940741900555485,0,48.0247300185162,0.825609756097561,9.47439024390244,"2023-24"
22300678,"2024-01-31","SAC","MIA","A","L",106,-9,108.3,118.4,-10.2,"MIA",25.7814,-80.187,-5,2024-01-29,48,35.1382,-90.0505,873.480874428402,4946.30115929466,-6,1,1,0.5,0.944832698680294,0.428571428571429,62.4468042417241,0.825609756097561,-11.0256097560976,"2023-24"
22300691,"2024-02-02","SAC","IND","A","W",133,11,120.6,111.4,9.2,"IND",39.7639,-86.1555,-5,2024-01-31,48,25.7814,-80.187,1026.91941262185,4509.9209312888,-5,0,0,0.5,0.934576344080961,0,47.8192114693654,0.825609756097561,8.37439024390244,"2023-24"
22300700,"2024-02-03","SAC","CHI","A","W",123,8,112.1,108.8,3.2,"CHI",41.8807,-87.6742,-6,2024-02-02,24,39.7639,-86.1555,166.601746714283,4041.13100871477,-5,1,-1,1,0.922388647320647,0.285714285714286,73.6034311011644,0.825609756097561,2.37439024390244,"2023-24"
22300714,"2024-02-05","SAC","CLE","A","L",110,-26,109.7,136.7,-27,"CLE",41.4965,-81.6882,-5,2024-02-03,48,41.8807,-87.6742,310.281541020419,4351.41254973519,-6,1,1,0.5,0.930603235129712,0.428571428571429,61.972488790038,0.825609756097561,-27.8256097560976,"2023-24"
22300732,"2024-02-07","SAC","SACDET","H","L",120,-13,115.7,132.1,-16.4,"SAC",38.5805,-121.4993,-8,2024-02-05,48,41.4965,-81.6882,2099.30382514806,6376.60678199038,-5,3,-1,0.5,0.973039150449827,0.857142857142857,77.6727335864228,0.825609756097561,-17.2256097560976,"2023-24"
22300746,"2024-02-09","SAC","SACDEN","H","W",135,29,128.7,99.7,29,"SAC",38.5805,-121.4993,-8,2024-02-07,48,38.5805,-121.4993,0,4896.89680828905,-8,0,0,0.5,0.943717959109766,0,48.1239319703255,0.825609756097561,28.1743902439024,"2023-24"
22300760,"2024-02-11","SAC","OKC","A","L",113,-14,108.9,123.4,-14.5,"OKC",35.4634,-97.5151,-6,2024-02-09,48,38.5805,-121.4993,1338.05980683269,5814.64720676571,-8,2,1,0.5,0.962793907586433,0.714285714285714,72.5693207290716,0.825609756097561,-15.3256097560976,"2023-24"
22300774,"2024-02-13","SAC","PHX","A","L",125,-5,120.7,122.8,-2.1,"PHX",33.4457,-112.0712,-7,2024-02-11,48,35.4634,-97.5151,841.069859120349,5782.23619145766,-6,1,-1,0.5,0.962173172047284,0.285714285714286,58.262915258719,0.825609756097561,-2.92560975609756,"2023-24"
22300786,"2024-02-14","SAC","DEN","A","W",102,4,99.6,99.3,0.3,"DEN",39.7487,-105.0077,-7,2024-02-13,24,33.4457,-112.0712,586.063055747443,5341.37983458325,-7,0,0,1,0.953366141003093,0,65.1122047001031,0.825609756097561,-0.525609756097561,"2023-24"
22300803,"2024-02-22","SAC","SACSAS","H","W",127,5,124.3,119.6,4.8,"SAC",38.5805,-121.4993,-8,2024-02-14,192,39.7487,-105.0077,886.874142718948,6061.65223058791,-7,1,-1,0,0.967413920133271,0.285714285714286,41.7709401949185,0.825609756097561,3.97439024390244,"2023-24"
22300827,"2024-02-25","SAC","LAC","A","W",123,16,127.2,110.5,16.7,"LAC",34.043,-118.2673,-8,2024-02-22,72,38.5805,-121.4993,361.822076167738,6113.19276573523,-8,0,0,0,0.968354175381988,0,32.2784725127329,0.825609756097561,15.8743902439024,"2023-24"
22300831,"2024-02-26","SAC","SACMIA","H","L",110,-11,116.7,122.2,-5.5,"SAC",38.5805,-121.4993,-8,2024-02-25,24,34.043,-118.2673,361.822076167738,4375.71101675491,-8,0,0,1,0.931221590849795,0,64.3740530283265,0.825609756097561,-6.32560975609756,"2023-24"
22300847,"2024-02-28","SAC","DEN","A","L",96,-21,96.3,114.9,-18.6,"DEN",39.7487,-105.0077,-7,2024-02-26,48,38.5805,-121.4993,886.874142718948,5262.58515947386,-8,1,1,0.5,0.951715761971168,0.428571428571429,62.6762396847532,0.825609756097561,-19.4256097560976,"2023-24"
22300862,"2024-03-01","SAC","MIN","A","W",124,4,118.6,115.3,3.3,"MIN",44.9795,-93.276,-6,2024-02-28,48,39.7487,-105.0077,699.271812997831,4623.79716563899,-7,1,1,0.5,0.937345465054208,0.428571428571429,62.1972297875212,0.825609756097561,2.47439024390244,"2023-24"
22300883,"2024-03-04","SAC","SACCHI","H","L",109,-4,111.3,116.9,-5.6,"SAC",38.5805,-121.4993,-8,2024-03-01,72,44.9795,-93.276,1512.79994884015,5295.5272553588,-6,2,-1,0,0.952408729877482,0.571428571428571,50.7945767102018,0.825609756097561,-6.42560975609756,"2023-24"
22300901,"2024-03-06","SAC","LAL","A","W",130,10,121.2,116.5,4.7,"LAL",34.043,-118.2673,-8,2024-03-04,48,38.5805,-121.4993,361.822076167738,5071.2862757791,-8,0,0,0.5,0.947603848551756,0,48.2534616183919,0.825609756097561,3.87439024390244,"2023-24"
22300908,"2024-03-07","SAC","SACSAS","H","W",131,2,120.3,125,-4.7,"SAC",38.5805,-121.4993,-8,2024-03-06,24,34.043,-118.2673,361.822076167738,4546.23420922789,-8,0,0,1,0.935466891507079,0,64.5155630502359,0.825609756097561,-5.52560975609756,"2023-24"
22300929,"2024-03-10","SAC","SACHOU","H","L",104,-8,101.8,109.9,-8.1,"SAC",38.5805,-121.4993,-8,2024-03-07,72,38.5805,-121.4993,0,4184.41213306015,-8,0,0,0,0.926257585133185,0,30.8752528377728,0.825609756097561,-8.92560975609756,"2023-24"
22300945,"2024-03-12","SAC","SACMIL","H","W",129,35,126.4,93.6,32.8,"SAC",38.5805,-121.4993,-8,2024-03-10,48,38.5805,-121.4993,0,3822.59005689241,-8,0,0,0.5,0.916215095407814,0,47.2071698469271,0.825609756097561,31.9743902439024,"2023-24"
22300954,"2024-03-13","SAC","SACLAL","H","W",120,13,122.1,113,9.1,"SAC",38.5805,-121.4993,-8,2024-03-12,24,38.5805,-121.4993,0,2935.71591417346,-8,0,0,1,0.886903806956779,0,62.896793565226,0.825609756097561,8.27439024390244,"2023-24"
22300975,"2024-03-16","SAC","SACNYK","H","L",91,-7,93.4,98.9,-5.6,"SAC",38.5805,-121.4993,-8,2024-03-13,72,38.5805,-121.4993,0,2236.44410117563,-8,0,0,0,0.856697304406601,0,28.5565768135534,0.825609756097561,-6.42560975609756,"2023-24"
22300989,"2024-03-18","SAC","SACMEM","H","W",121,10,108,100.7,7.2,"SAC",38.5805,-121.4993,-8,2024-03-16,48,38.5805,-121.4993,0,723.644152335477,-8,0,0,0.5,0.731475362237863,0,41.0491787412621,0.825609756097561,6.37439024390244,"2023-24"
22300999,"2024-03-20","SAC","TOR","A","W",123,34,124.3,90,34.4,"TOR",43.6435,-79.379,-5,2024-03-18,48,38.5805,-121.4993,2198.82921398907,2560.65129015681,-8,3,1,0.5,0.871727141494047,1,79.0575713831349,0.825609756097561,33.5743902439024,"2023-24"
22301005,"2024-03-21","SAC","WAS","A","L",102,-7,102.7,107.8,-5.1,"WAS",38.8981,-77.021,-5,2024-03-20,24,43.6435,-79.379,350.346567363286,2549.17578135236,-5,0,0,1,0.871228457357141,0,62.3742819119047,0.825609756097561,-5.92560975609756,"2023-24"
22301020,"2024-03-23","SAC","ORL","A","W",109,2,112.1,110.4,1.7,"ORL",28.5392,-81.3839,-5,2024-03-21,48,38.8981,-77.021,758.959908301962,3308.13568965432,-5,0,0,0.5,0.900165091191784,0,46.6721697063928,0.825609756097561,0.874390243902439,"2023-24"
22301042,"2024-03-25","SAC","SACPHI","H","W",108,12,113.3,105.7,7.6,"SAC",38.5805,-121.4993,-8,2024-03-23,48,28.5392,-81.3839,2393.39643235728,5701.5321220116,-5,3,-1,0.5,0.960612284711135,0.857142857142857,77.2585047284664,0.825609756097561,6.77439024390244,"2023-24"
22301047,"2024-03-26","SAC","SACDAL","H","L",96,-36,94.7,129.8,-35.1,"SAC",38.5805,-121.4993,-8,2024-03-25,24,38.5805,-121.4993,0,5701.5321220116,-8,0,0,1,0.960612284711135,0,65.3537428237045,0.825609756097561,-35.9256097560976,"2023-24"
22301073,"2024-03-29","SAC","SACDAL","H","L",103,-4,104.8,115.7,-10.8,"SAC",38.5805,-121.4993,-8,2024-03-26,72,38.5805,-121.4993,0,5701.5321220116,-8,0,0,0,0.960612284711135,0,32.0204094903712,0.825609756097561,-11.6256097560976,"2023-24"
22301086,"2024-03-31","SAC","SACUTA","H","W",127,21,132.1,110,22.1,"SAC",38.5805,-121.4993,-8,2024-03-29,48,38.5805,-121.4993,0,5701.5321220116,-8,0,0,0.5,0.960612284711135,0,48.6870761570378,0.825609756097561,21.2743902439024,"2023-24"
22301101,"2024-04-02","SAC","SACLAC","H","W",109,14,117.2,100.1,17.1,"SAC",38.5805,-121.4993,-8,2024-03-31,48,38.5805,-121.4993,0,3502.70290802253,-8,0,0,0.5,0.906510925239145,0,46.8836975079715,0.825609756097561,16.2743902439024,"2023-24"
22301112,"2024-04-04","SAC","NYK","A","L",109,-11,110.9,124,-13.1,"NYK",40.7505,-73.9934,-5,2024-04-02,48,38.5805,-121.4993,2502.91773705501,5655.27407771425,-8,3,1,0.5,0.959707623424444,1,81.9902541141481,0.825609756097561,-13.9256097560976,"2023-24"
22301118,"2024-04-05","SAC","BOS","A","L",100,-1,103.4,108.7,-5.3,"BOS",42.3662,-71.0621,-5,2024-04-04,24,40.7505,-73.9934,188.420681353137,5084.73485076543,-5,0,0,1,0.947897949508945,0,64.9299316502982,0.825609756097561,-6.12560975609756,"2023-24"
22301141,"2024-04-07","SAC","BKN","A","W",107,30,108,75.7,32.3,"BKN",40.6826,-73.9754,-5,2024-04-05,48,42.3662,-71.0621,190.567434431045,2881.90585283919,-5,0,0,0.5,0.884849761116113,0,46.1616587038704,0.825609756097561,31.4743902439024,"2023-24"
22301153,"2024-04-09","SAC","OKC","A","L",105,-7,101.5,110.2,-8.7,"OKC",35.4634,-97.5151,-6,2024-04-07,48,40.6826,-73.9754,1327.13053047276,4209.03638331195,-5,1,-1,0.5,0.926909137588816,0.285714285714286,57.0874474434367,0.825609756097561,-9.52560975609756,"2023-24"
22301170,"2024-04-11","SAC","SACNOP","H","L",123,-12,120.8,132.5,-11.6,"SAC",38.5805,-121.4993,-8,2024-04-09,48,35.4634,-97.5151,1338.05980683269,5547.09619014465,-6,2,-1,0.5,0.957562790011684,0.571428571428571,67.6330453813418,0.825609756097561,-12.4256097560976,"2023-24"
22301185,"2024-04-12","SAC","SACPHX","H","L",107,-1,112.4,111.9,0.5,"SAC",38.5805,-121.4993,-8,2024-04-11,24,38.5805,-121.4993,0,5547.09619014465,-8,0,0,1,0.957562790011684,0,65.2520930003895,0.825609756097561,-0.325609756097561,"2023-24"
22301200,"2024-04-14","SAC","SACPOR","H","W",121,39,121.1,81.6,39.5,"SAC",38.5805,-121.4993,-8,2024-04-12,48,38.5805,-121.4993,0,5547.09619014465,-8,0,0,0.5,0.957562790011684,0,48.5854263337228,0.825609756097561,38.6743902439024,"2023-24"
22300073,"2023-10-25","SAS","SASDAL","H","L",119,-7,109.5,116.5,-7,"SAS",29.427,-98.4375,-6,NA,NA,NA,NA,0,NA,NA,0,0,0,0,0,0,-6.12439024390244,-0.875609756097561,"2023-24"
22300083,"2023-10-27","SAS","SASHOU","H","W",126,4,112.2,105.4,6.8,"SAS",29.427,-98.4375,-6,2023-10-25,48,29.427,-98.4375,0,NA,-6,0,0,0.5,0,0,16.6666666666667,-6.12439024390244,12.9243902439024,"2023-24"
22300099,"2023-10-29","SAS","LAC","A","L",83,-40,78.3,114.7,-36.4,"LAC",34.043,-118.2673,-8,2023-10-27,48,29.427,-98.4375,1207.25448627837,NA,-6,2,-1,0.5,0,0.571428571428571,35.7142857142857,-6.12439024390244,-30.2756097560976,"2023-24"
22300113,"2023-10-31","SAS","PHX","A","W",115,1,109.7,111.1,-1.4,"PHX",33.4457,-112.0712,-7,2023-10-29,48,34.043,-118.2673,358.712741358694,NA,-8,1,1,0.5,0,0.428571428571429,30.952380952381,-6.12439024390244,4.72439024390244,"2023-24"
22300131,"2023-11-02","SAS","PHX","A","W",132,11,128.5,120.5,8,"PHX",33.4457,-112.0712,-7,2023-10-31,48,33.4457,-112.0712,0,NA,-7,0,0,0.5,0,0,16.6666666666667,-6.12439024390244,14.1243902439024,"2023-24"
22300141,"2023-11-05","SAS","SASTOR","H","L",116,-7,105.7,111.4,-5.6,"SAS",29.427,-98.4375,-6,2023-11-02,72,33.4457,-112.0712,850.475779174741,NA,-7,1,1,0,0,0.428571428571429,14.2857142857143,-6.12439024390244,0.524390243902439,"2023-24"
22300146,"2023-11-06","SAS","IND","A","L",111,-41,104.5,136.8,-32.3,"IND",39.7639,-86.1555,-5,2023-11-05,24,29.427,-98.4375,998.241556557734,3414.68456336953,-6,1,1,1,0.903685017367359,0.428571428571429,77.7418815312929,-6.12439024390244,-26.1756097560976,"2023-24"
22300161,"2023-11-08","SAS","NYK","A","L",105,-21,107.4,125.1,-17.7,"NYK",40.7505,-73.9934,-5,2023-11-06,48,39.7639,-86.1555,645.101494684543,4059.78605805408,-5,0,0,0.5,0.922900075675259,0,47.4300025225086,-6.12439024390244,-11.5756097560976,"2023-24"
22300013,"2023-11-10","SAS","SASMIN","H","L",110,-7,102.5,112.6,-10.2,"SAS",29.427,-98.4375,-6,2023-11-08,48,40.7505,-73.9934,1581.91362311532,5641.6996811694,-5,1,-1,0.5,0.959440746657359,0.285714285714286,58.1718344123881,-6.12439024390244,-4.07560975609756,"2023-24"
22300184,"2023-11-12","SAS","SASMIA","H","L",113,-5,110.5,120.2,-9.7,"SAS",29.427,-98.4375,-6,2023-11-10,48,29.427,-98.4375,0,4434.44519489104,-6,0,0,0.5,0.932702212744182,0,47.7567404248061,-6.12439024390244,-3.57560975609756,"2023-24"
22300021,"2023-11-14","SAS","OKC","A","L",87,-36,79.8,112,-32.2,"OKC",35.4634,-97.5151,-6,2023-11-12,48,29.427,-98.4375,420.993505444246,4496.72595897659,-6,0,0,0.5,0.934250973519582,0,47.8083657839861,-6.12439024390244,-26.0756097560976,"2023-24"
22300032,"2023-11-17","SAS","SASSAC","H","L",120,-9,108,122.2,-14.2,"SAS",29.427,-98.4375,-6,2023-11-14,72,35.4634,-97.5151,420.993505444246,4917.71946442083,-6,0,0,0,0.944189157708982,0,31.4729719236327,-6.12439024390244,-8.07560975609756,"2023-24"
22300206,"2023-11-18","SAS","SASMEM","H","L",108,-12,110.8,115.6,-4.7,"SAS",29.427,-98.4375,-6,2023-11-17,24,29.427,-98.4375,0,4067.24368524609,-6,0,0,1,0.923103869540067,0,64.1034623180022,-6.12439024390244,1.42439024390244,"2023-24"
22300223,"2023-11-20","SAS","SASLAC","H","L",99,-25,99.8,120.4,-20.5,"SAS",29.427,-98.4375,-6,2023-11-18,48,29.427,-98.4375,0,3069.00212868836,-6,0,0,0.5,0.89183382272191,0,46.394460757397,-6.12439024390244,-14.3756097560976,"2023-24"
22300235,"2023-11-22","SAS","SASLAC","H","L",102,-7,97,106.1,-9,"SAS",29.427,-98.4375,-6,2023-11-20,48,29.427,-98.4375,0,2423.90063400382,-6,0,0,0.5,0.865633638777753,0,45.5211212925918,-6.12439024390244,-2.87560975609756,"2023-24"
22300051,"2023-11-24","SAS","GSW","A","L",112,-6,101.6,108.7,-7.1,"GSW",37.768,-122.3877,-8,2023-11-22,48,29.427,-98.4375,1490.16576488834,2332.15277577683,-6,2,-1,0.5,0.861349638558448,0.571428571428571,64.4259403329006,-6.12439024390244,-0.975609756097561,"2023-24"
22300252,"2023-11-26","SAS","DEN","A","L",120,-12,109.6,121.1,-11.5,"DEN",39.7487,-105.0077,-7,2023-11-24,48,37.768,-122.3877,945.881692119517,3278.03446789635,-8,1,1,0.5,0.899150125493886,0.428571428571429,60.9240518021771,-6.12439024390244,-5.37560975609756,"2023-24"
22300272,"2023-11-30","SAS","SASATL","H","L",135,-2,123.7,123.7,0,"SAS",29.427,-98.4375,-6,2023-11-26,96,39.7487,-105.0077,805.452416446439,3662.49337889854,-7,1,1,0,0.911464315848144,0.428571428571429,44.6678581473191,-6.12439024390244,6.12439024390244,"2023-24"
22300278,"2023-12-01","SAS","NOP","A","L",106,-15,103.4,121.3,-17.9,"NOP",29.949,-90.0822,-6,2023-11-30,24,29.427,-98.4375,503.264197230828,3744.76407068512,-6,0,0,1,0.913931021565005,0,63.7977007188335,-6.12439024390244,-11.7756097560976,"2023-24"
22301210,"2023-12-06","SAS","MIN","A","L",94,-8,88.2,102.8,-14.6,"MIN",44.9795,-93.276,-6,2023-12-01,120,29.949,-90.0822,1054.12329912482,4798.88736980994,-6,0,0,0,0.941472840963287,0,31.3824280321096,-6.12439024390244,-8.47560975609756,"2023-24"
22301223,"2023-12-08","SAS","SASCHI","H","L",112,-9,118.1,125.3,-7.2,"SAS",29.427,-98.4375,-6,2023-12-06,48,44.9795,-93.276,1112.10988032526,5910.9972501352,-6,0,0,0.5,0.964618979248668,0,48.8206326416223,-6.12439024390244,-1.07560975609756,"2023-24"
22300298,"2023-12-11","SAS","HOU","A","L",82,-11,78.3,90.5,-12.1,"HOU",29.7508,-95.3621,-6,2023-12-08,72,29.427,-98.4375,186.331542104265,6097.32879223946,-6,0,0,0,0.968065615531926,0,32.2688538510642,-6.12439024390244,-5.97560975609756,"2023-24"
22300316,"2023-12-13","SAS","SASLAL","H","L",119,-3,107.3,111.4,-4.2,"SAS",29.427,-98.4375,-6,2023-12-11,48,29.7508,-95.3621,186.331542104265,4793.49456945539,-6,0,0,0.5,0.941347980077264,0,48.0449326692421,-6.12439024390244,1.92439024390244,"2023-24"
22300331,"2023-12-15","SAS","SASLAL","H","W",129,14,124.8,117,7.8,"SAS",29.427,-98.4375,-6,2023-12-13,48,29.427,-98.4375,0,3847.61287733587,-6,0,0,0.5,0.916939609346163,0,47.2313203115388,-6.12439024390244,13.9243902439024,"2023-24"
22300345,"2023-12-17","SAS","SASNOP","H","L",110,-36,102.6,130.7,-28.2,"SAS",29.427,-98.4375,-6,2023-12-15,48,29.427,-98.4375,0,3042.16046088944,-6,0,0,0.5,0.890858439303106,0,46.3619479767702,-6.12439024390244,-22.0756097560976,"2023-24"
22300361,"2023-12-19","SAS","MIL","A","L",119,-13,105.1,120.1,-15,"MIL",43.045,-87.917,-6,2023-12-17,48,29.427,-98.4375,1107.81082097399,3646.70708463259,-6,0,0,0.5,0.910984669431552,0,47.0328223143851,-6.12439024390244,-8.87560975609756,"2023-24"
22300376,"2023-12-21","SAS","CHI","A","L",95,-19,96.9,111.9,-15,"CHI",41.8807,-87.6742,-6,2023-12-19,48,43.045,-87.917,81.4830103720468,2674.06679587982,-6,0,0,0.5,0.876538970469134,0,45.8846323489711,-6.12439024390244,-8.87560975609756,"2023-24"
22300398,"2023-12-23","SAS","DAL","A","L",119,-25,107.6,129.4,-21.8,"DAL",32.7905,-96.8103,-6,2023-12-21,48,41.8807,-87.6742,803.851209205473,2365.80812476004,-6,0,0,0.5,0.862940367942958,0,45.4313455980986,-6.12439024390244,-15.6756097560976,"2023-24"
22300412,"2023-12-26","SAS","SASUTA","H","L",118,-12,114.3,123,-8.7,"SAS",29.427,-98.4375,-6,2023-12-23,72,32.7905,-96.8103,251.813489153389,2431.29007180916,-6,0,0,0,0.865971591232253,0,28.8657197077418,-6.12439024390244,-2.57560975609756,"2023-24"
22300427,"2023-12-28","SAS","POR","A","W",118,13,116.5,99,17.5,"POR",45.5316,-122.6668,-8,2023-12-26,48,29.427,-98.4375,1722.67403856909,3967.63256827398,-6,2,-1,0.5,0.920350453769033,0.571428571428571,66.3926341732535,-6.12439024390244,23.6243902439024,"2023-24"
22300437,"2023-12-29","SAS","POR","A","L",128,-6,120.8,127.8,-7,"POR",45.5316,-122.6668,-8,2023-12-28,24,45.5316,-122.6668,0,3967.63256827398,-8,0,0,1,0.920350453769033,0,64.0116817923011,-6.12439024390244,-0.875609756097561,"2023-24"
22300448,"2023-12-31","SAS","SASBOS","H","L",101,-33,95,130.5,-35.5,"SAS",29.427,-98.4375,-6,2023-12-29,48,45.5316,-122.6668,1722.67403856909,5690.30660684307,-8,2,1,0.5,0.960393425222259,0.714285714285714,72.4893046502658,-6.12439024390244,-29.3756097560976,"2023-24"
22300460,"2024-01-02","SAS","MEM","A","L",98,-8,93.2,108.2,-14.9,"MEM",35.1382,-90.0505,-6,2023-12-31,48,29.427,-98.4375,629.329052623429,5211.82483849251,-6,0,0,0.5,0.950639434812177,0,48.3546478270726,-6.12439024390244,-8.77560975609756,"2023-24"
22300477,"2024-01-04","SAS","SASMIL","H","L",121,-4,115.8,117.5,-1.7,"SAS",29.427,-98.4375,-6,2024-01-02,48,35.1382,-90.0505,629.329052623429,5759.67088074389,-6,0,0,0.5,0.961738943795488,0,48.7246314598496,-6.12439024390244,4.42439024390244,"2023-24"
22300497,"2024-01-07","SAS","CLE","A","L",115,-2,116.5,115.6,1,"CLE",41.4965,-81.6882,-5,2024-01-04,72,29.427,-98.4375,1255.78412188307,6211.60379342149,-6,1,1,0,0.970127677832003,0.428571428571429,46.6233035467811,-6.12439024390244,7.12439024390244,"2023-24"
22300519,"2024-01-10","SAS","DET","A","W",130,22,128.9,105.1,23.7,"DET",42.341,-83.0552,-5,2024-01-07,72,41.4965,-81.6882,91.4453758859851,6051.23568015409,-5,0,0,0,0.96722292000683,0,32.2407640002277,-6.12439024390244,29.8243902439024,"2023-24"
22300541,"2024-01-12","SAS","SASCHA","H","W",135,36,122.8,94,28.8,"SAS",29.427,-98.4375,-6,2024-01-10,48,42.341,-83.0552,1237.51263819674,5566.07427978174,-5,1,-1,0.5,0.957942075140461,0.285714285714286,58.1218786951582,-6.12439024390244,34.9243902439024,"2023-24"
22300548,"2024-01-13","SAS","SASCHI","H","L",116,-6,113.6,121,-7.4,"SAS",29.427,-98.4375,-6,2024-01-12,24,29.427,-98.4375,0,5566.07427978174,-6,0,0,1,0.957942075140461,0,65.2647358380154,-6.12439024390244,-1.27560975609756,"2023-24"
22300559,"2024-01-15","SAS","ATL","A","L",99,-10,88.8,99.8,-11,"ATL",33.7573,-84.3963,-5,2024-01-13,48,29.427,-98.4375,878.924909930529,4722.32515114319,-6,1,1,0.5,0.939686890461353,0.428571428571429,62.2752773010927,-6.12439024390244,-4.87560975609756,"2023-24"
22300571,"2024-01-17","SAS","BOS","A","L",98,-19,98.9,116.6,-17.6,"BOS",42.3662,-71.0621,-5,2024-01-15,48,33.7573,-84.3963,937.145034673311,5030.14113319307,-5,0,0,0.5,0.946699197121468,0,48.2233065707156,-6.12439024390244,-11.4756097560976,"2023-24"
22300584,"2024-01-19","SAS","CHA","A","L",120,-4,123.1,125.2,-2.1,"CHA",35.2251,-80.8392,-5,2024-01-17,48,42.3662,-71.0621,721.453363153973,5122.26544372361,-5,0,0,0.5,0.948714594294331,0,48.2904864764777,-6.12439024390244,4.02439024390244,"2023-24"
22300594,"2024-01-20","SAS","WAS","A","W",131,4,120.1,114.3,5.8,"WAS",38.8981,-77.021,-5,2024-01-19,24,35.2251,-80.8392,330.029445741506,4196.51076758205,-5,0,0,1,0.92657819007658,0,64.2192730025527,-6.12439024390244,11.9243902439024,"2023-24"
22300608,"2024-01-22","SAS","PHI","A","L",123,-10,123.1,133.5,-10.4,"PHI",39.9012,-75.172,-5,2024-01-20,48,38.8981,-77.021,120.750788954589,4225.81618065065,-5,0,0,0.5,0.927350947903863,0,47.5783649301288,-6.12439024390244,-4.27560975609756,"2023-24"
22300622,"2024-01-24","SAS","SASOKC","H","L",114,-26,109.6,135.9,-26.3,"SAS",29.427,-98.4375,-6,2024-01-22,48,39.9012,-75.172,1502.38857182784,4490.69211428175,-5,1,-1,0.5,0.934101868713839,0.285714285714286,57.3272051476041,-6.12439024390244,-20.1756097560976,"2023-24"
22300641,"2024-01-26","SAS","SASPOR","H","W",116,16,111.1,94.9,16.2,"SAS",29.427,-98.4375,-6,2024-01-24,48,29.427,-98.4375,0,4490.69211428175,-6,0,0,0.5,0.934101868713839,0,47.8033956237946,-6.12439024390244,22.3243902439024,"2023-24"
22300649,"2024-01-27","SAS","SASMIN","H","W",113,1,123.4,122.3,1.1,"SAS",29.427,-98.4375,-6,2024-01-26,24,29.427,-98.4375,0,3611.76720435122,-6,0,0,1,0.90991564212065,0,63.663854737355,-6.12439024390244,7.22439024390244,"2023-24"
22300665,"2024-01-29","SAS","SASWAS","H","L",113,-5,108.2,116.2,-8,"SAS",29.427,-98.4375,-6,2024-01-27,48,29.427,-98.4375,0,2674.62216967791,-6,0,0,0.5,0.876562027570497,0,45.8854009190165,-6.12439024390244,-1.87560975609756,"2023-24"
22300681,"2024-01-31","SAS","SASORL","H","L",98,-10,95.6,107.9,-12.3,"SAS",29.427,-98.4375,-6,2024-01-29,48,29.427,-98.4375,0,1953.16880652394,-6,0,0,0.5,0.841661763801637,0,44.7220587933879,-6.12439024390244,-6.17560975609756,"2023-24"
22300696,"2024-02-02","SAS","SASNOP","H","L",113,-1,108.7,113.7,-5,"SAS",29.427,-98.4375,-6,2024-01-31,48,29.427,-98.4375,0,1623.13936078243,-6,0,0,0.5,0.821115163163434,0,44.0371721054478,-6.12439024390244,1.12439024390244,"2023-24"
22300703,"2024-02-03","SAS","SASCLE","H","L",101,-16,96,113.9,-17.9,"SAS",29.427,-98.4375,-6,2024-02-02,24,29.427,-98.4375,0,1502.38857182784,-6,0,0,1,0.812534245375464,0,60.4178081791821,-6.12439024390244,-11.7756097560976,"2023-24"
22300730,"2024-02-07","SAS","MIA","A","L",104,-12,97.7,112.5,-14.8,"MIA",25.7814,-80.187,-5,2024-02-03,96,29.427,-98.4375,1145.43812525872,1145.43812525872,-6,1,1,0,0.782427259638339,0.428571428571429,40.3666229403256,-6.12439024390244,-8.67560975609756,"2023-24"
22300734,"2024-02-08","SAS","ORL","A","L",111,-16,111.6,127.3,-15.7,"ORL",28.5392,-81.3839,-5,2024-02-07,24,25.7814,-80.187,204.482996041861,1349.92112130058,-5,0,0,1,0.800656920201515,0,60.0218973400505,-6.12439024390244,-9.57560975609756,"2023-24"
22300750,"2024-02-10","SAS","BKN","A","L",103,-20,103.8,129.7,-25.9,"BKN",40.6826,-73.9754,-5,2024-02-08,48,28.5392,-81.3839,939.005691372418,2288.926812673,-5,0,0,0.5,0.859272550103775,0,45.3090850034592,-6.12439024390244,-19.7756097560976,"2023-24"
22300764,"2024-02-12","SAS","TOR","A","W",122,23,109.8,91.6,18.2,"TOR",43.6435,-79.379,-5,2024-02-10,48,40.6826,-73.9754,344.413109831946,2633.33992250495,-5,0,0,0.5,0.874834958580097,0,45.8278319526699,-6.12439024390244,24.3243902439024,"2023-24"
22300785,"2024-02-14","SAS","DAL","A","L",93,-23,88.1,111.1,-23,"DAL",32.7905,-96.8103,-6,2024-02-12,48,43.6435,-79.379,1204.41763626299,3837.75755876794,-5,1,-1,0.5,0.916654821059349,0.285714285714286,56.7456368924545,-6.12439024390244,-16.8756097560976,"2023-24"
22300803,"2024-02-22","SAS","SAC","A","L",122,-5,119.6,124.3,-4.8,"SAC",38.5805,-121.4993,-8,2024-02-14,192,32.7905,-96.8103,1438.75680123414,5276.51436000208,-6,2,-1,0,0.952009303503494,0.571428571428571,50.7812624977355,-6.12439024390244,1.32439024390244,"2023-24"
22300813,"2024-02-23","SAS","LAL","A","L",118,-5,113.3,116.1,-2.8,"LAL",34.043,-118.2673,-8,2024-02-22,24,38.5805,-121.4993,361.822076167738,5638.33643616982,-8,0,0,1,0.959374524997924,0,65.3124841665975,-6.12439024390244,3.32439024390244,"2023-24"
22300825,"2024-02-25","SAS","UTA","A","L",109,-19,99.7,114.6,-14.9,"UTA",40.7683,-111.9011,-7,2024-02-23,48,34.043,-118.2673,581.662923597926,5074.56123450902,-8,1,1,0.5,0.947675538941456,0.428571428571429,62.5415655837628,-6.12439024390244,-8.77560975609756,"2023-24"
22300838,"2024-02-27","SAS","MIN","A","L",105,-9,100.4,110.2,-9.8,"MIN",44.9795,-93.276,-6,2024-02-25,48,40.7683,-111.9011,985.481760291747,5855.55999875891,-7,1,1,0.5,0.96357254798921,0.428571428571429,63.0714658853546,-6.12439024390244,-3.67560975609756,"2023-24"
22300853,"2024-02-29","SAS","SASOKC","H","W",132,14,131,114.9,16,"SAS",29.427,-98.4375,-6,2024-02-27,48,44.9795,-93.276,1112.10988032526,6028.66418771175,-6,0,0,0.5,0.966807913815181,0,48.8935971271727,-6.12439024390244,22.1243902439024,"2023-24"
22300877,"2024-03-03","SAS","SASIND","H","W",117,12,117.8,104.7,13,"SAS",29.427,-98.4375,-6,2024-02-29,72,29.427,-98.4375,0,5684.2510778798,-6,0,0,0,0.960275183626951,0,32.009172787565,-6.12439024390244,19.1243902439024,"2023-24"
22300891,"2024-03-05","SAS","HOU","A","L",101,-13,100,113.1,-13.1,"HOU",29.7508,-95.3621,-6,2024-03-03,48,29.427,-98.4375,186.331542104265,4666.16498372108,-6,0,0,0.5,0.938358351369172,0,47.9452783789724,-6.12439024390244,-6.97560975609756,"2023-24"
22300908,"2024-03-07","SAS","SAC","A","L",129,-2,125,120.3,4.7,"SAC",38.5805,-121.4993,-8,2024-03-05,48,29.7508,-95.3621,1608.66833693491,4836.07651942184,-6,2,-1,0.5,0.942330090381367,0.571428571428571,67.1252887269979,-6.12439024390244,10.8243902439024,"2023-24"
22300921,"2024-03-09","SAS","GSW","A","W",126,13,125.6,108.9,16.7,"GSW",37.768,-122.3877,-8,2024-03-07,48,38.5805,-121.4993,74.1095928928695,4548.36403614697,-8,0,0,0.5,0.935518902402722,0,47.8506300800907,-6.12439024390244,22.8243902439024,"2023-24"
22300936,"2024-03-11","SAS","SASGSW","H","L",102,-10,100.4,109.5,-9.1,"SAS",29.427,-98.4375,-6,2024-03-09,48,37.768,-122.3877,1490.16576488834,5456.86687743738,-8,2,1,0.5,0.955741587018869,0.714285714285714,72.3342433768194,-6.12439024390244,-2.97560975609756,"2023-24"
22300942,"2024-03-12","SAS","SASHOU","H","L",101,-2,108.4,109.3,-0.9,"SAS",29.427,-98.4375,-6,2024-03-11,24,29.427,-98.4375,0,4471.38511714564,-6,0,0,1,0.933623416199478,0,64.4541138733159,-6.12439024390244,5.22439024390244,"2023-24"
22300965,"2024-03-15","SAS","SASDEN","H","L",106,-11,108.3,116.7,-8.4,"SAS",29.427,-98.4375,-6,2024-03-12,72,29.427,-98.4375,0,3359.27523682038,-6,0,0,0,0.901868453135807,0,30.0622817711936,-6.12439024390244,-2.27560975609756,"2023-24"
22300981,"2024-03-17","SAS","SASBKN","H","W",122,7,106.9,103.3,3.6,"SAS",29.427,-98.4375,-6,2024-03-15,48,29.427,-98.4375,0,3359.27523682038,-6,0,0,0.5,0.901868453135807,0,46.7289484378602,-6.12439024390244,9.72439024390244,"2023-24"
22300994,"2024-03-19","SAS","SASDAL","H","L",107,-6,101.7,108.2,-6.5,"SAS",29.427,-98.4375,-6,2024-03-17,48,29.427,-98.4375,0,3172.94369471611,-6,0,0,0.5,0.895532098372161,0,46.5177366124054,-6.12439024390244,-0.375609756097561,"2023-24"
22301015,"2024-03-22","SAS","SASMEM","H","L",97,-2,91.4,94.6,-3.2,"SAS",29.427,-98.4375,-6,2024-03-19,72,29.427,-98.4375,0,1564.27535778121,-6,0,0,0,0.817014848903444,0,27.2338282967815,-6.12439024390244,2.92439024390244,"2023-24"
22301025,"2024-03-23","SAS","SASPHX","H","L",106,-25,104.7,129.2,-24.5,"SAS",29.427,-98.4375,-6,2024-03-22,24,29.427,-98.4375,0,1490.16576488834,-6,0,0,1,0.811627531643262,0,60.3875843881087,-6.12439024390244,-18.3756097560976,"2023-24"
22301039,"2024-03-25","SAS","SASPHX","H","W",104,2,102.6,102.9,-0.3,"SAS",29.427,-98.4375,-6,2024-03-23,48,29.427,-98.4375,0,-2.8421709430404e-14,-6,0,0,0.5,-3.15681569096851e-15,0,16.6666666666666,-6.12439024390244,5.82439024390244,"2023-24"
22301058,"2024-03-27","SAS","UTA","A","W",118,7,110,102.1,7.9,"UTA",40.7683,-111.9011,-7,2024-03-25,48,29.427,-98.4375,1091.05227813387,1091.05227813387,-6,1,-1,0.5,0.777029106980068,0.285714285714286,52.0914464231451,-6.12439024390244,14.0243902439024,"2023-24"
22301070,"2024-03-29","SAS","SASNYK","H","W",130,4,126.1,115.3,10.8,"SAS",29.427,-98.4375,-6,2024-03-27,48,40.7683,-111.9011,1091.05227813387,2182.10455626774,-7,1,1,0.5,0.853966499182993,0.428571428571429,59.4179309251474,-6.12439024390244,16.9243902439024,"2023-24"
22301085,"2024-03-31","SAS","SASGSW","H","L",113,-4,113.1,115,-1.9,"SAS",29.427,-98.4375,-6,2024-03-29,48,29.427,-98.4375,0,2182.10455626774,-6,0,0,0.5,0.853966499182993,0,45.1322166394331,-6.12439024390244,4.22439024390244,"2023-24"
22301099,"2024-04-02","SAS","DEN","A","L",105,-5,100,107.8,-7.8,"DEN",39.7487,-105.0077,-7,2024-03-31,48,29.427,-98.4375,805.452416446439,2987.55697271418,-6,1,-1,0.5,0.888847401241006,0.285714285714286,55.8187228985097,-6.12439024390244,-1.67560975609756,"2023-24"
22301123,"2024-04-05","SAS","NOP","A","W",111,2,111.3,112,-0.7,"NOP",29.949,-90.0822,-6,2024-04-02,72,39.7487,-105.0077,1082.45093405792,4070.0079067721,-7,1,1,0,0.923179312273501,0.428571428571429,45.0583580281643,-6.12439024390244,5.42439024390244,"2023-24"
22301140,"2024-04-07","SAS","SASPHI","H","L",126,-7,104.6,105.3,-0.6,"SAS",29.427,-98.4375,-6,2024-04-05,48,29.949,-90.0822,503.264197230828,4573.27210400293,-6,0,0,0.5,0.93612536244159,0,47.8708454147196,-6.12439024390244,5.52439024390244,"2023-24"
22301151,"2024-04-09","SAS","MEM","A","W",102,15,104.6,87.1,17.5,"MEM",35.1382,-90.0505,-6,2024-04-07,48,29.427,-98.4375,629.329052623429,5202.60115662636,-6,0,0,0.5,0.950442730118386,0,48.3480910039462,-6.12439024390244,23.6243902439024,"2023-24"
22301163,"2024-04-10","SAS","OKC","A","L",89,-38,76.9,110.2,-33.3,"OKC",35.4634,-97.5151,-6,2024-04-09,24,35.1382,-90.0505,421.893724616216,4533.4426031087,-6,0,0,1,0.935154003908748,0,64.5051334636249,-6.12439024390244,-27.1756097560976,"2023-24"
22301180,"2024-04-12","SAS","SASDEN","H","W",121,1,118.5,114.9,3.5,"SAS",29.427,-98.4375,-6,2024-04-10,48,35.4634,-97.5151,420.993505444246,3863.38383041907,-6,0,0,0.5,0.917393827435543,0,47.2464609145181,-6.12439024390244,9.62439024390244,"2023-24"
22301197,"2024-04-14","SAS","SASDET","H","W",123,28,124,91.5,32.5,"SAS",29.427,-98.4375,-6,2024-04-12,48,29.427,-98.4375,0,3863.38383041907,-6,0,0,0.5,0.917393827435543,0,47.2464609145181,-6.12439024390244,38.6243902439024,"2023-24"
22300069,"2023-10-25","TOR","TORMIN","H","W",97,3,94.1,87.3,6.8,"TOR",43.6435,-79.379,-5,NA,NA,NA,NA,0,NA,NA,0,0,0,0,0,0,-6.15243902439024,12.9524390243902,"2023-24"
22300082,"2023-10-27","TOR","CHI","A","L",103,-1,93.6,91.8,1.9,"CHI",41.8807,-87.6742,-6,2023-10-25,48,43.6435,-79.379,438.33409593099,NA,-5,1,-1,0.5,0,0.285714285714286,26.1904761904762,-6.15243902439024,8.05243902439024,"2023-24"
22300092,"2023-10-28","TOR","TORPHI","H","L",107,-7,112.2,117.2,-5,"TOR",43.6435,-79.379,-5,2023-10-27,24,41.8807,-87.6742,438.33409593099,NA,-6,1,1,1,0,0.428571428571429,47.6190476190476,-6.15243902439024,1.15243902439024,"2023-24"
22300105,"2023-10-30","TOR","TORPOR","H","L",91,-8,92.3,104.7,-12.4,"TOR",43.6435,-79.379,-5,2023-10-28,48,43.6435,-79.379,0,NA,-5,0,0,0.5,0,0,16.6666666666667,-6.15243902439024,-6.24756097560976,"2023-24"
22300116,"2023-11-01","TOR","TORMIL","H","W",130,19,129.8,113.6,16.2,"TOR",43.6435,-79.379,-5,2023-10-30,48,43.6435,-79.379,0,NA,-5,0,0,0.5,0,0,16.6666666666667,-6.15243902439024,22.3524390243902,"2023-24"
22300128,"2023-11-02","TOR","PHI","A","L",99,-15,101.7,111.8,-10.1,"PHI",39.9012,-75.172,-5,2023-11-01,24,43.6435,-79.379,337.702164435139,NA,-5,0,0,1,0,0,33.3333333333333,-6.15243902439024,-3.94756097560976,"2023-24"
22300141,"2023-11-05","TOR","SAS","A","W",123,7,111.4,105.7,5.6,"SAS",29.427,-98.4375,-6,2023-11-02,72,39.9012,-75.172,1502.38857182784,2716.75892812496,-5,1,-1,0,0.878297580557377,0.285714285714286,38.8003955423888,-6.15243902439024,11.7524390243902,"2023-24"
22300168,"2023-11-08","TOR","DAL","A","W",127,11,117.7,107.8,10,"DAL",32.7905,-96.8103,-6,2023-11-05,72,29.427,-98.4375,251.813489153389,2968.57241727835,-6,0,0,0,0.888139584226209,0,29.6046528075403,-6.15243902439024,16.1524390243902,"2023-24"
22300174,"2023-11-11","TOR","BOS","A","L",94,-23,94,117.3,-23.4,"BOS",42.3662,-71.0621,-5,2023-11-08,72,32.7905,-96.8103,1550.98049332046,4081.21881466782,-6,1,1,0,0.923484762580705,0.428571428571429,45.0685397050711,-6.15243902439024,-17.2475609756098,"2023-24"
22300189,"2023-11-13","TOR","TORWAS","H","W",111,4,106.7,103.6,3.1,"TOR",43.6435,-79.379,-5,2023-11-11,48,42.3662,-71.0621,429.683533438057,4072.56825217489,-5,0,0,0.5,0.923249145017967,0,47.4416381672656,-6.15243902439024,9.25243902439024,"2023-24"
22300195,"2023-11-15","TOR","TORMIL","H","L",112,-16,114.7,130.3,-15.6,"TOR",43.6435,-79.379,-5,2023-11-13,48,43.6435,-79.379,0,4072.56825217489,-5,0,0,0.5,0.923249145017967,0,47.4416381672656,-6.15243902439024,-9.44756097560976,"2023-24"
22300031,"2023-11-17","TOR","TORBOS","H","L",105,-3,103.8,109.1,-5.3,"TOR",43.6435,-79.379,-5,2023-11-15,48,43.6435,-79.379,0,4072.56825217489,-5,0,0,0.5,0.923249145017967,0,47.4416381672656,-6.15243902439024,0.852439024390244,"2023-24"
22300211,"2023-11-19","TOR","TORDET","H","W",142,29,128.2,104.2,24,"TOR",43.6435,-79.379,-5,2023-11-17,48,43.6435,-79.379,0,3734.86608773975,-5,0,0,0.5,0.913637134991151,0,47.1212378330384,-6.15243902439024,30.1524390243902,"2023-24"
22300038,"2023-11-21","TOR","ORL","A","L",107,-19,103.2,118,-14.8,"ORL",28.5392,-81.3839,-5,2023-11-19,48,43.6435,-79.379,1050.68058138074,3283.15809729264,-5,0,0,0.5,0.899323542497235,0,46.6441180832412,-6.15243902439024,-8.64756097560976,"2023-24"
22300230,"2023-11-22","TOR","IND","A","W",132,1,120.9,121.3,-0.4,"IND",39.7639,-86.1555,-5,2023-11-21,24,28.5392,-81.3839,822.711579822832,3854.05618796209,-5,0,0,1,0.917125407151228,0,63.9041802383743,-6.15243902439024,5.75243902439024,"2023-24"
22300046,"2023-11-24","TOR","TORCHI","H","W",121,13,126.2,114.5,11.7,"TOR",43.6435,-79.379,-5,2023-11-22,48,39.7639,-86.1555,440.75236982524,2743.82806446687,-5,0,0,0.5,0.879398381050044,0,45.9799460350015,-6.15243902439024,17.8524390243902,"2023-24"
22300251,"2023-11-26","TOR","CLE","A","L",102,-3,105.4,103.3,2.1,"CLE",41.4965,-81.6882,-5,2023-11-24,48,43.6435,-79.379,189.436357987111,2503.58088901592,-5,0,0,0.5,0.869224646401807,0,45.6408215467269,-6.15243902439024,8.25243902439024,"2023-24"
22300054,"2023-11-28","TOR","BKN","A","L",103,-12,101.6,112.3,-10.6,"BKN",40.6826,-73.9754,-5,2023-11-26,48,41.4965,-81.6882,405.872143513255,2909.45303252917,-5,0,0,0.5,0.885906041000579,0,46.1968680333526,-6.15243902439024,-4.44756097560976,"2023-24"
22300260,"2023-11-29","TOR","TORPHX","H","W",112,7,115.2,102.8,12.4,"TOR",43.6435,-79.379,-5,2023-11-28,24,40.6826,-73.9754,344.413109831946,3253.86614236112,-5,0,0,1,0.898328441086196,0,63.2776147028732,-6.15243902439024,18.5524390243902,"2023-24"
22300276,"2023-12-01","TOR","TORNYK","H","L",106,-13,105.5,120.2,-14.7,"TOR",43.6435,-79.379,-5,2023-11-29,48,43.6435,-79.379,0,3253.86614236112,-5,0,0,0.5,0.898328441086196,0,46.6109480362065,-6.15243902439024,-8.54756097560976,"2023-24"
22301207,"2023-12-06","TOR","TORMIA","H","L",103,-9,103.5,116.2,-12.7,"TOR",43.6435,-79.379,-5,2023-12-01,120,43.6435,-79.379,0,2203.18556098038,-5,0,0,0,0.85503389948419,0,28.5011299828063,-6.15243902439024,-6.54756097560976,"2023-24"
22301216,"2023-12-08","TOR","CHA","A","L",116,-3,113.5,122.9,-9.5,"CHA",35.2251,-80.8392,-5,2023-12-06,48,43.6435,-79.379,587.482078914637,1967.95606007219,-5,0,0,0.5,0.842499074175906,0,44.7499691391969,-6.15243902439024,-3.34756097560976,"2023-24"
22300297,"2023-12-11","TOR","NYK","A","L",130,-6,127.2,140,-12.8,"NYK",40.7505,-73.9934,-5,2023-12-08,72,35.2251,-80.8392,533.845366214563,2061.04905646151,-5,0,0,0,0.847630167506346,0,28.2543389168782,-6.15243902439024,-6.64756097560976,"2023-24"
22300313,"2023-12-13","TOR","TORATL","H","W",135,7,130.4,125,5.3,"TOR",43.6435,-79.379,-5,2023-12-11,48,40.7505,-73.9934,340.777924403546,2212.39062287795,-5,0,0,0.5,0.855496783645845,0,45.1832261215282,-6.15243902439024,11.4524390243902,"2023-24"
22300330,"2023-12-15","TOR","TORATL","H","L",104,-21,105.1,123,-17.9,"TOR",43.6435,-79.379,-5,2023-12-13,48,43.6435,-79.379,0,1806.51847936469,-5,0,0,0.5,0.832997143420896,0,44.4332381140298,-6.15243902439024,-11.7475609756098,"2023-24"
22300354,"2023-12-18","TOR","TORCHA","H","W",114,15,114.4,101.3,13.1,"TOR",43.6435,-79.379,-5,2023-12-15,72,43.6435,-79.379,0,1462.10536953275,-5,0,0,0,0.809517516741594,0,26.9839172247198,-6.15243902439024,19.2524390243902,"2023-24"
22300369,"2023-12-20","TOR","TORDEN","H","L",104,-9,107.5,118.8,-11.3,"TOR",43.6435,-79.379,-5,2023-12-18,48,43.6435,-79.379,0,1462.10536953275,-5,0,0,0.5,0.809517516741594,0,43.6505838913865,-6.15243902439024,-5.14756097560976,"2023-24"
22300382,"2023-12-22","TOR","PHI","A","L",111,-10,110.6,117.2,-6.6,"PHI",39.9012,-75.172,-5,2023-12-20,48,43.6435,-79.379,337.702164435139,1799.80753396788,-5,0,0,0.5,0.832583993699899,0,44.4194664566633,-6.15243902439024,-0.447560975609756,"2023-24"
22300395,"2023-12-23","TOR","TORUTA","H","L",119,-7,117.4,124.6,-7.2,"TOR",43.6435,-79.379,-5,2023-12-22,24,39.9012,-75.172,337.702164435139,1550.02761948839,-5,0,0,1,0.815999212385487,0,60.5333070795162,-6.15243902439024,-1.04756097560976,"2023-24"
22300416,"2023-12-27","TOR","WAS","A","W",132,30,125.3,98.5,26.8,"WAS",38.8981,-77.021,-5,2023-12-23,96,43.6435,-79.379,350.346567363286,1366.52882063711,-5,0,0,0,0.802014053679474,0,26.7338017893158,-6.15243902439024,32.9524390243902,"2023-24"
22300432,"2023-12-29","TOR","BOS","A","L",118,-2,118.2,120.2,-2,"BOS",42.3662,-71.0621,-5,2023-12-27,48,38.8981,-77.021,394.034709905986,1419.78560613955,-5,0,0,0.5,0.806257464220165,0,43.5419154740055,-6.15243902439024,4.15243902439024,"2023-24"
22300440,"2023-12-30","TOR","DET","A","L",127,-2,120.6,122.2,-1.6,"DET",42.341,-83.0552,-5,2023-12-29,24,42.3662,-71.0621,612.54916751871,2032.33477365826,-5,0,0,1,0.846072626440611,0,61.535754214687,-6.15243902439024,4.55243902439024,"2023-24"
22300452,"2024-01-01","TOR","TORCLE","H","W",124,3,117.4,117,0.4,"TOR",43.6435,-79.379,-5,2023-12-30,48,42.341,-83.0552,206.64203344956,2238.97680710782,-5,0,0,0.5,0.856822961184139,0,45.2274320394713,-6.15243902439024,6.55243902439024,"2023-24"
22300470,"2024-01-03","TOR","MEM","A","W",116,5,113.9,107.4,6.5,"MEM",35.1382,-90.0505,-6,2024-01-01,48,43.6435,-79.379,818.151043446613,3057.12785055443,-5,1,-1,0.5,0.891403386491151,0.285714285714286,55.9039224068479,-6.15243902439024,12.6524390243902,"2023-24"
22300492,"2024-01-05","TOR","SAC","A","L",130,-5,124,122.1,1.9,"SAC",38.5805,-121.4993,-8,2024-01-03,48,35.1382,-90.0505,1748.09294929907,4467.51863541836,-6,2,-1,0.5,0.933527351551319,0.571428571428571,66.8318640993297,-6.15243902439024,8.05243902439024,"2023-24"
22300504,"2024-01-07","TOR","GSW","A","W",133,15,135.5,115,20.5,"GSW",37.768,-122.3877,-8,2024-01-05,48,38.5805,-121.4993,74.1095928928695,4203.92606387609,-8,0,0,0.5,0.926774233551806,0,47.5591411183935,-6.15243902439024,26.6524390243902,"2023-24"
22300516,"2024-01-09","TOR","LAL","A","L",131,-1,122.8,123.5,-0.8,"LAL",34.043,-118.2673,-8,2024-01-07,48,37.768,-122.3877,345.872056985533,4199.45155349834,-8,0,0,0.5,0.926655979138265,0,47.5551993046088,-6.15243902439024,5.35243902439024,"2023-24"
22300526,"2024-01-10","TOR","LAC","A","L",120,-6,120.1,133,-12.9,"LAC",34.043,-118.2673,-8,2024-01-09,24,34.043,-118.2673,0,3805.41684359235,-8,0,0,1,0.915715111077199,0,63.85717036924,-6.15243902439024,-6.74756097560976,"2023-24"
22300540,"2024-01-12","TOR","UTA","A","L",113,-32,110.5,138.8,-28.4,"UTA",40.7683,-111.9011,-7,2024-01-10,48,34.043,-118.2673,581.662923597926,3774.53059967157,-8,1,1,0.5,0.914810179471383,0.428571428571429,61.446053601427,-6.15243902439024,-22.2475609756098,"2023-24"
22300563,"2024-01-15","TOR","TORBOS","H","L",96,-9,93.9,104,-10.1,"TOR",43.6435,-79.379,-5,2024-01-12,72,40.7683,-111.9011,1667.38201441754,5235.27058063955,-7,2,1,0,0.951137877288799,0.714285714285714,55.5141197191504,-6.15243902439024,-3.94756097560976,"2023-24"
22300574,"2024-01-17","TOR","TORMIA","H","W",121,24,127.5,99.7,27.8,"TOR",43.6435,-79.379,-5,2024-01-15,48,43.6435,-79.379,0,4417.11953719294,-5,0,0,0.5,0.932267501229102,0,47.7422500409701,-6.15243902439024,33.9524390243902,"2023-24"
22300580,"2024-01-18","TOR","TORCHI","H","L",110,-6,111.3,114.3,-3,"TOR",43.6435,-79.379,-5,2024-01-17,24,43.6435,-79.379,0,2669.02658789387,-5,0,0,1,0.876329500235632,0,62.5443166745211,-6.15243902439024,3.15243902439024,"2023-24"
22300596,"2024-01-20","TOR","NYK","A","L",100,-26,98.9,121.4,-22.5,"NYK",40.7505,-73.9934,-5,2024-01-18,48,43.6435,-79.379,340.777924403546,2935.69491940455,-5,0,0,0.5,0.886903012903313,0,46.2301004301104,-6.15243902439024,-16.3475609756098,"2023-24"
22300609,"2024-01-22","TOR","TORMEM","H","L",100,-8,106.2,111,-4.8,"TOR",43.6435,-79.379,-5,2024-01-20,48,40.7505,-73.9934,340.777924403546,2930.60078682256,-5,0,0,0.5,0.886710177224894,0,46.2236725741631,-6.15243902439024,1.35243902439024,"2023-24"
22300637,"2024-01-26","TOR","TORLAC","H","L",107,-20,105.2,121.5,-16.2,"TOR",43.6435,-79.379,-5,2024-01-22,96,43.6435,-79.379,0,2930.60078682256,-5,0,0,0,0.886710177224894,0,29.5570059074965,-6.15243902439024,-10.0475609756098,"2023-24"
22300653,"2024-01-28","TOR","ATL","A","L",125,-1,122.5,118.2,4.3,"ATL",33.7573,-84.3963,-5,2024-01-26,48,43.6435,-79.379,735.146378587531,3084.08424181217,-5,0,0,0.5,0.892378147292616,0,46.4126049097539,-6.15243902439024,10.4524390243902,"2023-24"
22300672,"2024-01-30","TOR","CHI","A","W",118,11,114.8,106.1,8.7,"CHI",41.8807,-87.6742,-6,2024-01-28,48,33.7573,-84.3963,589.627717454543,2006.32994484917,-5,1,-1,0.5,0.844642955114748,0.285714285714286,54.3452413609678,-6.15243902439024,14.8524390243902,"2023-24"
22300692,"2024-02-02","TOR","HOU","A","L",106,-29,100.2,124.4,-24.3,"HOU",29.7508,-95.3621,-6,2024-01-30,72,41.8807,-87.6742,942.365685800696,2948.69563064986,-6,0,0,0,0.887393635754989,0,29.5797878584996,-6.15243902439024,-18.1475609756098,"2023-24"
22300710,"2024-02-04","TOR","OKC","A","L",127,-8,114.2,122.1,-8,"OKC",35.4634,-97.5151,-6,2024-02-02,48,29.7508,-95.3621,414.546451737578,3363.24208238744,-6,0,0,0.5,0.901999495963036,0,46.7333165321012,-6.15243902439024,-1.84756097560976,"2023-24"
22300718,"2024-02-05","TOR","NOP","A","L",100,-38,101.4,138.4,-37,"NOP",29.949,-90.0822,-6,2024-02-04,24,35.4634,-97.5151,576.417654431289,3598.88181241518,-6,0,0,1,0.909518786694053,0,63.6506262231351,-6.15243902439024,-30.8475609756098,"2023-24"
22300726,"2024-02-07","TOR","CHA","A","W",123,6,128.7,117.2,11.5,"CHA",35.2251,-80.8392,-5,2024-02-05,48,29.949,-90.0822,650.188516033024,3908.29240404466,-6,1,1,0.5,0.918677152484097,0.428571428571429,61.5749527018508,-6.15243902439024,17.6524390243902,"2023-24"
22300744,"2024-02-09","TOR","TORHOU","H","W",107,3,107.7,101.9,5.8,"TOR",43.6435,-79.379,-5,2024-02-07,48,35.2251,-80.8392,587.482078914637,4495.7744829593,-5,0,0,0.5,0.934227474495448,0,47.8075824831816,-6.15243902439024,11.9524390243902,"2023-24"
22300756,"2024-02-10","TOR","TORCLE","H","L",95,-24,98.8,125.6,-26.8,"TOR",43.6435,-79.379,-5,2024-02-09,24,43.6435,-79.379,0,3760.62810437177,-5,0,0,1,0.914400433571402,0,63.8133477857134,-6.15243902439024,-20.6475609756098,"2023-24"
22300764,"2024-02-12","TOR","TORSAS","H","L",99,-23,91.6,109.8,-18.2,"TOR",43.6435,-79.379,-5,2024-02-10,48,43.6435,-79.379,0,3171.00038691722,-5,0,0,0.5,0.89546407245696,0,46.5154690818987,-6.15243902439024,-12.0475609756098,"2023-24"
22300782,"2024-02-14","TOR","TORIND","H","L",125,-2,114.2,119.7,-5.5,"TOR",43.6435,-79.379,-5,2024-02-12,48,43.6435,-79.379,0,2228.63470111653,-5,0,0,0.5,0.85630895421196,0,45.210298473732,-6.15243902439024,0.652439024390244,"2023-24"
22300795,"2024-02-22","TOR","TORBKN","H","W",121,28,119.6,89.7,29.9,"TOR",43.6435,-79.379,-5,2024-02-14,192,43.6435,-79.379,0,1814.08824937895,-5,0,0,0,0.833461328476928,0,27.7820442825643,-6.15243902439024,36.0524390243902,"2023-24"
22300804,"2024-02-23","TOR","ATL","A","W",123,2,115.5,114.6,0.8,"ATL",33.7573,-84.3963,-5,2024-02-22,24,43.6435,-79.379,735.146378587531,1972.81697353519,-5,0,0,1,0.842772944741793,0,61.4257648247264,-6.15243902439024,6.95243902439024,"2023-24"
22300829,"2024-02-26","TOR","IND","A","W",130,8,125.6,113.9,11.7,"IND",39.7639,-86.1555,-5,2024-02-23,72,33.7573,-84.3963,426.738163666341,1749.36662116851,-5,0,0,0,0.829428486304255,0,27.6476162101418,-6.15243902439024,17.8524390243902,"2023-24"
22300844,"2024-02-28","TOR","TORDAL","H","L",125,-11,112.4,123.4,-11,"TOR",43.6435,-79.379,-5,2024-02-26,48,39.7639,-86.1555,440.75236982524,1602.63691207911,-5,0,0,0.5,0.819704130142768,0,43.9901376714256,-6.15243902439024,-4.84756097560976,"2023-24"
22300860,"2024-03-01","TOR","TORGSW","H","L",105,-15,99.5,114.4,-14.8,"TOR",43.6435,-79.379,-5,2024-02-28,48,43.6435,-79.379,0,1602.63691207911,-5,0,0,0.5,0.819704130142768,0,43.9901376714256,-6.15243902439024,-8.64756097560976,"2023-24"
22300875,"2024-03-03","TOR","TORCHA","H","W",111,5,106.8,100.9,5.9,"TOR",43.6435,-79.379,-5,2024-03-01,48,43.6435,-79.379,0,1602.63691207911,-5,0,0,0.5,0.819704130142768,0,43.9901376714256,-6.15243902439024,12.0524390243902,"2023-24"
22300890,"2024-03-05","TOR","TORNOP","H","L",98,-41,94.5,133.9,-39.3,"TOR",43.6435,-79.379,-5,2024-03-03,48,43.6435,-79.379,0,1602.63691207911,-5,0,0,0.5,0.819704130142768,0,43.9901376714256,-6.15243902439024,-33.1475609756097,"2023-24"
22300905,"2024-03-07","TOR","PHX","A","L",113,-7,112.3,119,-6.7,"PHX",33.4457,-112.0712,-7,2024-03-05,48,43.6435,-79.379,1888.96235767448,3491.5992697536,-5,2,-1,0.5,0.906158370840175,0.571428571428571,65.9195647422916,-6.15243902439024,-0.547560975609756,"2023-24"
22300923,"2024-03-09","TOR","POR","A","L",118,-10,106.9,120.1,-13.2,"POR",45.5316,-122.6668,-8,2024-03-07,48,33.4457,-112.0712,1007.38726543148,3763.84015659755,-7,1,-1,0.5,0.914495236208232,0.285714285714286,56.6736507307506,-6.15243902439024,-7.04756097560976,"2023-24"
22300937,"2024-03-11","TOR","DEN","A","L",119,-6,117.3,123.9,-6.6,"DEN",39.7487,-105.0077,-7,2024-03-09,48,45.5316,-122.6668,980.83797616504,4317.93996909625,-8,1,1,0.5,0.929745736294789,0.428571428571429,61.9439054955406,-6.15243902439024,-0.447560975609756,"2023-24"
22300946,"2024-03-13","TOR","DET","A","L",104,-9,95.1,100.3,-5.2,"DET",42.341,-83.0552,-5,2024-03-11,48,39.7487,-105.0077,1155.85598629609,5033.04358556709,-7,2,1,0.5,0.946763254976424,0.714285714285714,72.0349656420713,-6.15243902439024,0.952439024390244,"2023-24"
22300963,"2024-03-15","TOR","TORORL","H","L",103,-10,106.4,114.5,-8.1,"TOR",43.6435,-79.379,-5,2024-03-13,48,42.341,-83.0552,206.64203344956,5239.68561901665,-5,0,0,0.5,0.951231488617055,0,48.3743829539018,-6.15243902439024,-1.94756097560976,"2023-24"
22300979,"2024-03-17","TOR","ORL","A","L",96,-15,98.4,112.3,-14,"ORL",28.5392,-81.3839,-5,2024-03-15,48,43.6435,-79.379,1050.68058138074,6290.36620039739,-5,0,0,0.5,0.971526961702186,0,49.0508987234062,-6.15243902439024,-7.84756097560976,"2023-24"
22300999,"2024-03-20","TOR","TORSAC","H","L",89,-34,90,124.3,-34.4,"TOR",43.6435,-79.379,-5,2024-03-17,72,28.5392,-81.3839,1050.68058138074,7341.04678177813,-5,0,0,0,0.988680635970491,0,32.9560211990164,-6.15243902439024,-28.2475609756098,"2023-24"
22301012,"2024-03-22","TOR","TOROKC","H","L",103,-20,97.6,115.6,-18,"TOR",43.6435,-79.379,-5,2024-03-20,48,43.6435,-79.379,0,5452.08442410364,-5,0,0,0.5,0.955644218810574,0,48.5214739603525,-6.15243902439024,-11.8475609756098,"2023-24"
22301022,"2024-03-23","TOR","WAS","A","L",109,-3,104.4,109.4,-5.1,"WAS",38.8981,-77.021,-5,2024-03-22,24,43.6435,-79.379,350.346567363286,4795.04372603544,-5,0,0,1,0.94138386246734,0,64.712795415578,-6.15243902439024,1.05243902439024,"2023-24"
22301036,"2024-03-25","TOR","TORBKN","H","L",88,-8,95.4,103.3,-8,"TOR",43.6435,-79.379,-5,2024-03-23,48,38.8981,-77.021,350.346567363286,4164.55231723369,-5,0,0,0.5,0.925729299953155,0,47.5243099984385,-6.15243902439024,-1.84756097560976,"2023-24"
22301053,"2024-03-27","TOR","TORNYK","H","L",101,-44,104.4,149.4,-45,"TOR",43.6435,-79.379,-5,2024-03-25,48,43.6435,-79.379,0,3008.69633093761,-5,0,0,0.5,0.889630285969636,0,46.3210095323212,-6.15243902439024,-38.8475609756098,"2023-24"
22301080,"2024-03-31","TOR","TORPHI","H","L",120,-15,115.6,139.1,-23.5,"TOR",43.6435,-79.379,-5,2024-03-27,96,43.6435,-79.379,0,2802.05429748804,-5,0,0,0,0.881729886441658,0,29.3909962147219,-6.15243902439024,-17.3475609756098,"2023-24"
22301094,"2024-04-02","TOR","TORLAL","H","L",111,-17,100.7,118.2,-17.5,"TOR",43.6435,-79.379,-5,2024-03-31,48,43.6435,-79.379,0,1751.37371610731,-5,0,0,0.5,0.829555774768519,0,44.3185258256173,-6.15243902439024,-11.3475609756098,"2023-24"
22301108,"2024-04-03","TOR","MIN","A","L",85,-48,79.3,125.9,-46.5,"MIN",44.9795,-93.276,-6,2024-04-02,24,43.6435,-79.379,693.140593045716,1393.83372777229,-5,1,-1,1,0.804209906352944,0.285714285714286,69.6641397355743,-6.15243902439024,-40.3475609756098,"2023-24"
22301122,"2024-04-05","TOR","MIL","A","W",117,6,113.8,106.5,7.3,"MIL",43.045,-87.917,-6,2024-04-03,48,44.9795,-93.276,298.207114718261,1692.04084249055,-6,0,0,0.5,0.825729943064409,0,44.1909981021469,-6.15243902439024,13.4524390243902,"2023-24"
22301137,"2024-04-07","TOR","TORWAS","H","W",130,8,113.7,111.7,2,"TOR",43.6435,-79.379,-5,2024-04-05,48,43.045,-87.917,431.292807997474,1772.98708312474,-6,1,1,0.5,0.830917313965579,0.428571428571429,58.6496247512336,-6.15243902439024,8.15243902439024,"2023-24"
22301146,"2024-04-09","TOR","TORIND","H","L",123,-17,114.4,129.5,-15.1,"TOR",43.6435,-79.379,-5,2024-04-07,48,43.6435,-79.379,0,1422.64051576145,-5,0,0,0.5,0.80648042418074,0,43.5493474726913,-6.15243902439024,-8.94756097560976,"2023-24"
22301160,"2024-04-10","TOR","BKN","A","L",102,-4,105.2,108.7,-3.4,"BKN",40.6826,-73.9754,-5,2024-04-09,24,43.6435,-79.379,344.413109831946,1767.0536255934,-5,0,0,1,0.830545193356295,0,61.0181731118765,-6.15243902439024,2.75243902439024,"2023-24"
22301176,"2024-04-12","TOR","MIA","A","L",103,-22,106.5,128.7,-22.2,"MIA",25.7814,-80.187,-5,2024-04-10,48,40.6826,-73.9754,1090.80579591557,2857.85942150896,-5,0,0,0.5,0.883919431675114,0,46.1306477225038,-6.15243902439024,-16.0475609756098,"2023-24"
22301189,"2024-04-14","TOR","MIA","A","L",103,-15,97.9,116.4,-18.5,"MIA",25.7814,-80.187,-5,2024-04-12,48,25.7814,-80.187,0,2857.85942150896,-5,0,0,0.5,0.883919431675114,0,46.1306477225038,-6.15243902439024,-12.3475609756098,"2023-24"
22300072,"2023-10-25","UTA","UTASAC","H","L",114,-16,111.1,120.6,-9.5,"UTA",40.7683,-111.9011,-7,NA,NA,NA,NA,0,NA,NA,0,0,0,0,0,0,-5.78170731707317,-3.71829268292683,"2023-24"
22300085,"2023-10-27","UTA","UTALAC","H","W",120,2,116.9,118.8,-1.9,"UTA",40.7683,-111.9011,-7,2023-10-25,48,40.7683,-111.9011,0,NA,-7,0,0,0.5,0,0,16.6666666666667,-5.78170731707317,3.88170731707317,"2023-24"
22300094,"2023-10-28","UTA","PHX","A","L",104,-22,102.8,124.4,-21.6,"PHX",33.4457,-112.0712,-7,2023-10-27,24,40.7683,-111.9011,506.597396462442,NA,-7,0,0,1,0,0,33.3333333333333,-5.78170731707317,-15.8182926829268,"2023-24"
22300110,"2023-10-30","UTA","DEN","A","L",102,-8,101.4,112.8,-11.5,"DEN",39.7487,-105.0077,-7,2023-10-28,48,33.4457,-112.0712,586.063055747443,NA,-7,0,0,0.5,0,0,16.6666666666667,-5.78170731707317,-5.71829268292683,"2023-24"
22300125,"2023-11-01","UTA","UTAMEM","H","W",133,24,122.5,97.3,25.3,"UTA",40.7683,-111.9011,-7,2023-10-30,48,39.7487,-105.0077,370.547576134278,NA,-7,0,0,0.5,0,0,16.6666666666667,-5.78170731707317,31.0817073170732,"2023-24"
22300130,"2023-11-02","UTA","UTAORL","H","L",113,-2,105.2,106.6,-1.5,"UTA",40.7683,-111.9011,-7,2023-11-01,24,40.7683,-111.9011,0,NA,-7,0,0,1,0,0,33.3333333333333,-5.78170731707317,4.28170731707317,"2023-24"
22300138,"2023-11-04","UTA","MIN","A","L",95,-28,95.5,127.3,-31.8,"MIN",44.9795,-93.276,-6,2023-11-02,48,40.7683,-111.9011,985.481760291747,2448.68978863591,-7,1,1,0.5,0.866763321162043,0.428571428571429,59.8444916577824,-5.78170731707317,-26.0182926829268,"2023-24"
22300152,"2023-11-06","UTA","CHI","A","L",113,-17,113.6,130.8,-17.2,"CHI",41.8807,-87.6742,-6,2023-11-04,48,44.9795,-93.276,353.590586589299,2802.28037522521,-6,0,0,0.5,0.881738844374566,0,46.0579614791522,-5.78170731707317,-11.4182926829268,"2023-24"
22300158,"2023-11-08","UTA","IND","A","L",118,-16,107.4,124.3,-17,"IND",39.7639,-86.1555,-5,2023-11-06,48,41.8807,-87.6742,166.601746714283,2968.88212193949,-6,1,1,0.5,0.888151167470256,0.428571428571429,60.5574198680562,-5.78170731707317,-11.2182926829268,"2023-24"
22300012,"2023-11-10","UTA","MEM","A","W",127,6,124.8,116.7,8.1,"MEM",35.1382,-90.0505,-6,2023-11-08,48,39.7639,-86.1555,384.771173161429,2847.05589863848,-5,1,-1,0.5,0.883498905035226,0.285714285714286,55.6404396916504,-5.78170731707317,13.8817073170732,"2023-24"
22300023,"2023-11-14","UTA","UTAPOR","H","W",115,16,116.6,98.2,18.4,"UTA",40.7683,-111.9011,-7,2023-11-10,96,35.1382,-90.0505,1249.88289430879,3510.87573719983,-6,1,-1,0,0.906769709671975,0.285714285714286,39.7494665128754,-5.78170731707317,24.1817073170732,"2023-24"
22300035,"2023-11-17","UTA","UTAPHX","H","L",128,-3,132.5,129.1,3.3,"UTA",40.7683,-111.9011,-7,2023-11-14,72,40.7683,-111.9011,0,3140.32816106555,-7,0,0,0,0.894384829192891,0,29.812827639763,-5.78170731707317,9.08170731707317,"2023-24"
22300214,"2023-11-19","UTA","UTAPHX","H","L",137,-3,113.1,116.2,-3.1,"UTA",40.7683,-111.9011,-7,2023-11-17,48,40.7683,-111.9011,0,3140.32816106555,-7,0,0,0.5,0.894384829192891,0,46.4794943064297,-5.78170731707317,2.68170731707317,"2023-24"
22300042,"2023-11-21","UTA","LAL","A","L",99,-32,93.4,126.1,-32.7,"LAL",34.043,-118.2673,-8,2023-11-19,48,40.7683,-111.9011,581.662923597926,2736.50932437173,-7,1,-1,0.5,0.879101829737341,0.285714285714286,55.4938705150542,-5.78170731707317,-26.9182926829268,"2023-24"
22300237,"2023-11-22","UTA","POR","A","L",105,-16,104.5,122.7,-18.2,"POR",45.5316,-122.6668,-8,2023-11-21,24,34.043,-118.2673,828.020463382259,3210.93920116469,-8,0,0,1,0.896853836565168,0,63.2284612188389,-5.78170731707317,-12.4182926829268,"2023-24"
22300243,"2023-11-25","UTA","UTANOP","H","W",105,5,100.5,99.1,1.4,"UTA",40.7683,-111.9011,-7,2023-11-22,72,45.5316,-122.6668,634.582909588459,3678.92036403886,-8,1,1,0,0.911961239442464,0.428571428571429,44.6844222671297,-5.78170731707317,7.18170731707317,"2023-24"
22300256,"2023-11-27","UTA","UTANOP","H","W",114,2,112.5,116.7,-4.2,"UTA",40.7683,-111.9011,-7,2023-11-25,48,40.7683,-111.9011,0,3294.14919087743,-7,0,0,0.5,0.899694641823727,0,46.6564880607909,-5.78170731707317,1.58170731707317,"2023-24"
22300261,"2023-11-29","UTA","MEM","A","L",91,-14,89.8,109.9,-20.1,"MEM",35.1382,-90.0505,-6,2023-11-27,48,40.7683,-111.9011,1249.88289430879,3294.14919087743,-7,1,1,0.5,0.899694641823727,0.428571428571429,60.9422023465052,-5.78170731707317,-14.3182926829268,"2023-24"
22300270,"2023-11-30","UTA","MIN","A","L",90,-11,89,104.4,-15.5,"MIN",44.9795,-93.276,-6,2023-11-29,24,35.1382,-90.0505,701.661510171567,3995.810701049,-6,0,0,1,0.921136291905318,0,64.0378763968439,-5.78170731707317,-9.71829268292683,"2023-24"
22300289,"2023-12-02","UTA","UTAPOR","H","W",118,5,110.7,105.7,5,"UTA",40.7683,-111.9011,-7,2023-11-30,48,44.9795,-93.276,985.481760291747,4981.29246134075,-6,1,-1,0.5,0.945615514246695,0.285714285714286,57.7109933320327,-5.78170731707317,10.7817073170732,"2023-24"
22301213,"2023-12-06","UTA","DAL","A","L",97,-50,94.2,138.2,-44,"DAL",32.7905,-96.8103,-6,2023-12-02,96,40.7683,-111.9011,999.519352579207,5399.14889032203,-7,1,1,0,0.954560739485781,0.428571428571429,46.104405601907,-5.78170731707317,-38.2182926829268,"2023-24"
22301225,"2023-12-08","UTA","UTALAC","H","L",103,-14,100.4,116.7,-16.3,"UTA",40.7683,-111.9011,-7,2023-12-06,48,32.7905,-96.8103,999.519352579207,5570.64777951898,-6,1,-1,0.5,0.958033285116726,0.285714285714286,58.1249190277004,-5.78170731707317,-10.5182926829268,"2023-24"
22300302,"2023-12-11","UTA","OKC","A","L",120,-14,109.8,123.5,-13.7,"OKC",35.4634,-97.5151,-6,2023-12-08,72,40.7683,-111.9011,863.196266259148,5799.26113618966,-7,1,1,0,0.962499666154894,0.428571428571429,46.3690364908774,-5.78170731707317,-7.91829268292683,"2023-24"
22300318,"2023-12-13","UTA","UTANYK","H","W",117,4,108.1,107.5,0.6,"UTA",40.7683,-111.9011,-7,2023-12-11,48,35.4634,-97.5151,863.196266259148,6662.45740244881,-6,1,-1,0.5,0.977909102681526,0.285714285714286,58.7874462798604,-5.78170731707317,6.38170731707317,"2023-24"
22300323,"2023-12-14","UTA","POR","A","W",122,8,126.9,113,13.9,"POR",45.5316,-122.6668,-8,2023-12-13,24,40.7683,-111.9011,634.582909588459,6047.15741772848,-7,1,-1,1,0.967148050541372,0.285714285714286,75.0954112085219,-5.78170731707317,19.6817073170732,"2023-24"
22300342,"2023-12-16","UTA","SAC","A","L",104,-21,104.8,123,-18.2,"SAC",38.5805,-121.4993,-8,2023-12-14,48,45.5316,-122.6668,484.522481968318,5830.01838952523,-8,0,0,0.5,0.963087088004308,0,48.7695696001436,-5.78170731707317,-12.4182926829268,"2023-24"
22300357,"2023-12-18","UTA","UTABKN","H","W",125,17,120.7,106.1,14.6,"UTA",40.7683,-111.9011,-7,2023-12-16,48,38.5805,-121.4993,532.618318901091,5377.15494813458,-8,1,1,0.5,0.954107443068076,0.428571428571429,62.7559623879835,-5.78170731707317,20.3817073170732,"2023-24"
22300364,"2023-12-20","UTA","CLE","A","L",116,-8,115.6,122.7,-7.1,"CLE",41.4965,-81.6882,-5,2023-12-18,48,40.7683,-111.9011,1566.82998153761,5944.46557709298,-7,2,1,0.5,0.965245986280799,0.714285714285714,72.6510566855505,-5.78170731707317,-1.31829268292683,"2023-24"
22300374,"2023-12-21","UTA","DET","A","W",119,8,116,107.4,8.6,"DET",42.341,-83.0552,-5,2023-12-20,24,41.4965,-81.6882,91.4453758859851,5036.39160039976,-5,0,0,1,0.946837100649671,0,64.8945700216557,-5.78170731707317,14.3817073170732,"2023-24"
22300395,"2023-12-23","UTA","TOR","A","W",126,7,124.6,117.4,7.2,"TOR",43.6435,-79.379,-5,2023-12-21,48,42.341,-83.0552,206.64203344956,4379.83736759017,-5,0,0,0.5,0.931326258545739,0,47.710875284858,-5.78170731707317,12.9817073170732,"2023-24"
22300412,"2023-12-26","UTA","SAS","A","W",130,12,123,114.3,8.7,"SAS",29.427,-98.4375,-6,2023-12-23,72,43.6435,-79.379,1438.75067713614,4955.39177846716,-5,1,-1,0,0.945036602540148,0.285714285714286,41.0250296084811,-5.78170731707317,14.4817073170732,"2023-24"
22300424,"2023-12-28","UTA","NOP","A","L",105,-7,107.1,114.8,-7.6,"NOP",29.949,-90.0822,-6,2023-12-26,48,29.427,-98.4375,503.264197230828,4824.07306610953,-6,0,0,0.5,0.942054120490792,0,48.0684706830264,-5.78170731707317,-1.81829268292683,"2023-24"
22300439,"2023-12-30","UTA","UTAMIA","H","W",117,8,110,105.2,4.8,"UTA",40.7683,-111.9011,-7,2023-12-28,48,29.949,-90.0822,1434.41289857566,5773.96348271686,-6,1,-1,0.5,0.962014175884674,0.285714285714286,58.257615386632,-5.78170731707317,10.5817073170732,"2023-24"
22300457,"2024-01-01","UTA","UTADAL","H","W",127,37,115.5,85.4,30.1,"UTA",40.7683,-111.9011,-7,2023-12-30,48,40.7683,-111.9011,0,5241.34516381577,-7,0,0,0.5,0.951266655279297,0,48.3755551759766,-5.78170731707317,35.8817073170732,"2023-24"
22300474,"2024-01-03","UTA","UTADET","H","W",154,6,133.4,127.9,5.5,"UTA",40.7683,-111.9011,-7,2024-01-01,48,40.7683,-111.9011,0,3674.51518227816,-7,0,0,0.5,0.911828198743711,0,47.0609399581237,-5.78170731707317,11.2817073170732,"2023-24"
22300479,"2024-01-05","UTA","BOS","A","L",97,-29,87.4,113.7,-26.3,"BOS",42.3662,-71.0621,-5,2024-01-03,48,40.7683,-111.9011,2095.97954650453,5679.0493528967,-7,2,1,0.5,0.960173512994706,0.714285714285714,72.4819742426807,-5.78170731707317,-20.5182926829268,"2023-24"
22300495,"2024-01-06","UTA","PHI","A","W",120,11,113.7,103.7,10,"PHI",39.9012,-75.172,-5,2024-01-05,24,42.3662,-71.0621,273.654490118229,5746.06180956537,-5,0,0,1,0.961476239030675,0,65.3825413010225,-5.78170731707317,15.7817073170732,"2023-24"
22300510,"2024-01-08","UTA","MIL","A","W",132,16,131.1,115.6,15.5,"MIL",43.045,-87.917,-6,2024-01-06,48,39.9012,-75.172,694.5833858058,5001.89451823504,-5,1,-1,0.5,0.946073850303237,0.285714285714286,57.7262712005841,-5.78170731707317,21.2817073170732,"2023-24"
22300524,"2024-01-10","UTA","UTADEN","H","W",124,13,120.2,109.6,10.7,"UTA",40.7683,-111.9011,-7,2024-01-08,48,43.045,-87.917,1240.38795280727,5739.01827381148,-6,1,-1,0.5,0.961340028665827,0.285714285714286,58.2351438126704,-5.78170731707317,16.4817073170732,"2023-24"
22300540,"2024-01-12","UTA","UTATOR","H","W",145,32,138.8,110.5,28.4,"UTA",40.7683,-111.9011,-7,2024-01-10,48,40.7683,-111.9011,0,4304.60537523582,-7,0,0,0.5,0.92940227883309,0,47.6467426277697,-5.78170731707317,34.1817073170732,"2023-24"
22300549,"2024-01-13","UTA","UTALAL","H","W",132,7,123.2,116.2,7,"UTA",40.7683,-111.9011,-7,2024-01-12,24,40.7683,-111.9011,0,4304.60537523582,-7,0,0,1,0.92940227883309,0,64.3134092944363,-5.78170731707317,12.7817073170732,"2023-24"
22300564,"2024-01-15","UTA","UTAIND","H","W",132,27,130.2,102.9,27.2,"UTA",40.7683,-111.9011,-7,2024-01-13,48,40.7683,-111.9011,0,4304.60537523582,-7,0,0,0.5,0.92940227883309,0,47.6467426277697,-5.78170731707317,32.9817073170732,"2023-24"
22300581,"2024-01-18","UTA","UTAOKC","H","L",129,-5,118.5,124.9,-6.3,"UTA",40.7683,-111.9011,-7,2024-01-15,72,40.7683,-111.9011,0,2208.6258287313,-7,0,0,0,0.855307700938577,0,28.5102566979526,-5.78170731707317,-0.518292682926829,"2023-24"
22300598,"2024-01-20","UTA","HOU","A","L",126,-1,108.9,114.7,-5.8,"HOU",29.7508,-95.3621,-6,2024-01-18,48,40.7683,-111.9011,1201.92942622791,3136.90076484098,-7,1,1,0.5,0.894263577707523,0.428571428571429,60.761166875965,-5.78170731707317,-0.0182926829268286,"2023-24"
22300616,"2024-01-23","UTA","NOP","A","L",124,-29,114.7,142.2,-27.5,"NOP",29.949,-90.0822,-6,2024-01-20,72,29.7508,-95.3621,317.031598851148,2759.34897788633,-6,0,0,0,0.880024672040209,0,29.3341557346736,-5.78170731707317,-21.7182926829268,"2023-24"
22300628,"2024-01-25","UTA","WAS","A","W",123,15,116.8,105.1,11.8,"WAS",38.8981,-77.021,-5,2024-01-23,48,29.949,-90.0822,966.991916304761,2485.95294138382,-6,1,1,0.5,0.868440136254478,0.428571428571429,59.9003854941969,-5.78170731707317,17.5817073170732,"2023-24"
22300647,"2024-01-27","UTA","CHA","A","W",134,12,134.7,119.3,15.4,"CHA",35.2251,-80.8392,-5,2024-01-25,48,38.8981,-77.021,330.029445741506,2815.98238712533,-5,0,0,0.5,0.882280418126375,0,46.0760139375458,-5.78170731707317,21.1817073170732,"2023-24"
22300660,"2024-01-29","UTA","BKN","A","L",114,-33,107.6,138.2,-30.6,"BKN",40.6826,-73.9754,-5,2024-01-27,48,35.2251,-80.8392,531.310885808577,3347.29327293391,-5,0,0,0.5,0.901471693360213,0,46.7157231120071,-5.78170731707317,-24.8182926829268,"2023-24"
22300671,"2024-01-30","UTA","NYK","A","L",103,-15,110.2,125.6,-15.5,"NYK",40.7505,-73.9934,-5,2024-01-29,24,40.6826,-73.9754,4.79057381509804,3352.083846749,-5,0,0,1,0.901630494121068,0,63.3876831373689,-5.78170731707317,-9.71829268292683,"2023-24"
22300686,"2024-02-01","UTA","UTAPHI","H","L",124,-3,125.3,129.3,-4,"UTA",40.7683,-111.9011,-7,2024-01-30,48,40.7505,-73.9934,1970.33986108402,5322.42370783302,-5,2,-1,0.5,0.952971333399307,0.571428571428571,67.479996827596,-5.78170731707317,1.78170731707317,"2023-24"
22300711,"2024-02-04","UTA","UTAMIL","H","W",123,15,118.8,108,10.8,"UTA",40.7683,-111.9011,-7,2024-02-01,72,40.7683,-111.9011,0,4120.49428160511,-7,0,0,0,0.924548276647485,0,30.8182758882495,-5.78170731707317,16.5817073170732,"2023-24"
22300724,"2024-02-06","UTA","UTAOKC","H","W",124,7,124.2,117.1,7.2,"UTA",40.7683,-111.9011,-7,2024-02-04,48,40.7683,-111.9011,0,3803.46268275396,-7,0,0,0.5,0.915658074363473,0,47.1886024787824,-5.78170731707317,12.9817073170732,"2023-24"
22300739,"2024-02-08","UTA","PHX","A","L",115,-14,111,126.4,-15.5,"PHX",33.4457,-112.0712,-7,2024-02-06,48,40.7683,-111.9011,506.597396462442,3343.06816291164,-7,0,0,0.5,0.901331448252815,0,46.7110482750938,-5.78170731707317,-9.71829268292683,"2023-24"
22300769,"2024-02-12","UTA","UTAGSW","H","L",107,-22,99,118.9,-19.9,"UTA",40.7683,-111.9011,-7,2024-02-08,96,33.4457,-112.0712,506.597396462442,3519.63611363258,-7,0,0,0,0.907046430308023,0,30.2348810102674,-5.78170731707317,-14.1182926829268,"2023-24"
22300788,"2024-02-14","UTA","UTALAL","H","L",122,-16,116.5,129.5,-13,"UTA",40.7683,-111.9011,-7,2024-02-12,48,40.7683,-111.9011,0,2988.325227824,-7,0,0,0.5,0.88887594999343,0,46.295864999781,-5.78170731707317,-7.21829268292683,"2023-24"
22300576,"2024-02-15","UTA","UTAGSW","H","L",137,-3,129.1,134.2,-5.1,"UTA",40.7683,-111.9011,-7,2024-02-14,24,40.7683,-111.9011,0,2983.5346540089,-7,0,0,1,0.888697809920968,0,62.9565936640323,-5.78170731707317,0.681707317073172,"2023-24"
22300801,"2024-02-22","UTA","UTACHA","H","L",107,-8,105,115.4,-10.3,"UTA",40.7683,-111.9011,-7,2024-02-15,168,40.7683,-111.9011,0,1013.19479292488,-7,0,0,0,0.768813909444162,0,25.6271303148054,-5.78170731707317,-4.51829268292683,"2023-24"
22300825,"2024-02-25","UTA","UTASAS","H","W",128,19,114.6,99.7,14.9,"UTA",40.7683,-111.9011,-7,2024-02-22,72,40.7683,-111.9011,0,1013.19479292488,-7,0,0,0,0.768813909444162,0,25.6271303148054,-5.78170731707317,20.6817073170732,"2023-24"
22300835,"2024-02-27","UTA","ATL","A","L",97,-27,89.5,116.8,-27.3,"ATL",33.7573,-84.3963,-5,2024-02-25,48,40.7683,-111.9011,1582.3054912587,2595.50028418358,-7,2,1,0.5,0.873227972457892,0.714285714285714,69.5837895581202,-5.78170731707317,-21.5182926829268,"2023-24"
22300850,"2024-02-29","UTA","ORL","A","L",107,-8,108.8,120.2,-11.4,"ORL",28.5392,-81.3839,-5,2024-02-27,48,33.7573,-84.3963,402.531616952204,2491.43450467334,-5,0,0,0.5,0.868684680650684,0,45.6228226883561,-5.78170731707317,-5.61829268292683,"2023-24"
22300867,"2024-03-02","UTA","MIA","A","L",120,-6,123.2,129.9,-6.7,"MIA",25.7814,-80.187,-5,2024-02-29,48,28.5392,-81.3839,204.482996041861,2189.32010425276,-5,0,0,0.5,0.854333001809131,0,45.1444333936377,-5.78170731707317,-0.918292682926829,"2023-24"
22300882,"2024-03-04","UTA","UTAWAS","H","W",127,12,115.9,105.4,10.5,"UTA",40.7683,-111.9011,-7,2024-03-02,48,25.7814,-80.187,2089.90839023042,4279.22849448318,-5,2,-1,0.5,0.928745701251742,0.571428571428571,66.6724757560104,-5.78170731707317,16.2817073170732,"2023-24"
22300898,"2024-03-06","UTA","UTACHI","H","L",117,-2,118.1,120.7,-2.6,"UTA",40.7683,-111.9011,-7,2024-03-04,48,40.7683,-111.9011,0,4279.22849448318,-7,0,0,0.5,0.928745701251742,0,47.6248567083914,-5.78170731707317,3.18170731707317,"2023-24"
22300922,"2024-03-09","UTA","DEN","A","L",121,-21,114.2,143.4,-29.2,"DEN",39.7487,-105.0077,-7,2024-03-06,72,40.7683,-111.9011,370.547576134278,4649.77607061746,-7,0,0,0,0.937967636743302,0,31.2655878914434,-5.78170731707317,-23.4182926829268,"2023-24"
22300943,"2024-03-12","UTA","UTABOS","H","L",107,-16,116.5,129,-12.5,"UTA",40.7683,-111.9011,-7,2024-03-09,72,39.7487,-105.0077,370.547576134278,5020.32364675173,-7,0,0,0,0.946482248489866,0,31.5494082829955,-5.78170731707317,-6.71829268292683,"2023-24"
22300966,"2024-03-15","UTA","UTAATL","H","W",124,2,121.8,119.7,2.1,"UTA",40.7683,-111.9011,-7,2024-03-12,72,40.7683,-111.9011,0,3438.01815549304,-7,0,0,0,0.904441194747461,0,30.1480398249154,-5.78170731707317,7.88170731707317,"2023-24"
22300974,"2024-03-16","UTA","UTAMIN","H","L",100,-19,101.8,117.1,-15.3,"UTA",40.7683,-111.9011,-7,2024-03-15,24,40.7683,-111.9011,0,3035.48653854084,-7,0,0,1,0.890614584122087,0,63.0204861374029,-5.78170731707317,-9.51829268292683,"2023-24"
22300987,"2024-03-18","UTA","UTAMIN","H","L",104,-10,111.6,122.2,-10.6,"UTA",40.7683,-111.9011,-7,2024-03-16,48,40.7683,-111.9011,0,2831.00354249897,-7,0,0,0.5,0.8828711125841,0,46.0957037528033,-5.78170731707317,-4.81829268292683,"2023-24"
22301000,"2024-03-20","UTA","OKC","A","L",107,-12,104,118.1,-14.1,"OKC",35.4634,-97.5151,-6,2024-03-18,48,40.7683,-111.9011,863.196266259148,1604.2914185277,-7,1,1,0.5,0.819818664956085,0.428571428571429,58.2796697842505,-5.78170731707317,-8.31829268292683,"2023-24"
22301008,"2024-03-21","UTA","DAL","A","L",97,-16,92.9,112.6,-19.7,"DAL",32.7905,-96.8103,-6,2024-03-20,24,35.4634,-97.5151,189.238198321435,1793.52961684914,-6,0,0,1,0.832196106521741,0,61.0732035507247,-5.78170731707317,-13.9182926829268,"2023-24"
22301024,"2024-03-23","UTA","HOU","A","L",119,-28,117.2,146.8,-29.5,"HOU",29.7508,-95.3621,-6,2024-03-21,48,32.7905,-96.8103,227.015224148548,1649.99726486341,-6,0,0,0.5,0.822936882463358,0,44.0978960821119,-5.78170731707317,-23.7182926829268,"2023-24"
22301041,"2024-03-25","UTA","UTADAL","H","L",105,-10,106.4,119.9,-13.5,"UTA",40.7683,-111.9011,-7,2024-03-23,48,29.7508,-95.3621,1201.92942622791,2481.37911495704,-6,1,-1,0.5,0.868235675098704,0.285714285714286,55.131665360433,-5.78170731707317,-7.71829268292683,"2023-24"
22301058,"2024-03-27","UTA","UTASAS","H","L",111,-7,102.1,110,-7.9,"UTA",40.7683,-111.9011,-7,2024-03-25,48,40.7683,-111.9011,0,2481.37911495704,-7,0,0,0.5,0.868235675098704,0,45.6078558366235,-5.78170731707317,-2.11829268292683,"2023-24"
22301072,"2024-03-29","UTA","UTAHOU","H","L",100,-1,101.7,102.7,-1.1,"UTA",40.7683,-111.9011,-7,2024-03-27,48,40.7683,-111.9011,0,2481.37911495704,-7,0,0,0.5,0.868235675098704,0,45.6078558366235,-5.78170731707317,4.68170731707317,"2023-24"
22301086,"2024-03-31","UTA","SAC","A","L",106,-21,110,132.1,-22.1,"SAC",38.5805,-121.4993,-8,2024-03-29,48,40.7683,-111.9011,532.618318901091,3013.99743385813,-7,1,-1,0.5,0.88982574709671,0.285714285714286,55.8513344270332,-5.78170731707317,-16.3182926829268,"2023-24"
22301100,"2024-04-02","UTA","UTACLE","H","L",113,-16,106.7,127,-20.3,"UTA",40.7683,-111.9011,-7,2024-03-31,48,38.5805,-121.4993,532.618318901091,2683.41948650008,-8,1,1,0.5,0.876926623222307,0.428571428571429,60.1832683931245,-5.78170731707317,-14.5182926829268,"2023-24"
22301126,"2024-04-05","UTA","LAC","A","L",102,-29,97.4,123.7,-26.3,"LAC",34.043,-118.2673,-8,2024-04-02,72,40.7683,-111.9011,581.662923597926,3075.84421177657,-7,1,-1,0,0.892081089171835,0.285714285714286,39.2598458295374,-5.78170731707317,-20.5182926829268,"2023-24"
22301142,"2024-04-07","UTA","GSW","A","L",110,-8,113.1,118.4,-5.3,"GSW",37.768,-122.3877,-8,2024-04-05,48,34.043,-118.2673,345.872056985533,3194.70104461355,-8,0,0,0.5,0.896290888202365,0,46.5430296067455,-5.78170731707317,0.481707317073171,"2023-24"
22301154,"2024-04-09","UTA","UTADEN","H","L",95,-16,94.3,115.8,-21.5,"UTA",40.7683,-111.9011,-7,2024-04-07,48,37.768,-122.3877,598.218575101357,2590.990193487,-8,1,1,0.5,0.873034876408736,0.428571428571429,60.0535434993388,-5.78170731707317,-15.7182926829268,"2023-24"
22301168,"2024-04-11","UTA","UTAHOU","H","W",124,3,124.1,122.6,1.5,"UTA",40.7683,-111.9011,-7,2024-04-09,48,40.7683,-111.9011,0,2590.990193487,-7,0,0,0.5,0.873034876408736,0,45.7678292136245,-5.78170731707317,7.28170731707317,"2023-24"
22301184,"2024-04-12","UTA","LAC","A","W",110,1,106.8,112,-5.2,"LAC",34.043,-118.2673,-8,2024-04-11,24,40.7683,-111.9011,581.662923597926,3172.65311708492,-7,1,-1,1,0.895521929287262,0.285714285714286,72.7078738333849,-5.78170731707317,0.581707317073171,"2023-24"
22301198,"2024-04-14","UTA","GSW","A","L",116,-7,113.7,121.6,-8,"GSW",37.768,-122.3877,-8,2024-04-12,48,34.043,-118.2673,345.872056985533,2985.90685516937,-8,0,0,0.5,0.888786057211748,0,46.2928685737249,-5.78170731707317,-2.21829268292683,"2023-24"
22300064,"2023-10-25","WAS","IND","A","L",120,-23,107.4,125.1,-17.8,"IND",39.7639,-86.1555,-5,NA,NA,NA,NA,0,NA,NA,0,0,0,0,0,0,-8.49634146341463,-9.30365853658537,"2023-24"
22300089,"2023-10-28","WAS","WASMEM","H","W",113,7,109,99.1,9.9,"WAS",38.8981,-77.021,-5,2023-10-25,72,39.7639,-86.1555,492.162868878542,NA,-5,0,0,0,0,0,0,-8.49634146341463,18.3963414634146,"2023-24"
22300103,"2023-10-30","WAS","WASBOS","H","L",107,-19,104.5,116.6,-12.1,"WAS",38.8981,-77.021,-5,2023-10-28,48,38.8981,-77.021,0,NA,-5,0,0,0.5,0,0,16.6666666666667,-8.49634146341463,-3.60365853658537,"2023-24"
22300117,"2023-11-01","WAS","ATL","A","L",121,-9,107.9,115,-7.1,"ATL",33.7573,-84.3963,-5,2023-10-30,48,38.8981,-77.021,543.130987927522,NA,-5,0,0,0.5,0,0,16.6666666666667,-8.49634146341463,1.39634146341463,"2023-24"
22300003,"2023-11-03","WAS","MIA","A","L",114,-7,109.1,120.8,-11.7,"MIA",25.7814,-80.187,-5,2023-11-01,48,33.7573,-84.3963,606.660771618492,NA,-5,0,0,0.5,0,0,16.6666666666667,-8.49634146341463,-3.20365853658537,"2023-24"
22300148,"2023-11-06","WAS","PHI","A","L",128,-18,112.5,129.4,-16.9,"PHI",39.9012,-75.172,-5,2023-11-03,72,25.7814,-80.187,1018.75373005738,NA,-5,0,0,0,0,0,0,-8.49634146341463,-8.40365853658536,"2023-24"
22300157,"2023-11-08","WAS","CHA","A","W",132,16,124.5,110.1,14.5,"CHA",35.2251,-80.8392,-5,2023-11-06,48,39.9012,-75.172,448.328498580875,3109.03685706281,-5,0,0,0.5,0.893272888925263,0,46.4424296308421,-8.49634146341463,22.9963414634146,"2023-24"
22300009,"2023-11-10","WAS","WASCHA","H","L",117,-7,111.6,118.9,-7.2,"WAS",38.8981,-77.021,-5,2023-11-08,48,35.2251,-80.8392,330.029445741506,3439.06630280432,-5,0,0,0.5,0.904475041788933,0,46.8158347262978,-8.49634146341463,1.29634146341463,"2023-24"
22300178,"2023-11-12","WAS","BKN","A","L",94,-8,90.4,96.4,-6,"BKN",40.6826,-73.9754,-5,2023-11-10,48,38.8981,-77.021,203.54519791563,3150.44863184141,-5,0,0,0.5,0.894742091986,0,46.4914030662,-8.49634146341463,2.49634146341463,"2023-24"
22300189,"2023-11-13","WAS","TOR","A","L",107,-4,103.6,106.7,-3.1,"TOR",43.6435,-79.379,-5,2023-11-12,24,40.6826,-73.9754,344.413109831946,3494.86174167335,-5,0,0,1,0.906262074550391,0,63.5420691516797,-8.49634146341463,5.39634146341463,"2023-24"
22300192,"2023-11-15","WAS","WASDAL","H","L",117,-13,113.5,122.9,-9.5,"WAS",38.8981,-77.021,-5,2023-11-13,48,43.6435,-79.379,350.346567363286,3302.07732110912,-5,0,0,0.5,0.899961556707165,0,46.6653852235722,-8.49634146341463,-1.00365853658537,"2023-24"
22300028,"2023-11-17","WAS","WASNYK","H","L",99,-21,103.1,124,-20.9,"WAS",38.8981,-77.021,-5,2023-11-15,48,38.8981,-77.021,0,2695.41654949062,-5,0,0,0.5,0.877421907939559,0,45.9140635979853,-8.49634146341463,-12.4036585365854,"2023-24"
22300219,"2023-11-20","WAS","WASMIL","H","L",129,-13,125.4,134.8,-9.4,"WAS",38.8981,-77.021,-5,2023-11-17,72,38.8981,-77.021,0,1676.66281943324,-5,0,0,0,0.824716470549624,0,27.4905490183208,-8.49634146341463,-0.903658536585366,"2023-24"
22300225,"2023-11-22","WAS","CHA","A","L",114,-3,109.7,114.4,-4.7,"CHA",35.2251,-80.8392,-5,2023-11-20,48,38.8981,-77.021,330.029445741506,1558.36376659387,-5,0,0,0.5,0.816594573404938,0,43.8864857801646,-8.49634146341463,3.79634146341463,"2023-24"
22300049,"2023-11-24","WAS","MIL","A","L",128,-3,120.5,124.1,-3.7,"MIL",43.045,-87.917,-6,2023-11-22,48,35.2251,-80.8392,660.339159868779,1888.67348072115,-5,1,-1,0.5,0.837934136632255,0.285714285714286,54.121614078218,-8.49634146341463,4.79634146341463,"2023-24"
22300241,"2023-11-25","WAS","WASATL","H","L",108,-28,102.6,131,-28.4,"WAS",38.8981,-77.021,-5,2023-11-24,24,43.045,-87.917,636.574551145391,2321.70283395091,-6,1,1,1,0.860851047913107,0.428571428571429,76.3140825494845,-8.49634146341463,-19.9036585365854,"2023-24"
22300253,"2023-11-27","WAS","DET","A","W",126,19,113.2,97.8,15.3,"DET",42.341,-83.0552,-5,2023-11-25,48,38.8981,-77.021,396.173694071107,2373.46341819007,-5,0,0,0.5,0.863299039070036,0,45.4433013023345,-8.49634146341463,23.7963414634146,"2023-24"
22300259,"2023-11-29","WAS","ORL","A","L",120,-19,113.9,132.9,-19.1,"ORL",28.5392,-81.3839,-5,2023-11-27,48,42.341,-83.0552,959.261066494143,2982.37791732093,-5,0,0,0.5,0.888654753186316,0,46.2884917728772,-8.49634146341463,-10.6036585365854,"2023-24"
22300274,"2023-12-01","WAS","ORL","A","L",125,-5,115.1,119.8,-4.7,"ORL",28.5392,-81.3839,-5,2023-11-29,48,28.5392,-81.3839,0,2982.37791732093,-5,0,0,0.5,0.888654753186316,0,46.2884917728772,-8.49634146341463,3.79634146341463,"2023-24"
22301208,"2023-12-06","WAS","WASPHI","H","L",126,-5,120.6,122.5,-1.9,"WAS",38.8981,-77.021,-5,2023-12-01,120,28.5392,-81.3839,758.959908301962,3741.33782562289,-5,0,0,0,0.913829378972297,0,30.4609792990766,-8.49634146341463,6.59634146341463,"2023-24"
22301219,"2023-12-08","WAS","BKN","A","L",97,-27,93.1,118.2,-25.1,"BKN",40.6826,-73.9754,-5,2023-12-06,48,38.8981,-77.021,203.54519791563,3614.85357779701,-5,0,0,0.5,0.910010488790122,0,47.0003496263374,-8.49634146341463,-16.6036585365854,"2023-24"
22300295,"2023-12-11","WAS","PHI","A","L",101,-45,93.8,131.5,-37.7,"PHI",39.9012,-75.172,-5,2023-12-08,72,40.6826,-73.9754,83.10840164052,3037.62281956875,-5,0,0,0,0.890692698922691,0,29.6897566307564,-8.49634146341463,-29.2036585365854,"2023-24"
22300311,"2023-12-13","WAS","WASNOP","H","L",122,-20,116.7,130,-13.4,"WAS",38.8981,-77.021,-5,2023-12-11,48,39.9012,-75.172,120.750788954589,2521.79905737795,-5,0,0,0.5,0.870029642788435,0,45.6676547596145,-8.49634146341463,-4.90365853658537,"2023-24"
22300328,"2023-12-15","WAS","WASIND","H","W",137,14,119.7,106,13.7,"WAS",38.8981,-77.021,-5,2023-12-13,48,38.8981,-77.021,0,2125.62536330684,-5,0,0,0.5,0.851055163262763,0,45.0351721087588,-8.49634146341463,22.1963414634146,"2023-24"
22300347,"2023-12-17","WAS","PHX","A","L",108,-4,104,104.5,-0.4,"PHX",33.4457,-112.0712,-7,2023-12-15,48,38.8981,-77.021,1980.56253123197,3146.92682804467,-5,2,-1,0.5,0.894617899095402,0.571428571428571,65.5348823507991,-8.49634146341463,8.09634146341463,"2023-24"
22300358,"2023-12-18","WAS","SAC","A","L",131,-12,124.5,130.7,-6.1,"SAC",38.5805,-121.4993,-8,2023-12-17,24,33.4457,-112.0712,635.391669288317,3782.31849733299,-7,1,-1,1,0.91503905203882,0.285714285714286,73.3584445917702,-8.49634146341463,2.39634146341463,"2023-24"
22300381,"2023-12-21","WAS","POR","A","W",118,1,114.5,115.7,-1.2,"POR",45.5316,-122.6668,-8,2023-12-18,72,38.5805,-121.4993,484.522481968318,3507.88107099934,-8,0,0,0,0.906674956546429,0,30.2224985515476,-8.49634146341463,7.29634146341463,"2023-24"
22300386,"2023-12-22","WAS","GSW","A","L",118,-11,109.7,124.3,-14.6,"GSW",37.768,-122.3877,-8,2023-12-21,24,45.5316,-122.6668,537.207889971362,3841.54376305508,-8,0,0,1,0.916764317071707,0,63.8921439023902,-8.49634146341463,-6.10365853658537,"2023-24"
22300407,"2023-12-26","WAS","WASORL","H","L",119,-8,112,112.4,-0.4,"WAS",38.8981,-77.021,-5,2023-12-22,96,37.768,-122.3877,2437.04880459369,6195.48416600825,-8,3,1,0,0.969839112331453,1,65.6613037443818,-8.49634146341463,8.09634146341463,"2023-24"
22300416,"2023-12-27","WAS","WASTOR","H","L",102,-30,98.5,125.3,-26.8,"WAS",38.8981,-77.021,-5,2023-12-26,24,38.8981,-77.021,0,6074.73337705366,-5,0,0,1,0.967653314581066,0,65.5884438193689,-8.49634146341463,-18.3036585365854,"2023-24"
22300430,"2023-12-29","WAS","WASBKN","H","W",110,6,118.2,109.6,8.6,"WAS",38.8981,-77.021,-5,2023-12-27,48,38.8981,-77.021,0,6074.73337705366,-5,0,0,0.5,0.967653314581066,0,48.9217771527022,-8.49634146341463,17.0963414634146,"2023-24"
22300445,"2023-12-31","WAS","WASATL","H","L",126,-4,114.3,116.8,-2.5,"WAS",38.8981,-77.021,-5,2023-12-29,48,38.8981,-77.021,0,4094.17084582169,-5,0,0,0.5,0.923836608548132,0,47.4612202849377,-8.49634146341463,5.99634146341463,"2023-24"
22300465,"2024-01-03","WAS","CLE","A","L",101,-39,99.2,139.9,-40.8,"CLE",41.4965,-81.6882,-5,2023-12-31,72,38.8981,-77.021,305.063582319754,3763.84275885313,-5,0,0,0,0.914495312980132,0,30.4831770993377,-8.49634146341463,-32.3036585365854,"2023-24"
22300482,"2024-01-05","WAS","CLE","A","L",90,-24,89.5,115,-25.5,"CLE",41.4965,-81.6882,-5,2024-01-03,48,41.4965,-81.6882,0,3279.32027688481,-5,0,0,0.5,0.899193671103107,0,46.6397890367702,-8.49634146341463,-17.0036585365854,"2023-24"
22300494,"2024-01-06","WAS","WASNYK","H","L",105,-16,103.1,120.3,-17.2,"WAS",38.8981,-77.021,-5,2024-01-05,24,41.4965,-81.6882,305.063582319754,3047.1759692332,-5,0,0,1,0.891041346795549,0,63.0347115598516,-8.49634146341463,-8.70365853658537,"2023-24"
22300508,"2024-01-08","WAS","WASOKC","H","L",128,-8,122.2,131.3,-9.1,"WAS",38.8981,-77.021,-5,2024-01-06,48,38.8981,-77.021,0,610.127164639508,-5,0,0,0.5,0.712551640662533,0,40.4183880220844,-8.49634146341463,-0.603658536585366,"2023-24"
22300520,"2024-01-10","WAS","IND","A","L",104,-8,101.8,109.2,-7.4,"IND",39.7639,-86.1555,-5,2024-01-08,48,38.8981,-77.021,492.162868878542,1102.29003351805,-5,0,0,0.5,0.77816623705802,0,42.6055412352673,-8.49634146341463,1.09634146341463,"2023-24"
22300543,"2024-01-13","WAS","ATL","A","W",127,28,117.1,92.1,25,"ATL",33.7573,-84.3963,-5,2024-01-10,72,39.7639,-86.1555,426.738163666341,1529.02819718439,-5,0,0,0,0.814485150825767,0,27.1495050275256,-8.49634146341463,33.4963414634146,"2023-24"
22300558,"2024-01-15","WAS","WASDET","H","L",117,-12,117.2,123.9,-6.7,"WAS",38.8981,-77.021,-5,2024-01-13,48,33.7573,-84.3963,543.130987927522,2072.15918511191,-5,0,0,0.5,0.848226999059548,0,44.9408999686516,-8.49634146341463,1.79634146341463,"2023-24"
22300579,"2024-01-18","WAS","NYK","A","L",109,-4,106.2,105.2,1,"NYK",40.7505,-73.9934,-5,2024-01-15,72,38.8981,-77.021,205.614779911498,1972.71038270366,-5,0,0,0,0.842766946503306,0,28.0922315501102,-8.49634146341463,9.49634146341463,"2023-24"
22300594,"2024-01-20","WAS","WASSAS","H","L",127,-4,114.3,120.1,-5.8,"WAS",38.8981,-77.021,-5,2024-01-18,48,40.7505,-73.9934,205.614779911498,2178.32516261516,-5,0,0,0.5,0.853774047008802,0,45.1258015669601,-8.49634146341463,2.69634146341463,"2023-24"
22300602,"2024-01-21","WAS","WASDEN","H","L",104,-9,102.3,111.5,-9.2,"WAS",38.8981,-77.021,-5,2024-01-20,24,38.8981,-77.021,0,1873.2615802954,-5,0,0,1,0.837024546947169,0,61.2341515649056,-8.49634146341463,-0.703658536585365,"2023-24"
22300620,"2024-01-24","WAS","WASMIN","H","L",107,-11,103.1,112.6,-9.5,"WAS",38.8981,-77.021,-5,2024-01-21,72,38.8981,-77.021,0,1873.2615802954,-5,0,0,0,0.837024546947169,0,27.9008182315723,-8.49634146341463,-1.00365853658537,"2023-24"
22300628,"2024-01-25","WAS","WASUTA","H","L",108,-15,105.1,116.8,-11.8,"WAS",38.8981,-77.021,-5,2024-01-24,24,38.8981,-77.021,0,1381.09871141686,-5,0,0,1,0.803191159535507,0,60.1063719845169,-8.49634146341463,-3.30365853658537,"2023-24"
22300642,"2024-01-27","WAS","DET","A","W",118,14,114.3,101.1,13.2,"DET",42.341,-83.0552,-5,2024-01-25,48,38.8981,-77.021,396.173694071107,1350.53424182163,-5,0,0,0.5,0.800707318556051,0,43.356910618535,-8.49634146341463,21.6963414634146,"2023-24"
22300665,"2024-01-29","WAS","SAS","A","W",118,5,116.2,108.2,8,"SAS",29.427,-98.4375,-6,2024-01-27,48,42.341,-83.0552,1237.51263819674,2044.91589209085,-5,1,-1,0.5,0.846757750567575,0.285714285714286,54.4157345427287,-8.49634146341463,16.4963414634146,"2023-24"
22300676,"2024-01-31","WAS","WASLAC","H","L",109,-16,104.2,125.4,-21.2,"WAS",38.8981,-77.021,-5,2024-01-29,48,29.427,-98.4375,1384.91489151023,3224.21600368958,-6,1,1,0.5,0.897312009212272,0.428571428571429,60.8627812594567,-8.49634146341463,-12.7036585365854,"2023-24"
22300689,"2024-02-02","WAS","WASMIA","H","L",102,-8,99.8,108.5,-8.7,"WAS",38.8981,-77.021,-5,2024-01-31,48,38.8981,-77.021,0,3018.60122377808,-5,0,0,0.5,0.889995218418696,0,46.3331739472899,-8.49634146341463,-0.203658536585365,"2023-24"
22300705,"2024-02-04","WAS","WASPHX","H","L",112,-28,103.2,129.1,-25.9,"WAS",38.8981,-77.021,-5,2024-02-02,48,38.8981,-77.021,0,3018.60122377808,-5,0,0,0.5,0.889995218418696,0,46.3331739472899,-8.49634146341463,-17.4036585365854,"2023-24"
22300728,"2024-02-07","WAS","WASCLE","H","L",106,-8,105,108.9,-3.9,"WAS",38.8981,-77.021,-5,2024-02-04,72,38.8981,-77.021,0,3018.60122377808,-5,0,0,0,0.889995218418696,0,29.6665072806232,-8.49634146341463,4.59634146341463,"2023-24"
22300743,"2024-02-09","WAS","BOS","A","L",129,-4,116,122.8,-6.8,"BOS",42.3662,-71.0621,-5,2024-02-07,48,38.8981,-77.021,394.034709905986,3412.63593368406,-5,0,0,0.5,0.903618380433285,0,46.7872793477762,-8.49634146341463,1.69634146341463,"2023-24"
22300753,"2024-02-10","WAS","WASPHI","H","L",113,-6,107.4,110.1,-2.7,"WAS",38.8981,-77.021,-5,2024-02-09,24,42.3662,-71.0621,394.034709905986,3410.49694951894,-5,0,0,1,0.903548761798995,0,63.4516253932998,-8.49634146341463,5.79634146341463,"2023-24"
22300768,"2024-02-12","WAS","DAL","A","L",104,-8,89.2,100.5,-11.3,"DAL",32.7905,-96.8103,-6,2024-02-10,48,38.8981,-77.021,1184.25974625669,3357.24405757889,-5,1,-1,0.5,0.901801294213094,0.285714285714286,56.2505193309127,-8.49634146341463,-2.80365853658537,"2023-24"
22300784,"2024-02-14","WAS","NOP","A","L",126,-7,120.2,128.2,-8,"NOP",29.949,-90.0822,-6,2024-02-12,48,32.7905,-96.8103,443.181141038864,2415.51030710752,-6,0,0,0.5,0.865248660348389,0,45.5082886782796,-8.49634146341463,0.496341463414634,"2023-24"
22300800,"2024-02-22","WAS","DEN","A","L",110,-20,96.4,117.5,-21.2,"DEN",39.7487,-105.0077,-7,2024-02-14,192,29.949,-90.0822,1082.45093405792,3497.96124116544,-6,1,-1,0,0.90636050827005,0.285714285714286,39.7358264661445,-8.49634146341463,-12.7036585365854,"2023-24"
22300809,"2024-02-23","WAS","OKC","A","L",106,-41,93.6,135.8,-42.2,"OKC",35.4634,-97.5151,-6,2024-02-22,24,39.7487,-105.0077,506.099585168091,4004.06082633353,-7,1,1,1,0.921365324952038,0.428571428571429,78.3312251174489,-8.49634146341463,-33.7036585365854,"2023-24"
22300820,"2024-02-25","WAS","WASCLE","H","L",105,-9,102,114.1,-12.1,"WAS",38.8981,-77.021,-5,2024-02-23,48,35.4634,-97.5151,1151.54170476678,5155.60253110032,-6,1,1,0.5,0.949434989254553,0.428571428571429,62.6002139275327,-8.49634146341463,-3.60365853658537,"2023-24"
22300834,"2024-02-27","WAS","WASGSW","H","L",112,-11,104.3,113,-8.7,"WAS",38.8981,-77.021,-5,2024-02-25,48,38.8981,-77.021,0,4761.56782119433,-5,0,0,0.5,0.940605882678292,0,48.0201960892764,-8.49634146341463,-0.203658536585365,"2023-24"
22300856,"2024-02-29","WAS","LAL","A","L",131,-3,116.7,116,0.7,"LAL",34.043,-118.2673,-8,2024-02-27,48,38.8981,-77.021,2299.07294719351,6666.60605848185,-5,3,-1,0.5,0.977978233496074,0.857142857142857,77.8373696879644,-8.49634146341463,9.19634146341463,"2023-24"
22300865,"2024-03-01","WAS","LAC","A","L",115,-25,108.9,133.3,-24.4,"LAC",34.043,-118.2673,-8,2024-02-29,24,34.043,-118.2673,0,5482.34631222516,-8,0,0,1,0.956258900887615,0,65.2086300295872,-8.49634146341463,-15.9036585365854,"2023-24"
22300882,"2024-03-04","WAS","UTA","A","L",115,-12,105.4,115.9,-10.5,"UTA",40.7683,-111.9011,-7,2024-03-01,72,34.043,-118.2673,581.662923597926,5620.82809478422,-8,1,1,0,0.95902914985362,0.428571428571429,46.2533526141683,-8.49634146341463,-2.00365853658537,"2023-24"
22300894,"2024-03-06","WAS","WASORL","H","L",109,-10,112.6,123.6,-11,"WAS",38.8981,-77.021,-5,2024-03-04,48,40.7683,-111.9011,1845.04181518946,6383.41897591577,-7,2,1,0.5,0.973157726356534,0.714285714285714,72.9147813547416,-8.49634146341463,-2.50365853658537,"2023-24"
22300910,"2024-03-08","WAS","WASCHA","H","W",112,12,114.1,99.4,14.7,"WAS",38.8981,-77.021,-5,2024-03-06,48,38.8981,-77.021,0,5877.31939074767,-5,0,0,0.5,0.963984453545684,0,48.7994817848561,-8.49634146341463,23.1963414634146,"2023-24"
22300926,"2024-03-10","WAS","MIA","A","W",110,2,110.4,108.1,2.3,"MIA",25.7814,-80.187,-5,2024-03-08,48,38.8981,-77.021,925.78854484727,5651.56623082816,-5,0,0,0.5,0.959634789659022,0,48.6544929886341,-8.49634146341463,10.7963414634146,"2023-24"
22300940,"2024-03-12","WAS","MEM","A","L",97,-12,98.9,104.6,-5.6,"MEM",35.1382,-90.0505,-6,2024-03-10,48,25.7814,-80.187,873.480874428402,6525.04710525656,-5,1,-1,0.5,0.975594718040128,0.285714285714286,58.7103001251471,-8.49634146341463,2.89634146341463,"2023-24"
22300957,"2024-03-14","WAS","HOU","A","L",119,-16,109.8,124.4,-14.5,"HOU",29.7508,-95.3621,-6,2024-03-12,48,35.1382,-90.0505,484.59213074051,4710.56628880357,-6,0,0,0.5,0.939410032095805,0,47.9803344031935,-8.49634146341463,-6.00365853658537,"2023-24"
22300971,"2024-03-16","WAS","CHI","A","L",98,-29,97.3,126,-28.7,"CHI",41.8807,-87.6742,-6,2024-03-14,48,29.7508,-95.3621,942.365685800696,5652.93197460426,-6,0,0,0.5,0.959661622715277,0,48.6553874238426,-8.49634146341463,-20.2036585365854,"2023-24"
22300980,"2024-03-17","WAS","WASBOS","H","L",104,-26,102.8,129.3,-26.5,"WAS",38.8981,-77.021,-5,2024-03-16,24,41.8807,-87.6742,597.468211628551,5668.73726263489,-6,1,1,1,0.959971681862797,0.428571428571429,79.6181036811408,-8.49634146341463,-18.0036585365854,"2023-24"
22300992,"2024-03-19","WAS","WASHOU","H","L",114,-23,113.1,134.5,-21.4,"WAS",38.8981,-77.021,-5,2024-03-17,48,38.8981,-77.021,0,3823.69544744543,-5,0,0,0.5,0.916247201000185,0,47.2082400333395,-8.49634146341463,-12.9036585365854,"2023-24"
22301005,"2024-03-21","WAS","WASSAC","H","W",109,7,107.8,102.7,5.1,"WAS",38.8981,-77.021,-5,2024-03-19,48,38.8981,-77.021,0,3823.69544744543,-5,0,0,0.5,0.916247201000185,0,47.2082400333395,-8.49634146341463,13.5963414634146,"2023-24"
22301022,"2024-03-23","WAS","WASTOR","H","W",112,3,109.4,104.4,5.1,"WAS",38.8981,-77.021,-5,2024-03-21,48,38.8981,-77.021,0,2897.90690259816,-5,0,0,0.5,0.885464533837403,0,46.1821511279134,-8.49634146341463,13.5963414634146,"2023-24"
22301037,"2024-03-25","WAS","CHI","A","W",107,2,102,102.6,-0.6,"CHI",41.8807,-87.6742,-6,2024-03-23,48,38.8981,-77.021,597.468211628551,2621.89423979831,-5,1,-1,0.5,0.874351327620596,0.285714285714286,55.3355204444961,-8.49634146341463,7.89634146341463,"2023-24"
22301050,"2024-03-27","WAS","WASBKN","H","L",119,-3,110.7,115,-4.2,"WAS",38.8981,-77.021,-5,2024-03-25,48,41.8807,-87.6742,597.468211628551,2734.77032068635,-6,1,1,0.5,0.879031249696376,0.428571428571429,60.2534226089268,-8.49634146341463,4.29634146341463,"2023-24"
22301065,"2024-03-29","WAS","WASDET","H","L",87,-9,85.7,93.4,-7.7,"WAS",38.8981,-77.021,-5,2024-03-27,48,38.8981,-77.021,0,1792.40463488565,-5,0,0,0.5,0.832126455077693,0,44.4042151692564,-8.49634146341463,0.796341463414634,"2023-24"
22301081,"2024-03-31","WAS","WASMIA","H","L",107,-12,100.7,116.9,-16.2,"WAS",38.8981,-77.021,-5,2024-03-29,48,38.8981,-77.021,0,1194.9364232571,-5,0,0,0.5,0.787122173293282,0,42.9040724431094,-8.49634146341463,-7.70365853658537,"2023-24"
22301095,"2024-04-02","WAS","WASMIL","H","W",117,4,109.9,107.7,2.2,"WAS",38.8981,-77.021,-5,2024-03-31,48,38.8981,-77.021,0,1194.9364232571,-5,0,0,0.5,0.787122173293282,0,42.9040724431094,-8.49634146341463,10.6963414634146,"2023-24"
22301103,"2024-04-03","WAS","WASLAL","H","L",120,-5,110.4,113.9,-3.5,"WAS",38.8981,-77.021,-5,2024-04-02,24,38.8981,-77.021,0,1194.9364232571,-5,0,0,1,0.787122173293282,0,59.5707391097761,-8.49634146341463,4.99634146341463,"2023-24"
22301117,"2024-04-05","WAS","WASPOR","H","L",102,-6,102.8,106.3,-3.5,"WAS",38.8981,-77.021,-5,2024-04-03,48,38.8981,-77.021,0,1194.9364232571,-5,0,0,0.5,0.787122173293282,0,42.9040724431094,-8.49634146341463,4.99634146341463,"2023-24"
22301137,"2024-04-07","WAS","TOR","A","L",122,-8,111.7,113.7,-2,"TOR",43.6435,-79.379,-5,2024-04-05,48,38.8981,-77.021,350.346567363286,947.814778991838,-5,0,0,0.5,0.761412536604517,0,42.0470845534839,-8.49634146341463,6.49634146341463,"2023-24"
22301152,"2024-04-09","WAS","MIN","A","L",121,-9,118.1,127.4,-9.3,"MIN",44.9795,-93.276,-6,2024-04-07,48,43.6435,-79.379,693.140593045716,1043.487160409,-5,1,-1,0.5,0.772082829751359,0.285714285714286,51.9265705155215,-8.49634146341463,-0.803658536585367,"2023-24"
22301172,"2024-04-12","WAS","WASCHI","H","L",127,-2,119,121.3,-2.4,"WAS",38.8981,-77.021,-5,2024-04-09,72,44.9795,-93.276,933.875616991245,1977.36277740025,-6,1,1,0,0.843028451989301,0.428571428571429,42.3866626853577,-8.49634146341463,6.09634146341463,"2023-24"
22301186,"2024-04-14","WAS","BOS","A","L",122,-10,109.5,125.4,-15.9,"BOS",42.3662,-71.0621,-5,2024-04-12,48,38.8981,-77.021,394.034709905986,2371.39748730623,-5,0,0,0.5,0.863202358692752,0,45.4400786230917,-8.49634146341463,-7.40365853658537,"2023-24"
